Gacıroğlu,ao1exu1yrewao1ly
Gaffar,ao1fo1er
Gafir,ao1fo1yr
Gafur,ao1fo1wr
Galibe,ao1elbu1h
Galip,ao1elbu1
Gamze,ao1mro1h
Gani,ao1bo1y
Ganime,ao1bo1ymh
Ganimet,ao1bo1ymbo2
Ganiye,ao1ebo1yh
Garbi Karaağaç,ao1rbu1y fo2rh||eo6ao1exu3
Garibe,ao1rybu1h
Garip,ao1erbu1
Garip,ao1rybu1
Garzan,ao1erro1ebo1
Gavsi,ao1wbo3y
Gaydalı,ao1eydely
Gaye,ao1eyh
Gayret,ao1yrbo2
Gayur,ao1ywr
Gazal,ao1ro1el
Gazale,ao1ro1elh
Gazanfer,ao1zo1bo1fo1r
Gazel,ao1ro1l
Gâzi Anteb,ao1ero1y abu2bo1bo2ebu1
Gazi,ao1ero1y
Gazioğlu,ao1ero1y ewao1ly
Gebeş,ko7bu1so3
Geboloğlu,ko7bu1wl ewao1ly
Gebze,ko7bu1ro1h
Geçer,ko7xu3r
Geçioğlu,ko7xu3y ewao1ly
Gedikbaş,ko7dykbu1eso3
Gedikbay,ko7dykbu1ey
Gedik,ko7dyk
Gedikli,ko7dykly
Gedikoğlu,ko7dyk ewao1ly
Gediktaş,ko7dyktso3
Gedis,ko7dws
Gediz,ko7dyro1
Geldi,ko7ldy
Gelenay,ko7lbo1ey
Gelenbeğ,ko7lbo1bu1ko7
Gelener,ko7lbo1 eo5r
Gelengül,ko7lbo1ko7l
Gelibolu,ko7lbu2bu1wly
Gelincik,ko7lybo1xu1k
Gelinkız,ko7lybo1fo2yro1
Gelin,ko7lybo1
Gemalmaz,ko7melmero1
Gemici,ko7myxu1y
Gemlik,ko7mlbu2k
Gençağa,ko7bo1xu3 eo6ao1e
Genca,ko7bo1xu1h
Gencal,ko7bo1xu1el
Gencalp,ko7bo1xu1 eo6lbu3
Gençalp,ko7bo1xu3 eo6lbu3
Gencaslan,ko7bo1xu1 eo6slebo1
Gençaslan,ko7bo1xu3 eo6slebo1
Gencay,ko7bo1xu1ey
Gençay,ko7bo1xu3ey
Gence,ko7bo1xu1h
Gencel,ko7bo1xu1l
Gençel,ko7bo1xu3l
Gencer,ko7bo1xu1r
Gençer,ko7bo1xu3r
Gençkal,ko7bo1xu3 fo2el
Genç,ko7bo1xu1
Genç,ko7bo1xu3
Gençler,ko7bo1xu3lr
Gençoğlu,ko7bo1xu3 ewao1ly
Genco,ko7bo1xu1w
Gençsav,ko7bo1xu3zew
Gençsoy,ko7bo1xu3zwy
Gençsu,ko7bo1xu3zw
Gençtan,ko7bo1xu3bo2ebo1
Gençtürk,ko7bo1xu3 bo2rk
Gençtürk,ko7bo1xu3bo2wrk
Genez,ko7bo1ro1
Genlik,ko7bo1lk
Geray,ko7rey
Gerçeker,ko7rxu3k eo5r
Gerçeker,ko7rxu3kr
Gerçek,ko7rxu3k
Gercüş,ko7rxu1wso3
Gerede,ko7rdh
Gerede,ko7rh||dh
Gereze,krh||ro1h
Gerger,ko7rko7r
German,ko7rmebo1
Germen,ko7rmbo1
Germiyanoğlu,ko7rmyebo1 ewao1ly
Gevar,ko7wer
Gevaş,ko7weso3
Geveci,ko7wh xu1y
Gevecioğlu,ko7wh xu1y ewao1ly
Gevheri,ko7whry
Gevher,ko7whr
Geylani,ko7ylebo1y
Geyve,ko7bu2wh
Gezenay,ko7ro1bo1 eo6y
Gezer,ko7ro1r
Gezginer,ko7ro1ko7ybo1 eo5r
Gezgin,ko7ro1ko7ybo1
Gigin,ko7yko7ybo1
Girayalp,ko7yrey eo6lbu3
Girayer,ko7yrey eo5r
Girayhan,ko7yreyxo1ebo1
Giray,ko7yrey
Giresun,kbu2rh||swbo1
Girginalp,ko7yrko7ybo1 eo6lbu3
Girginer,ko7yrko7ybo1 eo5r
Girgin,ko7yrko7ybo1
Girginkoç,ko7yrko7ybo1fo2wxu3
Girit,ko7rbu2d
Giritli,ko7rbu2dly
Giritlioğlu,ko7yrybo2ly ewao1ly
Girizan,ko7ryro1ebo1
Gıyas,ao1yebo3
Gıyasettin,ao1yebo3 eldybo1
Gıyasi,ao1yebo3y
Gizay,ko7yro1ey
Gizem,ko7yro1m
Gizer,ko7yro1r
Giz,ko7yro1
Gizligider,ko7yro1ly ko7ydr
Gizmen,ko7yro1mbo1
Göbekli,ko7wbu1kly
Göcek,ko7wxu1k
Göçen,ko7wxu3bo1
Göçer,ko7wxu3r
Göçmen,ko7wxu3mbo1
Göğem,ko7wko7m
Gögen,ko7wko7bo1
Göğen,ko7wko7bo1
Göğünç,ko7wko7wbo1xu3
Göğüsger,ko7wko7sko7r
Göğüş,ko7wko7wso3
Gökakın,ko7wk eo6fo2ybo1
Gökalp,ko7wk eo6lbu3
Gökalp,kwk eo6lbu3
Gökay,ko7wk eo6y
Gökay,ko7wkey
Gökbaran,ko7wkbu1erebo1
Gökbay,ko7wkbu1ey
Gökbayrak,ko7wkbu1yrefo2
Gökbelen,ko7wkbu1lbo1
Gökbel,ko7wkbu1l
Gökben,ko7wkbu1bo1
Gökberk,ko7wkbu1rk
Gökbey,ko7wk bu1ko7
Gökbora,ko7wkbu1wre
Gökbörü,ko7wkbu1wrw
Gökbudak,ko7wkbu1wdefo2
Gökbudak,ko7wk bu1wdefo2
Gökbudun,ko7wkbu1wdwbo1
Gökbulut,ko7wkbu1wlwt
Gökcan,ko7wkxu1ebo1
Gökçebala,ko7wkxu3h bu1ele
Gökçebalan,ko7wkxu3h bu1elebo1
Gökçebel,ko7wkxu3h bu1l
Gökçebey,ko7wkxu3h bu1ko7
Gökçeer,ko7wkxu3h eo5r
Gökçek,ko7wkxu3k
Gökçe,ko7wkxu3h
Gökçelik,ko7wkxu3lyk
Gökçel,ko7wkxu3l
Gökçem,ko7wkxu3m
Gökcen,ko7wkxu1bo1
Gökçen,ko7wkxu3bo1
Gökçer,ko7wkxu3r
Gökçesu,ko7wkxu3h zw
Gökçil,ko7wkxu3yl
Gökçin,ko7wkxu3ybo1
Gökçül,ko7wkxu3wl
Gökçün,ko7wkxu3wbo1
Gökdalay,ko7wkdeley
Gökdal,ko7wkdel
Gökdemir,ko7wkdmyr
Gökdeniz,ko7wkdko3ro1
Gökdoğan,ko7wktwao1ebo1
Gökduman,ko7wkdwmebo1
Gökel,ko7wk eo5l
Göken,ko7wkbo1
Göker,ko7wkr
Gökgöl,ko7wkko7wl
Gökhan,ko7wkxo1ebo1
Gökhun,ko7wkxo1wbo1
Gökkan,ko7wkfo2ebo1
Gök,ko7wk
Göklevent,ko7wklwbo1d
Göklü,ko7wklw
Gökmenalp,ko7wkmbo1 eo6lbu3
Gökmener,ko7wkmbo1 eo5r
Gökmen,ko7wkmbo1
Gökmenoğlu,ko7wkmbo1 ewao1ly
Gökmete,ko7wkmbo2h
Göknar,ko7wkbo1er
Göknel,ko7wkbo1l
Göknil,ko7wkbo1yl
Göknur,ko7wkbo1wr
Gökperi,ko7wkbu3ry
Göksal,ko7wksel
Göksal,ko7wkzel
Göksaltuk,ko7wkzltwfo2
Gökşan,ko7wkso3ebo1
Göksan,ko7wkzebo1
Göksav,ko7wkzew
Göksay,ko7wkzey
Gökselen,ko7wkslbo1
Göksel,ko7wksl
Göksenin,ko7wksbo1ybo1
Göksen,ko7wksbo1
Gökşen,ko7wkso3bo1
Gökser,ko7wksr
Gökseven,ko7wkswbo1
Göksever,ko7wkswr
Göksev,ko7wksw
Göksidan,ko7wksydebo1
Gökşin,ko7wkso3ybo1
Göksoy,ko7wkzwy
Göksu,ko7wkzw
Göksun,ko7wkswbo1
Göksun,ko7wkzwbo1
Göktalay,ko7wk teley
Göktan,ko7wkbo2ebo1
Göktaş,ko7wkteso3
Göktaş,ko7wktso3
Göktay,ko7wkbo2ey
Gökten,ko7wkbo2bo1
Göktepe,ko7wkbo2bu3h
Göktöre,ko7wkbo2wrh
Göktuğ,ko7wkbo2wao1
Göktuğ,ko7wktwao1
Göktulga,ko7wktwlao1h
Göktuna,ko7wktwbo1h
Göktunç,ko7wkbo2wbo1xu3
Göktunç,ko7wktwbo1xu3
Göktürk,ko7wk bo2rk
Göktürk,ko7wkbo2wrk
Gökyay,ko7wkyey
Göle,ko7wlh
Gölet,ko7wlbo2
Gölge,ko7wlko7h
Gölhan,ko7wlxo1ebo1
Göllü,ko7wllw
Goloğlu,ao1wl ewao1ly
Gölpazarı,ko7wlbu3ero1ery
Gonca,ao1bo1xu1h
Goncafem,ao1bo1xu1h fo1m
Goncafer,ao1bo1xu1h fo1r
Goncagül,ao1bo1xu1h ko7l
Goncater,ao1bo1xu1h bo2r
Gonce,ao1bo1xu1h
Gönç,ko7wbo1xu3
Göncüoğlu,ko7wbo1xu1w ewao1ly
Göndem,ko7wbo1dm
Gönder,ko7wbo1dr
Gönenç,ko7wbo1bo1xu3
Gönener,ko7wbo1bo1 eo5r
Gönen,ko7wbo1bo1
Gönen,ko7wbo1ebo1
Gönensay,ko7wbo1bo1zey
Gönülay,ko7wko3l eo6y
Gönülden,ko7wko3ldbo1
Gönüldeş,ko7wko3ldso3
Gönül,ko7wko3l
Göral,ko7wrel
Görbil,ko7wrbu1yl
Gördes,ko7wrdws
Görele,ko7wrh||lh
Gören,ko7wrbo1
Görentaş,ko7wrbo1 teso3
Görez,ko7wrro1
Görgüç,ko7wrko7wxu3
Görgü,ko7wrko7w
Görgünay,ko7wrko7wbo1eo6y
Görgüncan,ko7wrko7wbo1xu1ebo1
Görgün,ko7wrko7wbo1
Görkel,ko7wrkl
Görkem,ko7wrkm
Görkemli,ko7wrkmly
Görker,ko7wrkr
Görkey,ko7wrky
Görk,ko7wrk
Görklü,ko7wrklw
Görkmen,ko7wrkmbo1
Gör,ko7wr
Görksev,ko7wrksw
Görmez,ko7wrmro1
Görsev,ko7wrsw
Görür,ko7wrr
Gövem,ko7wwm
Gövez,ko7wrro1
Gövsa,ko7wwse
Gövsa,ko7wwze
Göymen,ko7wymbo1
Göynük,ko7wbo1bu2k
Göyük,ko7wywk
Göyünç,ko7wywbo1xu3
Gözalan,ko7wro1 eo6lebo1
Gözal,ko7wro1el
Gözaydın,ko7wro1eo6ydybo1
Gözay,ko7wro1ey
Gözcü,ko7wro1xu1y
Gözde,ko7wro1dh
Gözegir,ko7wro1h ko7yr
Göze,ko7wro1h
Gözem,ko7wro1m
Gözenç,ko7wro1bo1xu3
Gözlem,ko7wro1lm
Gözlükaya,ko7wro1lw fo2eye
Gözlük,ko7wro1lwk
Gözübüyük,ko7wro1y bu1ywk
Gözügeçgel,ko7wro1y ko7xu3ko7l
Gözütok,ko7wro1wtwfo2
Grantay,ao1rebo1bo2ey
Gücal,ko7wxu1el
Güçal,ko7wxu3el
Gücalp,ko7wxu1 eo6lbu3
Güçalp,ko7wxu3 eo6lbu3
Güçbilmez,ko7wxu3 bu1ylmro1
Gücel,ko7wxu1l
Güçel,ko7wxu3l
Güçeren,ko7wxu3 eo5rbo1
Gücer,ko7wxu1r
Güçer,ko7wxu3r
Güçermiş,ko7wxu3 eo5rmso3
Güçhan,ko7wxu3xo1ebo1
Güçkanat,ko7wxu3fo2bo1ed
Güçkan,ko7wxu3fo2ebo1
Güç,ko7wxu3
Güçlübay,ko7wxu3lwbu1ey
Güçlüer,ko7wxu3lw eo5r
Güçlühan,ko7wxu3lwxo1ebo1
Güçlükhan,ko7wxu3lwkxo1ebo1
Güçlü,ko7wxu3lw
Güçlütürk,ko7wxu3lw bo2rk
Güçmen,ko7wxu3mbo1
Güçsalan,ko7wxu3 zelbo1
Güçsal,ko7wxu3zel
Güçsan,ko7wxu3zebo1
Güçsel,ko7wxu3sl
Gücümen,ko7wxu1wmbo1
Güçüm,ko7wxu3wm
Güçyener,ko7wxu3ybo1r
Güçyeter,ko7wxu3ybo2r
Güdek,ko7wdk
Güder,ko7wdr
Güfte,ko7fo1bo2h
Güher,ko7hr
Gülaç,ko7leo6xu3
Gülaçtı,ko7leo6xu3dy
Gülâfet,ko7wlefo1bo2
Gülal,ko7leo6l
Gülân,ko7leo6bo1
Gul,ao1wl
Gülara,ko7leo6re
Gülaslı,ko7lezly
Gülasya,ko7leo6syh
Gülâver,ko7leo6wr
Gülaydın,ko7leo6ydybo1
Gülayım,ko7leo6yym
Gülay,ko7ley
Gülayşe,ko7l aebo5so3h
Gülbadem,ko7lbu1edm
Gülbağ,ko7lbu1eao1
Gülbahar,ko7lbu1her
Gülbanu,ko7lbu1ebo1w
Gülbay,ko7wlbu1ey
Gülbeden,ko7lbu1dbo1
Gülbek,ko7wlbu1k
Gülbende,ko7lbu1bo1dh
Gülbeniz,ko7lbu1ko3ro1
Gülben,ko7lbu1bo1
Gülberk,ko7lbu1rk
Gülbeşeker,ko7lbu1h so3kr
Gülbeyaz,ko7lbu1yero1
Gülbeyi,ko7wl bu1ko7y
Gülbey,ko7wl bu1ko7
Gülbike,ko7lbu1ykh
Gülbikem,ko7lbu1ykm
Gülbil,ko7lbu1yl
Gülbin,ko7lbu1ybo1
Gülbitti,ko7lbu1ybo2dy
Gülbiz,ko7lbu1yro1
Gülboy,ko7lbu1wy
Gülbu,ko7lbu1w
Gülbün,ko7lbu1wbo1
Gülbüz,ko7lbu1wro1
Gülcanan,ko7lxu1ebo1ebo1
Gülcan,ko7lxu1ebo1
Gülcegün,ko7lxu1h ko7wbo1
Gülçehre,ko7lxu3hrh
Gülce,ko7lxu1h
Gülçe,ko7lxu3h
Gülcemal,ko7lxu1mel
Gülçiçek,ko7lxu3yxu3k
Gülcihan,ko7lxu1hebo1
Gülçimen,ko7lxu3ymbo1
Gülçin,ko7lxu3ybo1
Gülcügil,ko7lxu1wko7yl
Gülçün,ko7lxu3wbo1
Gülcüoğlu,ko7lxu1w ewao1ly
Güldalı,ko7ldely
Güldal,ko7ldel
Güldane,ko7ldebo1h
Güldan,ko7ldebo1
Güldeğer,ko7ldko7r
Güldehan,ko7ldhebo1
Güldehen,ko7ldhbo1
Güldemet,ko7ldmbo2
Güldem,ko7ldm
Güldeniz,ko7ldko3yro1
Gulden,ko7ldbo1
Gülden,ko7ldbo1
Güldenur,ko7ldh bo1wr
Gülderen,ko7ldrbo1
Gülder,ko7ldr
Güldermiş,ko7ldrmso3
Güldeste,ko7ldsbo2h
Güldilek,ko7ldylk
Güldoğan,ko7ltwao1ebo1
Güldoğan,ko7wl twao1ebo1
Güldöne,ko7ldwbo1h
Güldünya,ko7ldwbo1ye
Güldüren,ko7wldyrbo1
Gülebetin,ko7wlh bu1bo2ybo1
Gülece,ko7l exu1h
Güleçer,ko7wlh xu3r
Güleç,ko7lxu3
Güleç,ko7wlxu3
Güleda,ko7l ede
Gülefşan,ko7l efo1so3ebo1
Güleğen,ko7wl eko7bo1
Gülek,ko7lk
Gülek,ko7wlk
Gülel,ko7wll
Gülenay,ko7wlbo1ey
Gülendam,ko7l ebo1dem
Gülender,ko7wlbo1dr
Gülener,ko7lbo1r
Gülener,ko7wlbo1 eo5r
Gülengübin,ko7wlbo1ko7wbu1ybo1
Gülengül,ko7wlbo1ko7l
Gülen,ko7lbo1
Gülen,ko7wlbo1
Gülennur,ko7wlbo1bo1wr
Güleray,ko7wlreo6y
Gülercan,ko7wlrxu1ebo1
Güleren,ko7wl eo5rbo1
Gülergin,ko7wlrko7ybo1
Gülergün,ko7wlrko7wbo1
Güler,ko7lr
Güler,ko7wlr
Gülerman,ko7wlrmebo1
Gülersin,ko7wlrsybo1
Gülertan,ko7wlrbo2ebo1
Güleryüz,ko7wlrywro1
Gülesen,ko7l esbo1
Güleser,ko7l eo5bo3r
Gülesin,ko7l esybo1
Gülev,ko7lw
Güley,ko7ly
Gülez,ko7lro1
Gülfam,ko7lfo1em
Gülfeda,ko7lfo1de
Gülfem,ko7lfo1m
Gülferah,ko7lfo1rex
Gülfer,ko7lfo1r
Gülfeşan,ko7lfo1so3ebo1
Gülfeza,ko7lfo1zo1e
Gülfidan,ko7lfo1debo1
Gülfide,ko7lfo1ydh
Gülgen,ko7lko7bo1
Gülgez,ko7lko7ro1
Gülgonca,ko7lao1bo1xu1h
Gülgönül,ko7lko7wko3l
Gülgûne,ko7lko7wbo1h
Gülgüney,ko7lko7wbo1y
Gülgûn,ko7lko7wbo1
Gülgün,ko7lko7wbo1
Gülgüzel,ko7lko7wro1l
Gülhanım,ko7lxo1ebo1m
Gülhan,ko7lxo1ebo1
Gülhatır,ko7lxo1etr
Gülhatun,ko7lxo1ebo2wbo1
Gülhayat,ko7lxyebo2
Gülhiz,ko7lxo1yro1
Gülhuri,ko7lxwry
Gülinaz,ko7lybo1ero1
Gülinci,ko7lybo1xu1y
Gülipek,ko7lybu3k
Gülistan,ko7lysbo2ebo1
Gülizar,ko7lado1er
Güliz,ko7layro1
Güliz,ko7lyro1
Gülkadın,ko7lfo2edybo1
Gülkan,ko7lfo2ebo1
Gülkan,ko7wlfo2ebo1
Gülkız,ko7lfo2yro1
Gül,ko7l
Gülle,ko7llh
Güllüce,ko7llwxu1h
Güllühan,ko7llwxo1ebo1
Güllü,ko7llw
Güllülü,ko7llwly
Güllüşah,ko7llwso3eh
Güllüşan,ko7llwso3ebo1
Gülmen,ko7wlmbo1
Gülmisal,ko7lmbo3el
Gülmüş,ko7wmwso3
Gülnare,ko7lbo1erh
Gülnar,ko7lbo1er
Gülnar,ko7wlbo1er
Gülnazik,ko7lbo1ero1k
Gülneşe,ko7lbo1so3bo5h
Gülnihal,ko7lbo1hel
Gülnur,ko7lbo1wr
Gülnuş,ko7lbo1wso3
Gülören,ko7l ewrbo1
Gülören,ko7lwrbo1
Gülözer,ko7l ewro1r
Gülözer,ko7lwro1r
Gülöz,ko7lwro1
Gülpembe,ko7lbu3bo1bu1h
Gülperi,ko7lbu3ry
Gülpınar,ko7lbu3yko3er
Gülrenk,ko7lrbo1k
Gülriz,ko7lryro1
Gülruh,ko7lrwx
Gülru,ko7lrw
Gülşadiye,ko7lso3edyh
Gülşad,ko7lso3ed
Gülşahin,ko7wl so3ehybo1
Gülşah,ko7lso3eh
Gülsalın,ko7lzelko3
Gülsanem,ko7lsebo1m
Gülsan,ko7lsebo1
Gülşan,ko7lso3ebo1
Gülsay,ko7lzey
Gülsefa,ko7lzfo1e
Gülşehri,ko7lso3hry
Gülşeker,ko7lso3kr
Gülseli,ko7lsly
Gülselin,ko7lslybo1
Gülsel,ko7lsl
Gülsema,ko7lsme
Gülsemin,ko7lsmybo1
Gülsen,ko7lsbo1
Gülşen,ko7lso3bo1
Gülşeref,ko7lso3rfo1
Gülseren,ko7lsrbo1
Gülşerif,ko7lso3ryfo1
Gülserim,ko7lsrym
Gülser,ko7lsr
Gülseven,ko7lswbo1
Gülsever,ko7lswr
Gülsevi,ko7lswy
Gülsevil,ko7lswyl
Gülsevin,ko7lswybo1
Gülsev,ko7lsw
Gülsezer,ko7lsro1r
Gülsezin,ko7lsro1ybo1
Gülsima,ko7lsyme
Gülsimin,ko7lsymybo1
Gülsim,ko7lsym
Gülsinem,ko7lsybo1m
Gülsoy,ko7lzwy
Gülsu,ko7lzw
Gülsüme,ko7lswmh
Gülsüm,ko7lswm
Gülsuna,ko7lzwbo1h
Gülsunam,ko7lzwbo1em
Gülsunan,ko7lzwbo1ebo1
Gülsunar,ko7lzwbo1er
Gülsün,ko7lsbo1
Gülsün,ko7lswbo1
Gültab,ko7lbo2ebu1
Gültaç,ko7lbo2exu1
Gültane,ko7ltebo1h
Gültan,ko7lbo2ebo1
Gültaş,ko7wltso3
Gültaze,ko7lbo2ero1h
Gültekin,ko7lbo2kybo1
Gültekin,ko7wlbo2kybo1
Gülten,ko7lbo2bo1
Gültepe,ko7lbo2bu3h
Gülter,ko7lbo2r
Gültop,ko7ltwbu3
Gülümay,ko7lwmey
Gülüm,ko7lwm
Gülümşen,ko7lwmso3bo1
Gülümser,ko7lwmsr
Gülüş,ko7lwso3
Gülüstü,ko7lwsbo2w
Gülüt,ko7lwbo2
Gülveren,ko7lwyrbo1
Gülver,ko7lwr
Gülyurt,ko7lywrd
Gülyüz,ko7lywro1
Gülzar,ko7lro1er
Gülzemin,ko7lro1mybo1
Gülziba,ko7lro1ybu1e
Güman,ko7wmebo1
Gümberk,ko7wmbu1rk
Gümeç,ko7wmxu3
Gümüşel,ko7wmwso3 eo5l
Gümüşhacıköy,ko7mwso3 xexu1y||kwy
Gümüşhane,ko7mwso3xo1ebo1h
Gümüşhatun,ko7wmwso3xo1etwbo1
Gümüş,ko7wmwso3
Gümüşkurt,ko7wmwso3fo2wrbo2
Gümüşkut,ko7wmwso3fo2wbo2
Gümüşoğlu,ko7wmwso3 ewao1ly
Gümüşpala,ko7wmwso3bu3ele
Gümüştan,ko7wmwso3tebo1
Gümüştay,ko7wmwso3bo2ey
Gümüştekin,ko7wmwso3bo2kybo1
Günaç,ko7wbo1exu3
Günak,ko7wbo1 eo6fo2
Günalan,ko7wbo1 eo6lbo1
Günal,ko7wbo1el
Günalp,ko7wbo1 eo6lbu3
Günaltan,ko7wbo1 eo6lbo2ebo1
Günaltay,ko7wbo1elbo2ey
Günaltay,ko7wbo1 eo6lbo2ey
Günana,ko7wbo1ebo1h
Günan,ko7wbo1ebo1
Günaydın,ko7wbo1eydybo1
Günay,ko7wbo1ey
Günbatu,ko7wbo1bu1ebo2w
Günbay,ko7wbo1bu1ey
Günbek,ko7wbo1bu1k
Günbey,ko7wbo1bu1ko7
Günbey,ko7wbo1 bu1ko7
Günbulut,ko7wbo1bu1wlwt
Günçağ,ko7wbo1 xu3eao1
Günçe,ko7wbo1xu3h
Günçiçeği,ko7wbo1xu3yxu3ko7y
Günçiçek,ko7wbo1xu3yxu3k
Gündal,ko7wbo1del
Gündaş,ko7wbo1deso3
Günday,ko7wbo1dey
Gündemir,ko7wbo1dmyr
Gündeniz,ko7wbo1dko3ro1
Günden,ko7wbo1dbo1
Günder,ko7wbo1dr
Gündeş,ko7wbo1dso3
Gündoğan,ko7bo1twao1ebo1
Gündoğan,ko7wbo1twao1ebo1
Gündoğar,ko7wbo1twao1er
Gündoğdu,ko7wbo1twao1dw
Gündoğdu,ko7wbo1twao1dy
Gündoğmuş,ko7wbo1twao1mso3
Gündöndü,ko7wbo1dwbo1dw
Gündüzalp,ko7wbo1dwro1eo6lbu3
Gündüzbey,ko7wbo1dwro1bu1ko7
Gündüzhan,ko7wbo1dwro1xo1ebo1
Gündüz,ko7wbo1dwro1
Günebakan,ko7wbo1h bu1efo2ebo1
Güneç,ko7wbo1xu3
Günel,ko7wbo1l
Güneral,ko7wbo1reo6l
Güneralp,ko7wbo1reo6lbu3
Güneray,ko7wbo1reo6y
Güneren,ko7wbo1rbo1
Günergin,ko7wbo1rko7ybo1
Güneri,ko7wbo1ry
Günerim,ko7wbo1rym
Günerkan,ko7wbo1rfo2ebo1
Güner,ko7wbo1r
Günerman,ko7wbo1rmebo1
Güneşdoğdu,ko7wbo1so3 twao1dy
Güneşen,ko7wbo1so3bo1
Güneşhanım,ko7wbo1so3xo1ebo1m
Güneşhan,ko7wbo1so3xo1ebo1
Güneş,ko7wbo1so3
Güneştan,ko7wbo1so3bo2ebo1
Güneştan,ko7wbo1so3teko3
Güney,ko7wbo1y
Günfer,ko7wbo1fo1r
Güngörbey,ko7wbo1ko7wrbu1ko7
Güngördü,ko7wbo1ko7wrdy
Güngören,ko7wbo1ko7wrbo1
Güngör,ko7wbo1ko7wr
Güngörmüş,ko7wbo1ko7wrmso3
Güngöze,ko7wbo1ko7wro1h
Güngül,ko7wbo1ko7l
Günhan,ko7wbo1xo1ebo1
Günışık,ko7wbo1 eyso3yfo2
Günizi,ko7wbo1yro1y
Güniz,ko7wbo1yro1
Günizli,ko7wbo1yro1ly
Günkan,ko7wbo1fo2ebo1
Günkaya,ko7wbo1fo2eye
Gün,ko7wbo1
Günkurt,ko7wbo1fo2wrbo2
Günkutan,ko7wbo1fo2wbo2ebo1
Günkutan,ko7wbo1fo2wtebo1
Günkut,ko7wbo1fo2wbo2
Günkutlu,ko7wbo1fo2wbo2lw
Gün,kwbo1
Günmutlu,ko7wbo1mwbo2lw
Günnar,ko7wbo1bo1er
Günnaz,ko7wbo1bo1ero1
Günnur,ko7wbo1bo1wr
Günol,ko7wbo1wl
Günşah,ko7wbo1so3eh
Günsar,ko7wbo1zer
Günsav,ko7wbo1zew
Günseli,ko7wbo1sly
Günsel,ko7wbo1sl
Günsenin,ko7wbo1sbo1ybo1
Günşen,ko7wbo1so3bo1
Günseren,ko7wbo1srbo1
Günser,ko7wbo1sr
Günsili,ko7wbo1syly
Günşıray,ko7wbo1so3yrey
Günsu,ko7wbo1zw
Güntan,ko7wbo1bo2ebo1
Güntekin,ko7wbo1bo2kybo1
Günten,ko7wbo1bo2bo1
Güntimur,ko7wbo1bo2ymwr
Güntöre,ko7wbo1bo2wrh
Güntülü,ko7wbo1bo2wlw
Güntürk,ko7wbo1 bo2wrk
Güntürkün,ko7wbo1 bo2wrkko3
Güntürkün,ko7wbo1 bo2wrkwbo1
Günvar,ko7wbo1wer
Günver,ko7wbo1wr
Günver,ko7wbo1 wyr
Günyaruk,ko7wbo1yerwfo2
Günyeli,ko7wbo1 yly
Günyıl,ko7wbo1yyl
Günyol,ko7wbo1ywl
Günyüz,ko7wbo1ywro1
Güpgüp,ko7wbu3ko7wbu3
Gürakan,ko7wrefo2ebo1
Gürakın,ko7wrefo2ybo1
Gürak,ko7wrefo2
Gürak,ko7wreo6fo2
Güral,ko7wrel
Güran,ko7wrebo1
Gürarda,ko7wrerde
Gürata,ko7wreo6bo2e
Güray,ko7wrey
Gürbaşkan,ko7wrbu1eso3fo2ebo1
Gürbaş,ko7wrbu1eso3
Gürbay,ko7wrbu1ey
Gurbet,ao1rbu1bo2
Gürboğa,ko7wrbu1wao1h
Gürbüz,ko7wrbu1wro1
Gürcan,ko7wrxu1ebo1
Gürcistan,ko7rxu1sbo2ebo1
Gürcistan,ko7wrxu1sbo2ebo1
Gürcü,ko7rxu1bu2
Gürcü,ko7wrxu1y
Gürdal,ko7wrdel
Gürdere,ko7wrdrh
Güre,ko7wrh
Güreli,ko7wrh ly
Gürel,ko7wreo5l
Gürel,ko7wrl
Gürerk,ko7wrerk
Gürer,ko7wrr
Güres,ko7wrs
Güreş,ko7wrso3
Gürgân,ko7wrko7ebo1
Gürgen,ko7wrko7bo1
Gürhan,ko7wrxo1ebo1
Güriş,ko7wryso3
Gürkan,ko7wrfo2ebo1
Gür,ko7wr
Gürleyük,ko7wrlywk
Gürmen,ko7wrmbo1
Gürocak,ko7wrewxu1efo2
Gürol,ko7wrwl
Gürpınar,ko7wrbu3yko3er
Gürsan,ko7wrsebo1
Gürşan,ko7wrso3ebo1
Gürseler,ko7wrslr
Gürselin,ko7wrslybo1
Gürsel,ko7wrsl
Gürsen,ko7wrsbo1
Gürşen,ko7wrso3bo1
Gürses,ko7wrss
Gürsevil,ko7wrswyl
Gürsev,ko7wrsw
Gürsoy,ko7wrzwy
Gürsu,ko7wrzw
Gürten,ko7wrbo2bo1
Gürtunca,ko7wrtwbo1xu1e
Gürün,ko7rwbo1
Gürün,ko7wrwbo1
Güvel,ko7wwl
Güvenay,ko7wwbo1ey
Güvenç,ko7wwbo1xu3
Güvendiren,ko7wbo1dyrbo1
Güven,ko7wwbo1
Güvercin,ko7wko7rxu1ybo1
Güver,ko7wwr
Güzay,ko7wro1ey
Güze,ko7wro1h
Güzelay,ko7wro1ley
Güzelcan,ko7wro1lxu1ebo1
Güzelce,ko7wro1lxu1h
Güzelkılınç,ko7wro1l fo2ylybo1xu3
Güzel,ko7wro1l
Güzey,ko7wro1y
Güzide,ko7wro1ydh
Güzinay,ko7wro1ybo1ey
Güzingül,ko7wro1ybo1 ko7l
Güzin,ko7wro1ybo1
Güz,ko7wro1
