Abbas_'a,abu1o8esh,عبّاسه
Abbas_'tan,abu1o8esdbo1,عبّاسدن
Abbas_'ı,abu1o8esy,عبّاسی
Abbas_'ın,abu1o8esko3,عبّاسڭ
Abbas,abu1o8es,عبّاس
Abbasi,abu1esy,عباسی
Abbasi,abu1o8esy,عبّاسی
Abbasi_ler,abu1o8esylr,عبّاسیلر
Abbasi_leri,abu1o8esylry,عبّاسیلری
Abbasiye_'nin,abu1o8esyh||bo1ko3,عبّاسیه‌نڭ
Abbasiye,abu1o8esyh,عبّاسیه
Abbasiye,abu1o8esyh||,عبّاسیه‌
Abbasiye_nin,abu1o8esyh||bo1ko3,عبّاسیه‌نڭ
Abbasiye_sini,abu1o8esyh||sbo1y,عبّاسیه‌سنی
Abbasiye_yi,abu1o8esyh||yy,عبّاسیه‌یی
Abbasî,abu1o8esy,عبّاسی
Abbasî_ler,abu1o8esylr,عبّاسیلر
Abbasî_lerin,abu1o8esylrko3,عبّاسیلرڭ
Abbâs_'ı,abu1o8esy,عبّاسی
Abbâsî,abu1o8esy,عبّاسی
Abbâsî_ler,abu1o8esylr,عبّاسیلر
Aba,abu1e,عبا
Aba,eo6bu1e,آبا
Abaca,eo6bu1exu1h,آباجه
Abacan,eo6bu1exu1ebo1,آباجان
Abacı,eo6bu1exu1y,آباجی
Abadan,eo6bu1edebo1,آبادان
Abak,abu1efo2,عباق
Abak,eo6bu1efo2,آباق
Abalıoğlu,eo6bu1ely ewao1l,آبالی اوغل
Abanozoğlu,eo6bu1ebo1wro1 ewao1ly,آبانوز اوغلی
Abasıyanık,eo6bu1esy yebo1yfo2,آباسی یانیق
Abay,eo6bu1ey,آبای
Abayhan,eo6bu1eyxo1ebo1,آبایخان
Abaza,eo6bu1ero1e,آبازا
Abazoğlu,eo6bu1ero1 ewao1ly,آباز اوغلی
Abaç,ebu1exu3,اباچ
Abbas,abu1es,عباس
Abbasoğlu,abu1es ewao1ly,عباس اوغلی
Abdal,abu1del,عبدال
Abdi,abu1dy,عبدی
Abdik,abu1dyk,عبدیک
Abdil,abu1dyl,عبدیل
Abdulaziz,abu1delaro1yro1,عبدالعزیز
Abdulhalim,abu1delxlym,عبدالحلیم
Abdulhamid,abu1delxmyd,عبدالحمید
Abdulhamit,abu1delxmyd,عبدالحمید
Abdullah,abu1dellh,عبدالله
Abdullatif,abu1delltyfo1,عبداللطیف
Abdurrahman,abu1delrxmbo1,عبدالرحمن
Abdülazim,abu1delato1ym,عبدالعظیم
Abdülaziz,abu1delaro1yro1,عبدالعزیز
Abdülbaki,abu1delbu1efo2y,عبدالباقی
Abdülbari,abu1delbu1ery,عبدالباری
Abdülbasir,abu1delbu1ezyr,عبدالباصیر
Abdülbasit,abu1delbu1esyt,عبدالباسیط
Abdülcabbar,abu1delxu1bu1er,عبدالجبار
Abdülcebbar,abu1delxu1bu1er,عبدالجبار
Abdülcelil,abu1delxu1lyl,عبدالجلیل
AbdülcemAl,abu1delxu1mel,عبدالجمال
Abdülcevat,abu1delxu1wed,عبدالجواد
Abdülezel,abu1del ero1l,عبدال ازل
Abdülferit,abu1delfo1ryd,عبدالفرید
Abdülfettah,abu1delfo1bo2ex,عبدالفتاح
Abdülgaffar,abu1delao1fo1er,عبدالغفار
Abdülgaffur,abu1delao1fo1wr,عبدالغفور
Abdülgafur,abu1delao1fo1wr,عبدالغفور
Abdülgani,abu1delao1bo1y,عبدالغنی
Abdülhadi,abu1delhedy,عبدالهادی
Abdülhak,abu1delxfo2,عبدالحق
Abdülhakim,abu1delxkym,عبدالحکیم
Abdülhalik,abu1delxo1elfo2,عبدالخالق
Abdülhalim,abu1delxlym,عبدالحلیم
Abdülhamit,abu1delxmyd,عبدالحمید
Abdülhamitoğlu,abu1d elxmyd ewao1ly,عبد الحمید اوغلی
Abdülkadir,abu1delfo2dyr,عبدالقدیر
Abdülkahhar,abu1delfo2her,عبدالقهار
Abdülkerim,abu1delkrym,عبدالکریم
Abdüllatif,abu1delltyfo1,عبداللطیف
Abdüllâtif,abu1delltyfo1,عبداللطیف
Abdülmecit,abu1delmxu1yd,عبدالمجید
Abdülmelik,abu1delmlyk,عبدالملیک
Abdülmennan,abu1delmbo1ebo1,عبدالمنان
Abdülmetin,abu1delmbo2ybo1,عبدالمتین
Abdülnasır,abu1delbo1ezr,عبدالناصر
Abdülvahap,abu1delwhebu1,عبدالوهاب
Abdülvahit,abu1delwexd,عبدالواحد
Abdülâlim,abu1delaelm,عبدالعالم
Abdürrahim,abu1delrxym,عبدالرحیم
Abdürrahman,abu1delrxmbo1,عبدالرحمن
Abdürrauf,abu1delrwfo1,عبدالروف
Abdürrezzak,abu1delrro1efo2,عبدالرزاق
Abdürreşit,abu1delrso3yd,عبدالرشید
Abdüssamet,abu1delzmd,عبدالصمد
Abdüssami,abu1delsemy,عبدالسامی
Abdüsselâm,abu1delslem,عبدالسلام
Abdüssemi,abu1delsmya,عبدالسمیع
Abdüssettar,abu1delsbo2er,عبدالستار
Abdüzzeki,abu1deldo1ky,عبدالذکی
Abgül,eo6bu1ko7wl,آبگول
Abher,abu1hr,عبهر
Abid,aebu1d,عابد
Abide,aebu1dh,عابده
Abide,eo6bu1dh,آبده
Abidin,aebu1dybo1,عابدین
Abidinoğlu,aebu1dybo1 ewao1ly,عابدین اوغلی
Abiha,eo6bu1yxh,آبیحه
Abil,eo6bu1l,آبل
Abir,aebu1r,عابر
Abit,aebu1d,عابد
Abiye,eo6bu1yh,آبیه
Ablak,ebu1lefo2,ابلاق
Ablum,eo6bu1lwm,آبلوم
Abraş,eo6bu1reso3,آبراش
Abruy,eo6bu1rwy,آبروی
Abuzer,ebu1wdo1r,ابوذر
Abuşka,ebu1wso3fo2h,ابوشقه
Abıhayat,eo6bu1 xyebo2,آب حیات
Abır,aebu1r,عابر
Abıru,eo6bu1yrw,آبیرو
Acabey,exu1ebu1k,اجابک
Acahan,exu1exo1ebo1,اجاخان
Acar,eo6xu1er,آجار
Acara,eo6xu1erh,آجاره
Acaralp,exu1ereo6lbu3,اجارآلپ
Acarbay,eo6xu1erbu1ey,آجاربای
Acarbegüm,eo6xu1erbu1ko7wm,آجاربگوم
Acarbey,exu1erbu1ko7,اجاربگ
Acarbike,eo6xu1erbu1ykh,آجاربیکه
Acarbüke,eo6xu1erbu1wkh,آجاربوکه
Acarer,exu1erer,اجارار
Acarhatun,eo6xu1erxo1ebo2wbo1,آجارخاتون
Acarkan,eo6xu1erfo2bo1,آجارقن
Acarkatun,eo6xu1erfo2ebo2wbo1,آجارقاتون
Acarman,exu1ermebo1,اجارمان
Acarsoy,eo6xu1rzwy,آجرصوی
Acartürk,eo6xu1erbo2wrk,آجارتورک
Acaröz,exu1erwro1,اجاروز
Acatay,exu1ebo2ey,اجاتای
Acem,axu1m,عجم
Acemistân,axu1msbo2ebo1,عجمستان
Aclan,eo6xu1lebo1,آجلان
Acun,eo6xu1wbo1,آجون
Acunal,eo6xu1wbo1el,آجونال
Acunalp,eo6xu1wbo1 eo6lbu3,آجون آلپ
Acunbegim,eo6xu1wbo1bu1ko7ym,آجونبگیم
Acunbegüm,eo6xu1wbo1bu1ko7wm,آجونبگوم
Acunbike,eo6xu1wbo1bu1kh,آجونبکه
Acunbüke,eo6xu1wbo1bu1wkh,آجونبوکه
Acuner,eo6xu1wbo1 eo5r,آجون أر
Acungüneş,eo6xu1wbo1ko7wbo1so3,آجونگونش
Acunman,eo6xu1wbo1mebo1,آجونمان
Acunseven,eo6xu1wbo1swbo1,آجونسون
Acunışık,eo6xu1wbo1 eyso3yfo2,آجون ایشیق
Acıdaş,exu1ydeso3,اجیداش
Ada,eo6th,آطه
Adahan,eth xo1ebo1,اطه خان
Adak,eo6defo2,آداق
Adakan,eo6defo2ebo1,آداقان
Adal,azo1l,عضل
Adal,eo6del,آدال
Adal,ezo1l,اضل
Adalan,eo6tlh ko3,آطله ڭ
Adalet,adelbo2,عدالت
Adalı,azo1ly,عضلی
Adalı,eo6dely,آدالی
Adamış,eo6demyso3,آدامیش
Adan,eo6debo1,آدان
Adana,eo6tbo1h,آطنه
Adanır,eo6debo1yr,آدانیر
Adapazarı,eo6th||bu3ero1ery,آطه‌پازاری
Adar,eo6der,آدار
Adasal,eo6th sel,آطه سال
Adato,eo6tebo2w,آطاتو
Aday,edey,ادای
Adaş,eo6deso3,آداش
Adem,adm,عدم
Adem,eo6dm,آدم
Ademoğlu,eo6dm ewao1ly,آدم اوغلی
Adeviye,adwyh,عدویه
Adil,aedl,عادل
Adile,adylh,عدیله
Adilhan,aedlxo1ebo1,عادلخان
Adin,adybo1,عدین
Adin,eo6dybo1,آدین
Adlan,eo6dlebo1,آدلان
Adli,adly,عدلی
Adlı,eo6dly,آدلی
Adlığ,eo6dlyao1,آدلیغ
Adnan,adbo1ebo1,عدنان
Adni,adbo1y,عدنی
Adniye,adbo1yh,عدنیه
Adsoy,eo6dzwy,آدصوی
Adsız,eo6dsro1,آدسز
Adviye,adwyh,عدویه
Adıbelli,eo6dy bu1ly,آدی بلی
Adıgün,eo6dykwbo1,آدیکون
Adıgüzel,eo6dy ko7wro1l,آدی گوزل
Adın,eo6dbo1,آدن
Adın,eo6dko3,آدڭ
Adısanlı,eo6dy zebo1ly,آدی صانلی
Adısönmez,eo6dy swbo1mro1,آدی سونمز
Adıvar,eo6dy wer,آدی وار
Adıvar,eo6dywer,آدیوار
Adıyahşi,eo6dy yxo1so3y,آدی یخشی
Adıyaman,eo6dy bu2emebo1,آدی يامان
Adıyaman,eo6dyyemebo1,آدییامان
Adıyaman,eo6dy||bu2emebo1,آدی‌يامان
Adışah,eo6dyso3eh,آدیشاه
Afacan,eo6fo1exu1ebo1,آفاجان
Afak,eo6fo1efo2,آفاق
Afer,eafo1r,اعفر
Afet,eafo1bo2,اعفت
Afet,eo6fo1bo2,آفت
Affan,afo1ebo1,عفان
Afi,afo1y,عفی
Afi,eo6fo1y,آفی
Afif,afo1yfo1,عفیف
Afife,afo1yfo1h,عفیفه
Afitap,eo6fo1bo2ebu1,آفتاب
Afiye,aefo1yyh,عافییه
Afiyet,aefo1ybo2,عافیت
Afra,afo1re,عفرا
Afra,eo6fo1re,آفرا
Afyon Karahisar,eo6fo1bu2wbo1 fo2rh||xzer,آفيون قره‌حصار
Afyonoğlu,efo1ywbo1 ewao1ly,افیون اوغلی
Afşar,eo6fo1so3er,آفشار
Afşin,eo6fo1so3ybo1,آفشین
Agil,eo6ao1yl,آغیل
Agun,eo6ao1wbo1,آغون
Aguş,eo6ao1wso3,آغوش
Agâh,eo6ko7eh,آگاه
Ahen,eo6hbo1,آهن
Ahenk,eo6hbo1k,آهنک
Ahfeş,eo6hfo1so3,آهفش
Ahi,eo6xo1y,آخی
Ahlat,eo6xo1let,آخلاط
Ahmet,exmd,احمد
Ahsen,exsbo1,احسن
Ahter,exo1bo2r,اختر
Ahu,eo6xo1w,آخو
Ahıska,eo6xo1sxo1h,آخسخه
Ahıskalıoğlu,eo6xo1sxo1ly ewao1ly,آخسخلی اوغلی
Ailesine,aebo5lsbo1h,عائلسنه
Aişe,aebo5so3h,عائشه
Ajda,ero3de,اژدا
Ajlan,eo6ro3lebo1,آژلان
Ak,eo6fo2,آق
Aka,eo6fo2e,آقا
Akabay,eo6fo2ebu1ey,آقابای
Akabey,eo6fo2ebu1ko7,آقابگ
Akad,eo6fo2ed,آقاد
Akadlı,eo6fo2edly,آقادلی
Akagün,eo6fo2eko7wbo1,آقاگون
Akagündüz,eo6fo2e ko7wbo1dwro1,آقا گوندوز
Akagündüz,eo6fo2eko7wbo1dwro1,آقاگوندوز
Akal,eafo2l,اعقل
Akal,efo2l,اقل
Akal,eo6fo2el,آقال
Akalan,eo6fo2elebo1,آقالان
Akalp,eo6fo2elbu3,آقالپ
Akaltan,eo6fo2elbo2ebo1,آقالتان
Akalın,eo6fo2elybo1,آقالین
Akan,eo6fo2ebo1,آقان
Akanay,eo6fo2ebo1ey,آقانای
Akaner,eo6fo2ebo1r,آقانر
Akansu,eo6fo2ebo1zw,آقانصو
Akant,eo6fo2ebo1bo2,آقانت
Akanyıldız,eo6fo2ebo1 yyldro1,آقان ییلدز
Akar,eo6fo2er,آقار
Akarca,eo6fo2erxu1h,آقارجه
Akarcalı,eo6fo2erxu1e ly,آقارجا لی
Akarsel,eo6fo2ersl,آقارسل
Akarsu,eo6fo2erzw,آقارصو
Akartuna,eo6fo2ertwbo1h,آقارطونه
Akartürk,eo6fo2erbo2wrk,آقارتورک
Akarçay,eo6fo2erxu3ey,آقارچای
Akasma,eo6fo2ezmh,آقاصمه
Akasoy,eo6fo2ezwy,آقاصوی
Akata,eo6fo2ebo2e,آقاتا
Akatay,eo6fo2ebo2ey,آقاتای
Akay,eo6fo2ey,آقای
Akaydın,eo6fo2eydybo1,آقایدین
Akaygen,eo6fo2eyko7bo1,آقایگن
Akağan,eo6fo2eao1ebo1,آقاغان
Akbaba,eo6fo2bu1ebu1e,آقبابا
Akbacı,eo6fo2bu1exu1y,آقباجی
Akbal,eo6fo2bu1el,آقبال
Akbaran,eo6fo2bu1erebo1,آقباران
Akbatu,eo6fo2bu1ebo2w,آقباتو
Akbatur,eo6fo2bu1etwr,آقباطور
Akbay,eo6fo2bu1ey,آقبای
Akbayar,eo6fo2bu1eyer,آقبایار
Akbaytogan,eo6fo2bu1ey twao1ebo1,آقبای طوغان
Akbaş,eo6fo2bu1eso3,آقباش
Akbaşak,eo6fo2bu1eso3efo2,آقباشاق
Akbaşlı,eo6fo2bu1eso3ly,آقباشلی
Akbek,eo6fo2bu1k,آقبک
Akbel,eo6fo2bu1l,آقبل
Akbet,eo6fo2bu1bo2,آقبت
Akbey,eo6fo2bu1ko7,آقبگ
Akbil,eo6fo2bu1yl,آقبیل
Akbilge,eo6fo2bu1ylko7h,آقبیلگه
Akbora,eo6fo2bu1wrh,آقبوره
Akboy,eo6fo2bu1wy,آقبوی
Akboğa,eo6fo2bu1wao1h,آقبوغه
Akbudun,eo6fo2bu1wdwbo1,آقبودون
Akbulut,eo6fo2bu1wlwt,آقبولوط
Akburak,eo6fo2bu1refo2,آقبراق
Akburç,eo6fo2bu1wrxu1,آقبورج
Akburçak,eo6fo2bu1wrxu3efo2,آقبورچاق
Akbuğ,eo6fo2bu1wao1,آقبوغ
Akbörü,eo6fo2bu1wrw,آقبورو
Akbıyıkoğlu,eo6fo2bu1yyfo2 ewao1ly,آقبییق اوغلی
Akcan,eo6fo2xu1ebo1,آقجان
Akcebe,eo6fo2xu1bu1h,آقجبه
Akcivan,eo6fo2xu1webo1,آقجوان
Akdal,eo6fo2del,آقدال
Akdamar,eo6fo2tmer,آقطمار
Akdarı,eo6fo2dery,آقداری
Akdağ Mâden,eo6fo2deao1||madbo1,آقداغ‌معدن
Akdağ,eo6fo2deao1,آقداغ
Akdağ,eo6fo2teao1,آقطاغ
Akdemir,eo6fo2dmyr,آقدمیر
Akdeniz,eo6fo2dko3ro1,آقدڭز
Akdes,eo6fo2ds,آقدس
Akdik,eo6fo2dyk,آقدیک
Akdiken,eo6fo2dykbo1,آقدیکن
Akdil,eo6fo2dl,آقدل
Akdil,eo6fo2dyl,آقدیل
Akdolun,eo6fo2twlwbo1,آقطولون
Akdora,eo6fo2dwre,آقدورا
Akdoru,eo6fo2dwry,آقدوری
Akdoruk,eo6fo2dwrwfo2,آقدوروق
Akdoruk,eo6fo2twrwfo2,آقطوروق
Akdoğ,eo6fo2twao1,آقطوغ
Akdoğan,eo6fo2twao1ebo1,آقطوغان
Akdoğanlı,eo6fo2twao1ebo1ly,آقطوغانلی
Akdoğdu,eo6fo2twao1dy,آقطوغدی
Akdoğmuş,eo6fo2twao1mso3,آقطوغمش
Akdoğu,eo6fo2twao1y,آقطوغی
Akduman,eo6fo2dwmebo1,آقدومان
Akdur,eo6fo2dwr,آقدور
Akdurmuş,eo6fo2twrmso3,آقطورمش
Akdöl,eo6fo2dwl,آقدول
Akel,eo6kl,آکل
Aker,eo6fo2 eo5r,آق أر
Aker,eo6fo2r,آقر
Akergin,eo6fo2 eo5rko7ybo1,آق أرگین
Akerman,eo6fo2 eo5rmebo1,آق أرمان
Akersan,eo6fo2 eo5rsebo1,آق أرسان
Akersoy,eo6fo2 eo5rzwy,آق أرصوی
Akgil,eo6fo2ko7yl,آقگیل
Akgiray,eo6fo2ko7yrey,آقگیرای
Akgöl,eo6fo2ko7wl,آقگول
Akgöze,eo6fo2ko7wro1h,آقگوزه
Akgöztürk,eo6fo2ko7wro1bo2wrk,آقگوزتورک
Akgül,eo6fo2ko7l,آقگل
Akgün,eo6fo2ko7wbo1,آقگون
Akgündüz,eo6fo2ko7wbo1dwro1,آقگوندوز
Akgüner,eo6fo2ko7wbo1r,آقگونر
Akgüney,eo6fo2ko7wbo1y,آقگونی
Akgüneş,eo6fo2ko7wbo1so3,آقگونش
Akgüngör,eo6fo2ko7wbo1ko7wr,آقگونگور
Akgür,eo6fo2ko7wr,آقگور
Akgüç,eo6fo2ko7wxu3,آقگوچ
Akhan,eo6fo2xo1ebo1,آقخان
Akhanım,eo6fo2xo1ebo1m,آقخانم
Akhisar,eo6fo2xser,آقحسار
Akhun,eo6fo2xo1wbo1,آقخون
Akibe,aefo2bu1h,عاقبه
Akide,afo2ydh,عقیده
Akif,aekfo1,عاکف
Akife,aekfo1h,عاکفه
Akifoğlu,aekfo1 ewao1ly,عاکف اوغلی
Akil,afo2yl,عقیل
Akile,eo6klh,آکله
Akinci,eo6fo2 eybo1xu1y,آق اینجی
Akip,ekybu3,اکیپ
Akipek,eo6fo2 eybu3k,آق ایپک
Akiş,eo6fo2yso3,آقیش
Akkadın,eo6fo2fo2edybo1,آققادین
Akkan,eo6fo2fo2ebo1,آققان
Akkar,eo6fo2fo2er,آققار
Akkaya,eo6fo2 fo2ye,آق قیا
Akkaya,eo6fo2fo2eye,آققایا
Akkaynak,eo6fo2fo2eybo1efo2,آققایناق
Akkaş,eo6fo2fo2eso3,آققاش
Akkemik,eo6fo2kmyk,آقکمیک
Akkerman,eo6fo2 krmebo1,آق کرمان
Akkerman,eo6fo2krmebo1,آقکرمان
Akkiraz,eo6fo2 kyrero1,آق کیراز
Akkor,eo6fo2fo2wr,آققور
Akkoyun,eo6fo2fo2wywbo1,آققویون
Akkoyunlu,eo6fo2fo2wywbo1ly,آققویونلی
Akkoç,eo6fo2fo2wxu3,آققوچ
Akkurt,eo6fo2fo2wrbo2,آققورت
Akkutlu,eo6fo2fo2wbo2lw,آققوتلو
Akkuyaş,eo6fo2fo2wyeso3,آققویاش
Akkuyruk,eo6fo2||fo2wbu2rwfo2,آق‌قويروق
Akkuş,eo6fo2fo2wso3,آققوش
Akköprülü,eo6fo2 kwbu3ryly,آق کوپریلی
Akköz,eo6fo2kwro1,آقکوز
Akkılıç,eo6fo2fo2lyxu1,آققلیج
Akkın,eo6fo2fo2ybo1,آققین
Akkız,eo6fo2fo2yro1,آققیز
Aklan,eo6fo2lebo1,آقلان
Akman,eo6fo2mebo1,آقمان
Akmanalp,eo6fo2mebo1 eo6lbu3,آقمان آلپ
Akmaner,eo6fo2mebo1 eo5r,آقمان أر
Akmanlar,eo6fo2mebo1lr,آقمانلر
Akmansü,eo6fo2mebo1sw,آقمانسو
Akmaral,eo6fo2merel,آقمارال
Akmaç,eo6fo2mexu3,آقماچ
Akmeriç,eo6fo2mryxu3,آقمریچ
Akmumcu,eo6fo2mwmxu1y,آقمومجی
Aknoz,eo6fo2bo1wro1,آقنوز
Aknur,eo6fo2bo1wr,آقنور
Akol,eo6fo2wl,آقول
Akosman,eo6fo2 abo3mebo1,آق عثمان
Akova,eo6fo2wwh,آقووه
Akozan,eo6fo2 ewro1ebo1,آق اوزان
Akpay,eo6fo2bu3ey,آقپای
Akpolat,eo6fo2bu3wled,آقپولاد
Akpulat,eo6fo2bu3wled,آقپولاد
Akpınar,eo6fo2bu3yko3er,آقپیڭار
Aksak,eo6fo2sefo2,آقساق
Aksal,eo6fo2sel,آقسال
Aksal,eo6fo2zel,آقصال
Aksan,eo6fo2zebo1,آقصان
Aksaray,eo6fo2srey,آقسرای
Aksaraylı,eo6fo2sreyly,آقسرایلی
Aksarı,eo6fo2zery,آقصاری
Aksay,eo6fo2zey,آقصای
Akseki,eo6fo2sky,آقسکی
Aksel,eo6fo2sl,آقسل
Aksen,eo6fo2sbo1,آقسن
Akser,eo6fo2sr,آقسر
Akses,eo6fo2ss,آقسس
Akseven,eo6fo2swbo1,آقسون
Aksevil,eo6fo2swyl,آقسویل
Aksoley,eo6fo2zwly,آقصولی
Aksoy,eo6fo2zwy,آقصوی
Aksu,eo6fo2zw,آقصو
Aksun,eo6fo2zwbo1,آقصون
Aksuna,eo6fo2zwbo1e,آقصونا
Aksunar,eo6fo2zwbo1er,آقصونار
Aksuner,eo6fo2zwbo1r,آقصونر
Aksungur,eo6fo2zwbo1ao1wr,آقصونغور
Aksöyök,eo6fo2swywk,آقسویوک
Aksöz,eo6fo2swro1,آقسوز
Aksöğüt,eo6fo2swko7wbo2,آقسوگوت
Aksülün,eo6fo2swlwbo1,آقسولون
Aksünger,eo6fo2swbo1ko7r,آقسونگر
Aksüt,eo6fo2swbo2,آقسوت
Aksüyek,eo6fo2swyk,آقسویک
Aksın,eo6fo2zybo1,آقصین
Aktalay,eo6fo2bo2eley,آقتالای
Aktan,eo6fo2bo2ebo1,آقتان
Aktan,eo6fo2tebo1,آقطان
Aktar,eo6fo2bo2er,آقتار
Aktar,eo6fo2der,آقدار
Aktar,eo6fo2ter,آقطار
Aktay,eo6fo2bo2ey,آقتای
Aktaç,eo6fo2bo2exu3,آقتاچ
Aktaş,eo6fo2teso3,آقطاش
Aktekin,eo6fo2bo2kybo1,آقتکین
Aktemür,eo6fo2bo2mwr,آقتمور
Aktimur,eo6fo2bo2ymwr,آقتیمور
Aktin,eo6fo2bo2ybo1,آقتین
Aktolga,eo6fo2twlao1h,آقطولغه
Aktolun,eo6fo2twlwbo1,آقطولون
Aktulga,eo6fo2twlao1h,آقطولغه
Aktuna,eo6fo2twbo1e,آقطونا
Aktuna,eo6fo2twbo1h,آقطونه
Aktunç,eo6fo2bo2wbo1xu3,آقتونچ
Aktuğ,eo6fo2bo2wao1,آقتوغ
Aktün,eo6fo2bo2wbo1,آقتون
Aktürel,eo6fo2bo2wrl,آقتورل
Aktürk,eo6fo2bo2wrk,آقتورک
Aktı,eo6fo2dy,آقدی
Aktı,eo6fo2ty,آقطی
Akvarol,eo6fo2werwl,آقوارول
Akyazı,eo6fo2yero1y,آقیازی
Akyel,eo6fo2yl,آقیل
Akyipek,eo6fo2yybu3k,آقییپک
Akyiğit,eo6fo2yyko7ybo2,آقییگیت
Akyol,eo6fo2ywl,آقیول
Akyurt,eo6fo2ywrd,آقیورد
Akyön,eo6fo2ywbo1,آقیون
Akyürek,eo6fo2ywrk,آقیورک
Akyüz,eo6fo2ywro1,آقیوز
Akyıldız,eo6fo2yyldyro1,آقییلدیز
Akça,eo6fo2xu3h,آقچه
Akçaabat,eo6fo2xu3h||eo6bu1ed,آقچه‌آباد
Akçabay,eo6fo2xu3ebu1ey,آقچابای
Akçadağ,eo6fo2xu3h||deao1,آقچه‌داغ
Akçael,eo6fo2xu3h eo5l,آقچه أل
Akçagül,eo6fo2xu3eko7l,آقچاگل
Akçakan,eo6fo2xu3efo2ebo1,آقچاقان
Akçakaya,eo6fo2xu3efo2eye,آقچاقایا
Akçakoca,eo6fo2xu3exo1wexu1h,آقچاخواجه
Akçakıl,eo6fo2xu3efo2yl,آقچاقیل
Akçal,eo6fo2xu3el,آقچال
Akçalı,eo6fo2xu3ely,آقچالی
Akçalıoğlu,eo6fo2xu1ely ewao1ly,آقجالی اوغلی
Akçam,eo6fo2xu3em,آقچام
Akçan,eo6fo2xu3ebo1,آقچان
Akçaoğlu,eo6fo2xu3h ewao1ly,آقچه اوغلی
Akçasu,eo6fo2xu3h zw,آقچه صو
Akçatepe,eo6fo2xu3h bo2bu3h,آقچه تپه
Akçay,eo6fo2xu3ey,آقچای
Akçeel,eo6fo2xu3h eo5l,آقچه أل
Akçer,eo6fo2xu3r,آقچر
Akçin,eo6fo2xu3ybo1,آقچین
Akçit,eo6fo2xu3ybo2,آقچیت
Akçiçek,eo6fo2xu3yxu3k,آقچیچک
Akçora,eo6fo2xu3wre,آقچورا
Akçora,eo6fo2xu3wrh,آقچوره
Akçıl,eo6fo2xu3yl,آقچیل
Akçınar,eo6fo2xu3ybo1er,آقچینار
Akçığır,eo6fo2xu3yao1yr,آقچیغیر
Akönder,eo6fo2 ewko3dr,آق اوڭدر
Akören,eo6fo2 ewrbo1,آق اورن
Aköz,eo6fo2 ewro1,آق اوز
Aköz,eo6fo2wro1,آقوز
Akün,eo6fo2wbo1,آقون
Akünal,eo6fo2 ewbo1el,آق اونال
Aküzüm,eo6fo2wro1wm,آقوزوم
Akı,eo6fo2y,آقی
Akıalp,eo6fo2y eo6lbu3,آقی آلپ
Akıl,afo2l,عقل
Akılbek,afo2lbu1k,عقلبک
Akıllı,afo2lly,عقللی
Akıllıoğlu,aefo2lly ewao1ly,عاقللی اوغلی
Akıman,eo6fo2ymebo1,آقیمان
Akın,eo6fo2ybo1,آقین
Akınal,eo6fo2ybo1el,آقینال
Akınalp,eo6fo2ybo1 eo6lbu3,آقین آلپ
Akıncı,eo6fo2bo1xu1y,آقنجی
Akıncı,eo6fo2ybo1xu1y,آقینجی
Akıncıbay,eo6fo2ybo1xu1ybu1ey,آقینجیبای
Akıner,eo6fo2ybo1 eo5r,آقین أر
Akıneri,eo6fo2ybo1 eo5ry,آقین أری
Akıntan,eo6fo2ybo1teko3,آقینطاڭ
Akış,eo6fo2yso3,آقیش
Akışık,eo6fo2yso3yfo2,آقیشیق
Akşehir,eo6fo2so3hr,آقشهر
Akşemsettinoğlu,eo6fo2 so3ms eldybo1 ewao1ly,آق شمس الدین اوغلی
Akşener,eo6fo2so3bo1r,آقشنر
Akşit,eo6fo2so3ybo2,آقشیت
Akşın,eo6fo2so3ybo1,آقشین
Al,eo6l,آل
Ala,aly,علی
Ala,ealy,اعلی
Ala,eo6le,آلا
Alaaddin,aleceldybo1,علاءالدین
Alabay,eo6lebu1ey,آلابای
Alabaş,eo6lebu1eso3,آلاباش
Alabegim,eo6lebu1ko7ym,آلابگیم
Alabegüm,eo6lebu1ko7wm,آلابگوم
Alabezek,eo6lebu1ro1k,آلابزک
Alabora,eo6lebu1wre,آلابورا
Alaboyun,eo6lebu1wywbo1,آلابویون
Alaca,eo6lexu1e,آلاجا
Alacalı,eo6lexu1ely,آلاجالی
Alacan,eo6lexu1ebo1,آلاجان
Aladağ,eo6ledeao1,آلاداغ
Aladoğan,eo6letwao1ebo1,آلاطوغان
Alageyik,eo6leko7yyk,آلاگییک
Alagöz,eo6leko7wro1,آلاگوز
Alagün,eo6leko7wbo1,آلاگون
Alahan,eo6lexo1ebo1,آلاخان
Alakant,eo6lefo2ebo1bo2,آلاقانت
Alakoç,eo6lefo2wxu3,آلاقوچ
Alakurt,eo6lefo2wrbo2,آلاقورت
Alakuş,eo6lefo2wso3,آلاقوش
Alakız,eo6lefo2yro1,آلاقیز
Alan,eo6lebo1,آلان
Alanalp,eo6lebo1 eo6lbu3,آلان آلپ
Alanay,eo6lebo1eo6y,آلانآی
Alanbay,eo6lebo1bu1ey,آلانبای
Alaner,eo6lebo1r,آلانر
Alangoya,eo6lebo1ao1wyh,آلانغویه
Alangu,eo6lebo1ao1w,آلانغو
Alanur,eo6lebo1wr,آلانور
Alanya,eo6lebo1yh,آلانیه
Alapınar,eo6lebu3yko3er,آلاپیڭار
Alara,eo6lere,آلارا
Alat,eo6lebo2,آلات
Alatan,eo6lebo2ebo1,آلاتان
Alatay,eo6lebo2ey,آلاتای
Alataş,eo6leteso3,آلاطاش
Alay,eo6ley,آلای
Alaybey,eo6leybu1ko7,آلایبگ
Alayunt,eo6leywbo1bo2,آلایونت
Alaz,eo6lero1,آلاز
Alaçam,eo6lexu3em,آلاچام
Alaçuk,eo6lexu3wfo2,آلاچوق
Albay,eo6lbu1ey,آلبای
Albayrak,eo6lbu1eyrefo2,آلبایراق
Albeni,eo6lbu1bo1y,آلبنی
Albora,eo6lbu1wre,آلبورا
Alburak,eo6lbu1refo2,آلبراق
Alcan,eo6lxu1ebo1,آلجان
Alcılı,eo6lxu1yly,آلجیلی
Aldan,eo6ldebo1,آلدان
Aldemir,eo6ldmyr,آلدمیر
Aldeniz,eo6ldko3ro1,آلدڭز
Aldoğan,eo6ltwao1ebo1,آلطوغان
Alekseyev,eo6lksh yw,آلکسه یو
Alekseyev,eo6lksyw,آلکسیو
Aleksiyev,eo6lksyyw,آلکسییو
Alem,alm,علم
Alemdar,almder,علمدار
Alemdaroğlu,almderewao1ly,علمداراوغلی
Alemşah,almso3eh,علمشاه
Alev,eo6lw,آلو
Alevli,eo6lwly,آلولی
Alevnaz,eo6lwbo1ero1,آلوناز
Algan,eo6lao1ebo1,آلغان
Algu,eo6lao1w,آلغو
Algun,eo6lao1wbo1,آلغون
Algur,eo6lao1wr,آلغور
Algül,eo6lko7l,آلگل
Algün,eo6lko7wbo1,آلگون
Algın,eo6lao1ybo1,آلغین
Algış,eo6lao1yso3,آلغیش
Alhan,eo6lxo1ebo1,آلخان
Alhas,eo6lxo1ez,آلخاص
Ali,aly,علی
Alican,alyxu1ebo1,علیجان
Alicanoğlu,alyxu1ebo1 ewao1ly,علیجان اوغلی
Alihan,alyxo1ebo1,علیخان
Alika,alyfo2h,علیقه
Alim,aelm,عالم
Alime,alymh,علیمه
Alipek,aly bu3k,علی پک
Alisa,eo6lysh,آلیسه
Alise,eo6lysh,آلیسه
Aliyar,alyyer,علییار
Aliye,aelyh,عالیه
Aliş,alyso3,علیش
Alişah,alyso3eh,علیشاه
Alişan,alyso3ebo1,علیشان
Alişiroğlu,alyso3arewao1ly,علیشعراوغلی
Alkan,eo6lfo2ebo1,آلقان
Alkaş,eo6lfo2eso3,آلقاش
Alkin,eo6lkybo1,آلکین
Alkor,eo6lfo2wr,آلقور
Alkoç,eo6lfo2wxu3,آلقوچ
Alkun,eo6lfo2wbo1,آلقون
Alköz,eo6lkwro1,آلکوز
Alkılıç,eo6lfo2lyxu3,آلقلیچ
Alkım,eo6lfo2ym,آلقیم
Alkın,eo6lfo2ybo1,آلقین
Alkış,eo6lfo2yso3,آلقیش
Allah,ellh,الله
Allahverdi,eo6llh wyrdy,آلله ویردی
Allâh,ellh,الله
Allı,eo6lly,آللی
Allıkız,eo6llyfo2yro1,آللیقیز
Allıoğlu,eo6lly ewao1ly,آللی اوغلی
Almabanu,eo6lmebu1ebo1w,آلمابانو
Almagül,eo6lmeko7l,آلماگل
Almanya,eo6lmebo1bu2e,آلمانيا
Almila,eo6lmyle,آلمیلا
Almile,eo6lmylh,آلمیله
Almula,eo6lmwlh,آلموله
Almıla,eo6lmyle,آلمیلا
Alnar,eo6lbo1er,آلنار
Alnıak,eo6lbo1y efo2,آلنی اق
Alnıaçık,eo6lbo1y eo6xu3yfo2,آلنی آچیق
Aloğlu,eo6l ewao1ly,آل اوغلی
Alp,eo6lbu3,آلپ
Alpagu,eo6lbu3eao1w,آلپاغو
Alpak,eo6lbu3efo2,آلپاق
Alpar,eo6lbu3er,آلپار
Alparslan,eo6lbu3 eo6rslebo1,آلپ آرسلان
Alpartun,eo6lbu3 eo6rbo2wbo1,آلپ آرتون
Alpaslan,eo6lbu3 eo6slebo1,آلپ آسلان
Alpat,eo6lbu3ebo2,آلپات
Alpata,eo6lbu3 eo6bo2e,آلپ آتا
Alpay,eo6lbu3ey,آلپای
Alpaya,eo6lbu3eyh,آلپایه
Alpaydın,eo6lbu3 eo6ydybo1,آلپ آیدین
Alpayer,eo6lbu3eyr,آلپایر
Alpağan,eo6lbu3eao1ebo1,آلپاغان
Alpbilge,eo6lbu3 bu1ylkh,آلپ بیلکه
Alpdemir,eo6lbu3dmyr,آلپدمیر
Alpdoğan,eo6lbu3twao1ebo1,آلپطوغان
Alper,eo6lbu3r,آلپر
Alperen,eo6lbu3 eo5rbo1,آلپ أرن
Alperen,eo6lbu3rbo1,آلپرن
Alpergin,eo6lbu3 eo5rkybo1,آلپ أرکین
Alpermiş,eo6lbu3 eo5rmso3,آلپ أرمش
Alpertunga,eo6lbu3 eo5rtwbo1ao1h,آلپ أرطونغه
Alpgiray,eo6lbu3 ko7yrey,آلپ گیرای
Alphan,eo6lbu3xo1ebo1,آلپخان
Alpiskender,eo6lbu3 eskbo1dr,آلپ اسکندر
Alpkan,eo6lbu3fo2ebo1,آلپقان
Alpkanat,eo6lbu3fo2bo1ed,آلپقناد
Alpkartal,eo6lbu3 fo2rbo2el,آلپ قرتال
Alpkartal,eo6lbu3fo2erbo2el,آلپقارتال
Alpkutlu,eo6lbu3fo2wbo2lw,آلپقوتلو
Alpkülük,eo6lbu3kwlwk,آلپکولوک
Alpkın,eo6lbu3fo2ybo1,آلپقین
Alpman,eo6lbu3mebo1,آلپمان
Alpnur,eo6lbu3bo1wr,آلپنور
Alpoğan,eo6lbu3 ewao1ebo1,آلپ اوغان
Alpsar,eo6lbu3zer,آلپصار
Alpsoy,eo6lbu3zwy,آلپصوی
Alpsü,eo6lbu3sw,آلپسو
Alptekin,eo6lbu3bo2kybo1,آلپتکین
Alptemoçin,eo6lbu3bo2mwxu3ybo1,آلپتموچین
Alptoğan,eo6lbu3twao1ebo1,آلپطوغان
Alptuğ,eo6lbu3bo2wao1,آلپتوغ
Alpyürek,eo6lbu3ywrk,آلپیورک
Alpyürük,eo6lbu3ywrwk,آلپیوروک
Alpçetin,eo6lbu3xu3bo2ybo1,آلپچتین
Alsan,eo6lsebo1,آلسان
Alsancak,eo6lsbo1xu1efo2,آلسنجاق
Alsevin,eo6lswybo1,آلسوین
Alsoy,eo6lzwy,آلصوی
Alsu,eo6lzw,آلصو
Altabev,eo6lbo2ebu1w,آلتابو
Altan,eo6lbo2ebo1,آلتان
Altaner,eo6lbo2ebo1r,آلتانر
Altav,eo6lbo2ew,آلتاو
Altav,eo6ltwa,آلطوع
Altay,eo6lbo2ey,آلتای
Altaç,eo6lbo2exu3,آلتاچ
Altaş,eo6lteso3,آلطاش
Altemür,eo6lbo2mwr,آلتمور
Alten,eo6lbo2bo1,آلتن
Altmışyedioğlu,eo6lbo2myso3 ydy ewao1ly,آلتمیش یدی اوغلی
Altop,eo6ltwbu3,آلطوپ
Altoğan,eo6ltwao1ebo1,آلطوغان
Altun,eo6lbo2wbo1,آلتون
Altun,eo6lbo2ybo1,آلتین
Altuna,eo6ltwbo1h,آلطونه
Altunay,eo6lbo2wbo1 eo6y,آلتون آی
Altunbaş,eo6lbo2wbo1 bu1eso3,آلتون باش
Altuncan,eo6lbo2wbo1xu1ebo1,آلتونجان
Altuner,eo6lbo2wbo1 eo5r,آلتون أر
Altunhan,eo6lbo2wbo1 xo1ebo1,آلتون خان
Altunkaya,eo6lbo2wbo1fo2ye,آلتونقیا
Altuntaş,eo6lbo2wbo1 teso3,آلتون طاش
Altunç,eo6ltwbo1xu3,آلطونچ
Altunçağ,eo6lbo2wbo1 xu3eao1,آلتون چاغ
Altuğ,eo6lbo2wao1,آلتوغ
Altuğ,eo6ltwao1,آلطوغ
Altıkulaç,eo6lbo2y fo2wlexu3,آلتی قولاچ
Altın,eo6lbo2wbo1,آلتون
Altın,eo6lbo2ybo1,آلتین
Altınalmaz,eo6lbo2wbo1 eo6lmero1,آلتون آلماز
Altınay,eo6lbo2wbo1ey,آلتونای
Altınay,eo6lbo2ybo1 eo6y,آلتین آی
Altınbaran,eo6lbo2wbo1 bu1erebo1,آلتون باران
Altınbay,eo6lbo2wbo1 bu1ey,آلتون بای
Altınbaş,eo6lbo2wbo1 bu1eso3,آلتون باش
Altınbaş,eo6lbo2wbo1bu1eso3,آلتونباش
Altınbaşak,eo6lbo2ybo1bu1eso3efo2,آلتینباشاق
Altınbike,eo6lbo2ybo1bu1ykh,آلتینبیکه
Altıncan,eo6lbo2wbo1xu1ebo1,آلتونجان
Altındal,eo6lbo2ybo1del,آلتیندال
Altındağ,eo6lbo2wbo1deao1,آلتونداغ
Altındoğan,eo6lbo2wbo1twao1ebo1,آلتونطوغان
Altınel,eo6lbo2wbo1 eo5l,آلتون أل
Altıner,eo6lbo2wbo1 eo5r,آلتون أر
Altıngül,eo6lbo2ybo1ko7l,آلتینگل
Altınhan,eo6lbo2wbo1 xo1ebo1,آلتون خان
Altınhanım,eo6lbo2ybo1xo1ebo1m,آلتینخانم
Altınhatun,eo6lbo2ybo1xo1ebo2wbo1,آلتینخاتون
Altıniz,eo6lbo2ybo1 eyro1,آلتین ایز
Altınkaya,eo6lbo2wbo1 fo2eye,آلتون قایا
Altınkaya,eo6lbo2wbo1fo2ye,آلتونقیا
Altınkaynak,eo6lbo2wbo1fo2eybo1efo2,آلتونقایناق
Altınkılıç,eo6lbo2wbo1 fo2ylyxu3,آلتون قیلیچ
Altınkız,eo6lbo2ybo1fo2yro1,آلتینقیز
Altınnur,eo6lbo2ybo1bo1wr,آلتیننور
Altınok,eo6lbo2wbo1 ewfo2,آلتون اوق
Altınoğlu,eo6lbo2wbo1 ewao1ly,آلتون اوغلی
Altınsaç,eo6lbo2ybo1zexu3,آلتینصاچ
Altınsoy,eo6lbo2wbo1 zwy,آلتون صوی
Altınsoy,eo6lbo2wbo1zwy,آلتونصوی
Altıntaç,eo6lbo2ybo1bo2exu3,آلتینتاچ
Altıntaş,eo6lbo2wbo1 teso3,آلتون طاش
Altıntaş,eo6lbo2wbo1teso3,آلتونطاش
Altıntaş,eo6lbo2wbo1tso3,آلتونطش
Altıntop,eo6lbo2wbo1 twbu3,آلتون طوپ
Altıntop,eo6lbo2wbo1twbu3,آلتونطوپ
Altıntuğ,eo6lbo2wbo1 twao1,آلتون طوغ
Altınçiçek,eo6lbo2ybo1xu3yxu3k,آلتینچیچک
Altınöz,eo6lbo2wbo1 ewro1,آلتون اوز
Altınışık,eo6lbo2ybo1 eyso3yfo2,آلتین ایشیق
Altınışın,eo6lbo2ybo1 eyso3ybo1,آلتین ایشین
Altıok,eo6lbo2y ewfo2,آلتی اوق
Alucra,eo6lwxu1rh,آلوجره
Alver,eo6lwr,آلور
Alyipek,eo6lyybu3k,آلییپک
Alyot,eo6lywbo2,آلیوت
Alâmet,alembo2,علامت
Alçelik,eo6lxu3lyk,آلچلیک
Alçin,eo6lxu3ybo1,آلچین
Alçiçek,eo6lxu3yxu3k,آلچیچک
Alçık,eo6lxu3yfo2,آلچیق
Alçın,eo6lxu3ybo1,آلچین
Alçınsu,eo6lxu3ybo1zw,آلچینصو
Alıcı,eo6lyxu1y,آلیجی
Alım,eo6lym,آلیم
Alımlı,eo6lymly,آلیملی
Alınak,eo6lybo1efo2,آلیناق
Alıncak,eo6lybo1xu1efo2,آلینجاق
Alır,eo6lyr,آلیر
Alışan,eo6lyso3ebo1,آلیشان
Alışık,eo6lyso3yfo2,آلیشیق
Alışın,eo6lyso3ko3,آلیشڭ
Amanullah,emebo1 ellh,امان الله
Amasya,eo6mesbu2h,آماسيه
Amasyalı,eo6mesyh,آماسیه
Amaç,eo6mexu1,آماج
Amaç,eo6mexu3,آماچ
Amber,abo1bu1r,عنبر
Amerika,eo6mryfo2e,آمریقا
Amerikan,eo6mryfo2ebo1,آمریقان
Amiklioğlu,amyfo2ly ewao1ly,عمیقلی اوغلی
Amil,aeml,عامل
Amil,eo6ml,آمل
Amile,aemlh,عامله
Amine,eo6mybo1h,آمینه
Amir,aemr,عامر
Amir,eo6myr,آمیر
Amiran,eo6myrebo1,آمیران
Amire,aemrh,عامره
Amire,eo6mrh,آمره
Amre,amrh,عمره
Anabacı,eo6bo1h bu1exu1y,آنه باجی
Anabörü,eo6bo1h bu1wrw,آنه بورو
Anadol,eo6bo1etwl,آناطول
Anadolu,eo6bo1etwly,آناطولی
Anahanım,eo6bo1h fo2edybo1,آنه قادین
Anahanım,eo6bo1h xo1ebo1m,آنه خانم
Anakız,eo6bo1h fo2yro1,آنه قیز
Anamur,eo6bo1emwr,آنامور
Anar,eo6bo1er,آنار
Anar,eo6ko3er,آڭار
Anargül,eo6bo1erko7l,آنارگل
Anargül,eo6ko3erko7l,آڭارگل
Anber,abo1bu1r,عنبر
Ancı,eo6bo1xu1y,آنجی
Andak,eo6bo1defo2,آنداق
Andaç,eo6ko3dexu3,آڭداچ
Andelip,abo1dlybu1,عندلیب
Andican,eo6bo1dyxu1ebo1,آندیجان
Andiç,eo6bo1dyxu3,آندیچ
Andırın,eo6bo1dyrybo1,آندیرین
Andıç,eo6bo1dyxu3,آندیچ
Angı,eo6bo1ao1y,آنغی
Angıl,eo6bo1ao1yl,آنغیل
Angın,eo6bo1ao1ybo1,آنغین
Angıt,eo6bo1ao1ybo2,آنغیت
Angıt,eo6bo1ao1yt,آنغیط
Angış,eo6bo1ao1yso3,آنغیش
Anka,abo1fo2e,عنقا
Ankara,eo6bo1fo2rh,آنقره
Anlı,eo6ko3ly,آڭلی
Annak,eo6bo1bo1efo2,آنناق
Annak,eo6bo1bo1ek,آنناک
Ant,eo6bo1d,آند
Antalya,eo6bo1telyh,آنطالیه
Ançıbay,eo6bo1xu3ybu1ey,آنچیبای
Anı,eo6bo1y,آنی
Anık,eo6bo1yfo2,آنیق
Anıl,eo6ko3yl,آڭیل
Anılmış,eo6ko3ylmso3,آڭیلمش
Anıt,eo6bo1ybo2,آنیت
Anıt,eo6ko3bo2,آڭت
Apa,eo6bu3e,آپا
Apak,eo6bu3efo2,آپاق
Apakhan,eo6bu3efo2xo1ebo1,آپاقخان
Apaydın,eo6bu3eydybo1,آپایدین
Arab,arbu1,عرب
Arabacı,eo6rebu1h xu1y,آرابه جی
Arabistan,arbu1sbo2ebo1,عربستان
Aracı,eo6rexu1y,آراجی
Arafat,arfo1ebo2,عرفات
Aral,eo6rel,آرال
Aralık,eo6relfo2,آرالق
Aran,eo6rebo1,آران
Arapsun,arbu3swbo1,عرپسون
Arar,eo6rer,آرار
Aras,ars,عرس
Aras,eares,اعراس
Aras,eo6res,آراس
Araslı,arsly,عرسلی
Arat,arebo2,عرات
Arat,eo6rebo2,آرات
Araz,earezo1,اعراض
Araz,eo6rero1,آراز
Araç,eo6rexu1,آراج
Arbay,eo6rbu1ey,آربای
Arbaş,eo6rbu1eso3,آرباش
Arbek,eo6rbu1k,آربک
Arca,eo6rxu1e,آرجا
Arcan,eo6rxu1ebo1,آرجان
Arda,eo6rde,آردا
Arda,eo6rdh,آرده
Arda,eo6rzo1h,آرضه
Ardahan,eo6rdehel,آرداهال
Ardahan,eo6rdexo1ebo1,آرداخان
Ardakut,eo6rdefo2wbo2,آرداقوت
Ardemir,eo6rdmyr,آردمیر
Ardıl,eo6rdyl,آردیل
Ardıç,eo6rdyxu3,آردیچ
Ardıçoğlu,eo6rdyxu1 ewao1ly,آردیج اوغلی
Arefe,arfo1h,عرفه
Arel,eo6rl,آرل
Aren,eo6rbo1,آرن
Arer,eo6reo5r,آرأر
Arer,eo6rr,آرر
Argana,eo6rao1h bo1h,آرغه نه
Argeşo,eo6rko7so3w,آرگشو
Argu,eo6rao1w,آرغو
Argun,eo6rao1wbo1,آرغون
Arguç,eo6rao1wxu3,آرغوچ
Argüden,eo6rko7wdbo1,آرگودن
Argüder,eo6rko7wdr,آرگودر
Argün,eo6rko7wbo1,آرگون
Argın,eo6rao1ybo1,آرغین
Arhan,eo6rxo1ebo1,آرخان
Ari,eo6ry,آری
Arif,aerfo1,عارف
Arifağaoğlu,aerfo1 eo6ao1e ewao1ly,عارف آغا اوغلی
Arife,arko7h,عرگه
Arik,eo6ryk,آریک
Aritman,eo6rybo2mebo1,آریتمان
Arjantin,eo6rro3ebo1bo2ybo1,آرژانتین
Arkadaş,eo6rfo2edeso3,آرقاداش
Arkan,arfo2ebo1,عرقان
Arkan,eo6rfo2ebo1,آرقان
Arkant,eo6rfo2ebo1bo2,آرقانت
Arkay,eo6rfo2ey,آرقای
Arkayın,eo6rfo2eybo1,آرقاین
Arkoç,eo6rfo2wxu3,آرقوچ
Arkun,eo6rfo2wbo1,آرقون
Arkut,eo6rfo2wbo2,آرقوت
Arkın,eo6rfo2ybo1,آرقین
Arkış,eo6rfo2yso3,آرقیش
Arlan,eo6rlebo1,آرلان
Arman,eo6rmebo1,آرمان
Armaner,eo6rmebo1 eo5r,آرمان أر
Armanç,eo6rmebo1xu3,آرمانچ
Armağan,eo6rmao1ebo1,آرمغان
Arna,eo6rbo1e,آرنا
Arnavutluk,eo6rbo1ewwdlfo2,آرناوودلق
Arol,eo6rwl,آرول
Arpacı,eo6rbu3exu1y,آرپاجی
Arpacıoğlu,eo6rbu3exu1y ewao1ly,آرپاجی اوغلی
Arpad,eo6rbu3ed,آرپاد
Arpak,eo6rbu3efo2,آرپاق
Arpaçay,eo6rbu3exu3ey,آرپاچای
Arpağ,eo6rbu3eao1,آرپاغ
Arpınar,eo6rbu3yko3er,آرپیڭار
Arsal,eo6rsel,آرسال
Arsan,eo6rsebo1,آرسان
Arsel,eo6rsl,آرسل
Arseven,eo6rswbo1,آرسون
Arslan,eo6rslebo1,آرسلان
Arslaner,eo6rslebo1r,آرسلانر
Arslantürk,eo6rslebo1 bo2wrk,آرسلان تورک
Arsoy,eo6rzwy,آرصوی
Artam,eo6rbo2em,آرتام
Artan,eo6rbo2ebo1,آرتان
Artaç,eo6rbo2exu1,آرتاج
Artel,eo6rbo2l,آرتل
Artova,eo6rbo2wwe,آرتووا
Artuk,eo6rbo2wfo2,آرتوق
Artun,eo6rbo2wbo1,آرتون
Artunkal,eo6rbo2wbo1fo2el,آرتونقال
Artunç,eo6rtwbo1xu3,آرطونچ
Artut,eo6rbo2wbo2,آرتوت
Artuç,eo6rbo2wxu3,آرتوچ
Artvin,eo6rbo2wybo1,آرتوین
Artvinli,eo6rbo2wybo1ly,آرتوینلی
Artıkı,eo6rbo2yfo2y,آرتیقی
Aru,eo6rw,آرو
Arukan,eo6rwfo2ebo1,آروقان
Arukız,eo6rwfo2yro1,آروقیز
Arvas,eo6rwes,آرواس
Arvasi,eo6rwesy,آرواسی
Aryüz,eo6rywro1,آریوز
Arziye,erzo1y yh,ارضی یه
Arzu,arzo1w,عرضو
Arzu,eo6rro1w,آرزو
Arzugül,arzo1wko7l,عرضوگل
Arzugül,eo6rro1wko7l,آرزوگل
Arzuhan,eo6rro1wxo1ebo1,آرزوخان
Arzum,eo6rro1wm,آرزوم
Arzık,eo6rro1yfo2,آرزیق
Arı,eo6ry,آری
Arıbal,eo6ry bu1el,آری بال
Arıbaş,eo6ry bu1eso3,آری باش
Arıbaş,eo6rybu1eso3,آریباش
Arıboğa,eo6ry bu1wao1h,آری بوغه
Arıburun,eo6rybu1wrwbo1,آریبورون
Arıca,eo6ryxu1e,آریجا
Arıca,eo6ryxu1h,آریجه
Arıcan,eo6ryxu1ebo1,آریجان
Arıcı,eo6ryxu1y,آریجی
Arıel,eo6ry eo5l,آری أل
Arıer,eo6ry eo5r,آری أر
Arıhan,eo6ry xo1ebo1,آری خان
Arık,eo6ryfo2,آریق
Arıkal,eo6rykel,آریکال
Arıkan,eo6ryfo2ebo1,آریقان
Arıkboğa,eo6ryfo2bu1wao1h,آریقبوغه
Arıker,eo6ryfo2 eo5r,آریق أر
Arıkhan,eo6ryfo2xo1ebo1,آریقخان
Arıkiz,eo6rykyro1,آریکیز
Arıklı,eo6ryfo2ly,آریقلی
Arıkol,eo6ryfo2wl,آریقول
Arıkoğlu,eo6ryfo2 ewao1ly,آریق اوغلی
Arıkut,eo6ryfo2wbo2,آریقوت
Arıl,eo6ryl,آریل
Arıman,eo6rymebo1,آریمان
Arın,eo6rybo1,آرین
Arınç,eo6rybo1xu3,آرینچ
Arınık,eo6rybo1yfo2,آرینیق
Arıpınar,eo6rybu3yko3er,آریپیڭار
Arısal,eo6rysel,آریسال
Arısan,eo6ry sebo1,آری سان
Arısoy,eo6ryzwy,آریصوی
Arısu,eo6ryzw,آریصو
Arıtan,eo6rybo2ebo1,آریتان
Arıtaş,eo6ryteso3,آریطاش
Arıyüz,eo6ryywro1,آرییوز
Arıç,aryxu3,عریچ
Arıç,eo6ryxu3,آریچ
Arığ,eo6ryao1,آریغ
Arış,eo6ryso3,آریش
Arşimed,eo6rso3ymd,آرشیمد
Asaf,eo6zfo1,آصف
Asal,asel,عسال
Asal,eo6sel,آسال
Asalbegim,eo6selbu1ko7ym,آسالبگیم
Asalbegüm,eo6selbu1ko7wm,آسالبگوم
Asalet,ezelbo2,اصالت
Asan,eo6sebo1,آسان
Asan,eo6zebo1,آصان
Asbuzoğlu,azbu1ro1 ewao1ly,عصبز اوغلی
Asena,eo6sh bo1h,آسه نه
Asfer,eo6sfo1r,آسفر
Asil,asyl,عسیل
Asil,ezyl,اصیل
Asile,asylh,عسیله
Asile,ezylh,اصیله
Asiltürk,ezylbo2wrk,اصیلتورک
Asime,eo6symh,آسیمه
Asimegül,eo6symh,آسیمه
Asiye,eo6syh,آسیه
Aslan,eo6slebo1,آسلان
Aslaner,eo6slebo1 eo5r,آسلان أر
Aslanhan,eo6slebo1xo1ebo1,آسلانخان
Aslanlı,eo6slebo1ly,آسلانلی
Aslanoğlu,eo6slebo1 ewao1ly,آسلان اوغلی
Asliye,eo6zlyh,آصلیه
Aslı,eo6zly,آصلی
Aslıbey,eo6zly bu1ko7,آصلی بگ
Aslıgül,eo6zly ko7l,آصلی گل
Aslıhan,eo6zlyxo1ebo1,آصلیخان
Aslım,eo6zlm,آصلم
Aslınur,eo6zly bo1wr,آصلی نور
Asma,eo6zme,آصما
Asri,azry,عصری
Asu,eo6sw,آسو
Asude,eo6swdh,آسوده
Asuman,eo6smebo1,آسمان
Asutay,eo6swbo2ey,آسوتای
Asya,eo6sbu2e,آسيا
Asya,eo6sye,آسیا
Asya,eo6syh,آسیه
Asye,eo6syh,آسیه
Asıf,asyfo1,عسیف
Asılbanu,ezlbu1ebo1w,اصلبانو
Asılgül,ezl ko7l,اصل گل
Asım,aezm,عاصم
Asıma,aezmh,عاصمه
Ata,ate,عطا
Ata,eo6bo2e,آتا
Ataan,eo6bo2eebo1,آتاان
Atabay,eo6bo2ebu1ey,آتابای
Atabek,eo6bo2ebu1k,آتابک
Atabek,eo6bo2ebu1ko7,آتابگ
Atabey,eo6bo2ebu1ko7,آتابگ
Atabeyli,eo6bo2ebu1ko7ly,آتابگلی
Atabinen,eo6bo2e bu1ybo1bo1,آتا بینن
Atabörü,eo6bo2ebu1wrw,آتابورو
Atacan,eo6bo2h xu1ebo1,آته جان
Atadan,eo6bo2e debo1,آتا دان
Atademir,eo6bo2edmyr,آتادمیر
Ataergin,eo6bo2h eo5rko7ybo1,آته أرگین
Atagül,eo6bo2eko7l,آتاگل
Atagün,eo6bo2eko7wbo1,آتاگون
Atahan,eo6bo2exo1ebo1,آتاخان
Atak,eo6bo2efo2,آتاق
Atakan,eo6bo2efo2ebo1,آتاقان
Ataker,eo6bo2efo2 eo5r,آتاق أر
Atakul,eo6bo2efo2wl,آتاقول
Atakurt,eo6bo2efo2wrbo2,آتاقورت
Atakut,eo6bo2efo2wbo2,آتاقوت
Atalan,eo6bo2elebo1,آتالان
Atalar,eo6bo2elr,آتالر
Atalay,eo6bo2eley,آتالای
Atalmış,eo6bo2elmyso3,آتالمیش
Ataman,eo6bo2emebo1,آتامان
Atambay,eo6bo2embu1ey,آتامبای
Atamer,eo6bo2emr,آتامر
Atamtürk,eo6bo2embo2wrk,آتامتورک
Atan,eo6bo2ebo1,آتان
Ataner,eo6bo2ebo1r,آتانر
Atanur,eo6bo2ebo1wr,آتانور
Atanç,eo6bo2ebo1xu3,آتانچ
Ataol,eo6bo2e ewl,آتا اول
Ataoğlu,eo6bo2e ewao1ly,آتا اوغلی
Atasagun,eo6bo2eseao1wbo1,آتاساغون
Atasan,eo6bo2esebo1,آتاسان
Atasay,eo6bo2esey,آتاسای
Atasayan,eo6bo2ezeyebo1,آتاصایان
Atasev,eo6bo2esw,آتاسو
Ataseven,eo6bo2eswbo1,آتاسون
Atasever,eo6bo2eswr,آتاسور
Atasevin,eo6bo2eswybo1,آتاسوین
Atasoy,eo6bo2ezwy,آتاصوی
Atasü,eo6bo2esw,آتاسو
Atatuğ,eo6bo2ebo2wao1,آتاتوغ
Atatöre,eo6bo2ebo2wrh,آتاتوره
Atatüre,eo6bo2ebo2rh,آتاتره
Atatürk,eo6bo2ebo2wrk,آتاتورک
Ataullah,eatecellh,اعطاءالله
Atay,eo6bo2ey,آتای
Ataç,eo6bo2exu3,آتاچ
Ataöv,eo6bo2e eww,آتا اوو
Ataöv,eo6bo2eeww,آتااوو
Ataün,eo6bo2eewko3,آتااوڭ
Ataışık,eo6bo2e eyso3yfo2,آتا ایشیق
Ataş,atso3,عطش
Ateş,ebo2so3,اتش
Ateş,eo6bo2so3,آتش
Ateşalp,ebo2so3 eo6lbu3,اتش آلپ
Ateşoğlu,ebo2so3 ewao1ly,اتش اوغلی
Ateşoğulları,ebo2so3 ewao1wllry,اتش اوغوللری
Atfi,aetfo1y,عاطفی
Atgun,eo6bo2ao1wbo1,آتغون
Atik,abo2yfo2,عتیق
Atila,eo6bo2yle,آتیلا
Atila,eo6bo2ylh,آتیله
Atilla,eo6bo2ylle,آتیللا
Atime,etamh,اطعمه
Atina,ebo2bu2bo1e,اتينا
Atiye,eo6bo2yh,آتیه
Atlan,eo6bo2lebo1,آتلان
Atlas,etles,اطلاس
Atlı,eo6bo2ly,آتلی
Atlıhan,eo6bo2lyxo1ebo1,آتلیخان
Atlıoğlu,eo6bo2ly ewao1ly,آتلی اوغلی
Atlığ,eo6bo2lyao1,آتلیغ
Atmaca,eo6bo2mexu1h,آتماجه
Atom,eo6bo2wm,آتوم
Attila,eo6bo2bo2yle,آتتیلا
Attila,eo6bo2yle,آتیلا
Attilâ,eo6bo2yle,آتیلا
Atuf,atwfo1,عطوف
Atıcı,eo6bo2yxu1y,آتیجی
Atıf,aetfo1,عاطف
Atıfa,aetfo1h,عاطفه
Atıfe,aetfo1h,عاطفه
Atıl,aetl,عاطل
Atılay,eo6tyley,آطیلای
Atılgan,eo6bo2ylao1ebo1,آتیلغان
Atılgan,eo6tylao1ebo1,آطیلغان
Atığ,eo6bo2yao1,آتیغ
Avanos,eo6webo1ws,آوانوس
Avar,awer,عوار
Avar,eo6wer,آوار
Avcı,eo6wxu1y,آوجی
Avgın,eo6wao1ybo1,آوغین
Avhan,eo6wxo1ebo1,آوخان
Avkan,eo6wfo2ebo1,آوقان
Avni,awbo1y,عونی
Avniye,awbo1yh,عونیه
Avrupa,eo6wrwbu3e,آوروپا
Avundukluoğlu,eo6wwbo1dfo2ly ewao1ly,آووندقلی اوغلی
Avunç,eo6wwbo1xu3,آوونچ
Avustralya,eo6wsbo2relye,آوسترالیا
Avusturya,eo6wsbo2rye,آوستریا
Avşar,eo6wso3er,آوشار
Avşargil,eo6wso3erko7yl,آوشارگیل
Ay,eo4y,اَی
Ay,eo6y,آی
Aya,eo6ye,آیا
Ayaba,eo6yebu1e,آیابا
Ayal,eo6yel,آیال
Ayalan,eo6yelebo1,آیالان
Ayalp,eo6y eo6lbu3,آی آلپ
Ayalp,eo6yelbu3,آیالپ
Ayaltın,eo6yelbo2wbo1,آیالتون
Ayan,eo6yebo1,آیان
Ayana,eo6yebo1h,آیانه
Ayancık,ayebo1xu1fo2,عیانجق
Ayanfer,eo6yebo1fo1r,آیانفر
Ayanoğlu,eo6yebo1 ewao1ly,آیان اوغلی
Ayanç,eo6yebo1xu3,آیانچ
Ayar,ayer,عیار
Ayas,eo6yes,آیاس
Ayasun,eo6yezwbo1,آیاصون
Ayata,eo6yebo2e,آیاتا
Ayata,eo6yebo2h,آیاته
Ayataç,eo6yebo2exu3,آیاتاچ
Ayaydın,eo6yeo6ydybo1,آیآیدین
Ayaydın,eo6yeydybo1,آیایدین
Ayaz,eo6yero1,آیاز
Ayaça,eo6yexu3e,آیاچا
Ayaş,eo6yeso3,آیاش
Ayaşan,eo6yeso3ebo1,آیاشان
Ayaşlı,eo6yeso3ly,آیاشلی
Aybala,eo6ybu1ele,آیبالا
Aybanu,eo6ybu1ebo1w,آیبانو
Aybar,eo6ybu1er,آیبار
Aybars,eo6ybu1ers,آیبارس
Aybay,eo6ybu1ey,آیبای
Aybaş,eo6ybu1eso3,آیباش
Aybegim,eo6ybu1ko7ym,آیبگیم
Aybegüm,eo6ybu1ko7wm,آیبگوم
Aybek,eo6ybu1ko7,آیبگ
Ayben,eo6ybu1bo1,آیبن
Aybeniz,eo6ybu1ko3yro1,آیبڭیز
Ayberk,eo6ybu1rfo2,آیبرق
Aybet,eo6ybu1bo2,آیبت
Aybey,eo6ybu1ko7,آیبگ
Aybige,eo6ybu1yko7h,آیبیگه
Aybike,eo6ybu1ykh,آیبیکه
Aybir,eo6ybu1r,آیبر
Aybirgen,eo6ybu1rko7bo1,آیبرگن
Aybora,eo6ybu1wre,آیبورا
Ayboğa,eo6ybu1wao1h,آیبوغه
Aybüge,eo6ybu1wko7h,آیبوگه
Aybüke,eo6ybu1wkh,آیبوکه
Ayca,eo6yxu1e,آیجا
Aycagül,eo6yxu1eko7l,آیجاگل
Aycahan,eo6yxu1exo1ebo1,آیجاخان
Aycan,eo6yxu1ebo1,آیجان
Aycennet,eo6yxu1bo1bo2,آیجنت
Ayceren,eo6yxu1rbo1,آیجرن
Aycihan,eo6yxu1hebo1,آیجهان
Aycıl,eo6yxu1yl,آیجیل
Ayda,eo6yde,آیدا
Aydagül,eo6ydeko7l,آیداگل
Aydan,eo6ydebo1,آیدان
Aydanarı,eo6ydebo1ery,آیداناری
Aydanur,eo6ydebo1wr,آیدانور
Aydar,eo6yder,آیدار
Aydemir,eo6ydmyr,آیدمیر
Aydeniz,eo6ydko3bu2ro1,آیدڭيز
Aydenk,eo6ydbo1k,آیدنک
Aydil,eo6ydl,آیدل
Aydilek,eo6ydylk,آیدیلک
Aydinç,eo6ydybo1xu3,آیدینچ
Aydolu,eo6ytwlw,آیطولو
Aydolun,eo6ydwlwbo1,آیدولون
Aydonat,eo6ydwbo1ebo2,آیدونات
Aydoğan,eo6y twao1ebo1,آی طوغان
Aydoğan,eo6ytwao1ebo1,آیطوغان
Aydoğdu,eo6ytwao1dy,آیطوغدی
Aydoğmuş,eo6ytwao1mso3,آیطوغمش
Ayduru,eo6ytwrw,آیطورو
Aydın,eo6ydybo1,آیدین
Aydınalp,eo6ydybo1 eo5lbu3,آیدین ألپ
Aydınay,eo6ydybo1 eo6y,آیدین آی
Aydınbay,eo6ydybo1bu1ey,آیدینبای
Aydınbaş,eo6ydybo1bu1eso3,آیدینباش
Aydınbey,eo6ydybo1bu1ko7,آیدینبگ
Aydındağ,eo6ydybo1deao1,آیدینداغ
Aydındağ,eo6ydybo1teao1,آیدینطاغ
Aydınel,eo6ydybo1 el,آیدین ال
Aydıner,eo6ydybo1 eo5r,آیدین أر
Aydıner,eo6ydybo1 er,آیدین ار
Aydınlar,eo6ydybo1lr,آیدینلر
Aydınlı,eo6ydybo1ly,آیدینلی
Aydınlık,eo6ydybo1lfo2,آیدینلق
Aydınlıoğlu,eo6ydybo1ly ewao1ly,آیدینلی اوغلی
Aydınol,eo6ydybo1 ewl,آیدین اول
Aydıntan,eo6ydybo1bo2ebo1,آیدینتان
Aydıntuğ,eo6ydybo1bo2wao1,آیدینتوغ
Aydınyol,eo6ydybo1 ywl,آیدین یول
Aydınçer,eo6ydybo1xu3r,آیدینچر
Ayerdem,eo6y erdm,آی اردم
Ayet,eo6ybo2,آیت
Ayetullah,eo6yho2ellh,آیةالله
Ayfer,eo6yfo1r,آیفر
Ayferi,eo6yfo1ry,آیفری
Ayferim,eo6yfo1rym,آیفریم
Aygen,eo6yko7bo1,آیگن
Aygerim,eo6yko7rym,آیگریم
Aygut,eo6yao1wbo2,آیغوت
Aygutalp,eo6yao1wbo2 eo6lbu3,آیغوت آلپ
Aygök,eo6yko7wk,آیگوک
Aygöl,eo6yko7wl,آیگول
Aygönenç,eo6yko7wbo1bo1xu3,آیگوننچ
Aygönül,eo6yko7wko3l,آیگوڭل
Aygül,eo6yko7wl,آیگول
Aygüler,eo6yko7wlr,آیگولر
Aygülhan,eo6yko7wlxo1ebo1,آیگولخان
Aygümüş,eo6yko7wmwso3,آیگوموش
Aygün,eo6yko7wbo1,آیگون
Aygüner,eo6yko7wbo1r,آیگونر
Aygünkız,eo6yko7wbo1fo2yro1,آیگونقیز
Aygür,eo6yko7wr,آیگور
Aygüzel,eo6yko7wro1l,آیگوزل
Ayhan,eo6yxo1ebo1,آیخان
Ayhanım,eo6yxo1ebo1m,آیخانم
Ayhatun,eo6yxo1ebo2wbo1,آیخاتون
Ayhen,eo6yhbo1,آیهن
Ayik,eo6yk,آیک
Ayilkin,eo6yylkybo1,آییلکین
Aykal,eo6yfo2el,آیقال
Aykan,eo6yfo2ebo1,آیقان
Aykar,eo6yfo2er,آیقار
Aykatun,eo6yfo2ebo2wbo1,آیقاتون
Aykaç,eo6yfo2exu3,آیقاچ
Aykaş,eo6yfo2eso3,آیقاش
Aykul,eo6yfo2wl,آیقول
Aykurt,eo6yfo2wrbo2,آیقورت
Aykut,eo6yfo2wbo2,آیقوت
Aykutalp,eo6yfo2wbo2 eo6lbu3,آیقوت آلپ
Aykutlu,eo6yfo2wbo2lw,آیقوتلو
Aykönül,eo6ykwko3l,آیکوڭل
Aykün,eo6ykwbo1,آیکون
Aykın,eo6yfo2ybo1,آیقین
Aykız,eo6yfo2yro1,آیقیز
Ayla,eo6yle,آیلا
Aylan,eo6ylebo1,آیلان
Aylanur,eo6ylebo1wr,آیلانور
Aylin,eo6ylybo1,آیلین
Ayman,eo6ymebo1,آیمان
Aymaral,eo6ymerel,آیمارال
Aymelek,eo6ymlk,آیملک
Aymete,eo6ymbo2h,آیمته
Aymutlu,eo6ymwbo2lw,آیموتلو
Ayna,eo6ybo1h,آینه
Aynagül,eo6ybo1h ko7l,آینه گل
Ayni,aybo1y,عینی
Ayni,eo6ybo1y,آینی
Aynisa,eo6ybo1yse,آینیسا
Ayniye,eo6ybo1yh,آینیه
Aynişah,aybo1yso3eh,عینیشاه
Aynur,eo6ybo1wr,آینور
Aynıfer,aybo1yfo1r,عینیفر
Aynımah,aybo1ymeh,عینیماه
Aypar,eo6ybu3er,آیپار
Aypare,eo6ybu3erh,آیپاره
Aypars,eo6ybu3ers,آیپارس
Ayperi,eo6ybu3ry,آیپری
Aypolat,eo6ybu3wled,آیپولاد
Aypınar,eo6ybu3yko3er,آیپیڭار
Ayral,eo6yrel,آیرال
Ayrancı,eo6yrebo1xu1y,آیرانجی
Ayrıl,eo6yryl,آیریل
Ayrım,eo6yrym,آیریم
Aysal,eo6ysel,آیسال
Aysal,eo6yzel,آیصال
Aysan,eo6ysebo1,آیسان
Aysel,eo6ysl,آیسل
Ayselen,eo6yslbo1,آیسلن
Aysema,eo6ysme,آیسما
Aysen,eo6ysbo1,آیسن
Ayser,eo6ysr,آیسر
Aysere,eo6ysrh,آیسره
Ayseren,eo6ysrbo1,آیسرن
Aysev,eo6ysw,آیسو
Ayseven,eo6yswbo1,آیسون
Aysever,eo6yswr,آیسور
Aysevil,eo6yswyl,آیسویل
Aysevim,eo6yswym,آیسویم
Aysevin,eo6yswybo1,آیسوین
Aysim,eo6ysym,آیسیم
Aysima,eo6ysyme,آیسیما
Aysine,eo6ysybo1h,آیسینه
Aysoy,eo6yzwy,آیصوی
Aysu,eo6yzw,آیصو
Aysuda,eo6yzwdh,آیصوده
Aysultan,eo6ysltebo1,آیسلطان
Aysun,eo6yswbo1,آیسون
Aysun,eo6yzwbo1,آیصون
Aysuna,eo6yzwbo1e,آیصونا
Aysunar,eo6yzwbo1er,آیصونار
Aysunay,eo6yzwbo1ey,آیصونای
Aysungur,eo6yzwbo1ao1wr,آیصونغور
Aysü,eo6yzw,آیصو
Aysılu,eo6yzylw,آیصیلو
Aysın,eo6yzybo1,آیصین
Aytaman,eo6ybo2emebo1,آیتامان
Aytan,eo6ybo2ebo1,آیتان
Aytar,eo6ybo2er,آیتار
Aytaç,eo6ybo2exu3,آیتاچ
Aytaş,eo6ydeso3,آیداش
Aytaş,eo6yteso3,آیطاش
Aytek,eo6ybo2k,آیتک
Aytekin,eo6ybo2kybo1,آیتکین
Aytemiz,eo6ybo2myro1,آیتمیز
Aytemur,eo6ybo2mwr,آیتمور
Ayten,eo6ybo2bo1,آیتن
Ayterim,eo6ybo2rym,آیتریم
Aytigin,eo6ybo2yko7ybo1,آیتیگین
Aytimur,eo6ybo2ymwr,آیتیمور
Aytirim,eo6ybo2yrym,آیتیریم
Aytok,eo6ytwfo2,آیطوق
Aytolun,eo6ytwlwbo1,آیطولون
Aytop,eo6ytwbu3,آیطوپ
Aytuna,eo6ybo2wbo1h,آیتونه
Aytuna,eo6ytwbo1e,آیطونا
Aytunca,eo6ybo2wbo1xu1h,آیتونجه
Aytunga,eo6ytwbo1ao1h,آیطونغه
Aytunç,eo6ybo2wbo1xu3,آیتونچ
Aytutkun,eo6ytwbo2ao1wbo1,آیطوتغون
Aytuğ,eo6ybo2wao1,آیتوغ
Aytöre,eo6ybo2wrh,آیتوره
Aytöz,eo6ybo2wro1,آیتوز
Aytül,eo6ybo2wl,آیتول
Aytün,eo6ybo2wbo1,آیتون
Aytürk,eo6ybo2wrk,آیتورک
Aytış,eo6ybo2yso3,آیتیش
Ayulduz,eo6ywlwro1,آیولوز
Ayva,eo6ywh,آیوه
Ayvacık,eo6ywexu1fo2,آیواجق
Ayvalık,eo6ywelfo2,آیوالق
Ayvaz,eo6ywero1,آیواز
Ayver,eo6y wyr,آی ویر
Ayverdi,eo6ywyrdy,آیویردی
Ayyalap,eo6yyelebu3,آییالاپ
Ayyalın,eo6yyelybo1,آییالین
Ayyarkın,eo6yyerfo2ybo1,آییارقین
Ayyaruk,eo6yyerwfo2,آییاروق
Ayyuca,eo6yywxu1h,آییوجه
Ayyüce,eo6yywxu1h,آییوجه
Ayyüz,eo6yywro1,آییوز
Ayyıldız,eo6y yyldyro1,آی ییلدیز
Ayzühre,eo6y ro1hrh,آی زهره
Ayzıt,eo6yzo1yd,آیضید
Ayça,eo6yxu3e,آیچا
Ayçağ,eo6yxu3eao1,آیچاغ
Ayçetin,eo6yxu3bo2ybo1,آیچتین
Ayçil,eo6yxu3yl,آیچیل
Ayçiçek,eo6yxu3yxu3k,آیچیچک
Ayçolpan,eo6yxu3wlbu3ebo1,آیچولپان
Ayçulpan,eo6yxu3wlbu3ebo1,آیچولپان
Ayçıl,eo6yxu3yl,آیچیل
Ayülger,eo6ywlko7r,آیولگر
Ayülker,eo6ywlkr,آیولکر
Ayün,aywbo1,عیون
Ayık,eo6yyfo2,آییق
Ayım,eo6yym,آییم
Ayımbet,eo6yymbu1bo2,آییمبت
Ayımşa,eo6yymso3e,آییمشا
Ayışını,eo6y eyso3ybo1y,آی ایشینی
Ayışığı,eo6y eyso3yao1y,آی ایشیغی
Ayşan,eo6yso3ebo1,آیشان
Ayşe,aebo5so3h,عائشه
Ayşecan,aebo5so3h xu1ebo1,عائشه جان
Ayşedudu,aebo5so3h dwdw,عائشه دودو
Ayşegül,aebo5so3h ko7l,عائشه گل
Ayşehan,aebo5so3h xo1ebo1,عائشه خان
Ayşen,eo6yso3bo1,آیشن
Ayşenur,aebo5so3h bo1wr,عائشه نور
Ayşim,eo6yso3ym,آیشیم
Ayşin,eo6yso3ybo1,آیشین
Ayşirin,eo6yso3yrybo1,آیشیرین
Ayşöhret,eo6yso3hrbo2,آیشهرت
Ayşıl,eo6yso3yl,آیشیل
Ayşın,eo6yso3ybo1,آیشین
Azade,eo6ro1edh,آزاده
Azadi,eo6ro1edy,آزادی
Azak,eo6ro1efo2,آزاق
Azam,eato1m,اعظم
Azam,ezo1m,اضم
Azamet,ato1embo2,عظامت
Azamettin,aro1em eldybo1,عزام الدین
Azamettin,ato1em eldybo1,عظام الدین
Azat,eo6ro1ed,آزاد
Azelya,eo6ro1lye,آزلیا
Azer,eo6do1r,آذر
Azer,eo6ro1r,آزر
Azim,ato1ym,عظیم
Azime,ato1ymh,عظیمه
Aziz,aro1yro1,عزیز
Azizağaoğlu,aro1yro1 eo6ao1e ewao1ly,عزیز آغا اوغلی
Azize,aro1yro1h,عزیزه
Aziziye,aro1yro1yh,عزیزیه
Azizoğlu,aro1yro1ewao1ly,عزیزاوغلی
Azmi,aro1my,عزمی
Azmidil,aro1mydl,عزمیدل
Azmioğlu,aro1my ewao1ly,عزمی اوغلی
Azmun,eo6ro1mwbo1,آزمون
Aznavur,eo6ro1bo1ewwr,آزناوور
Azra,ado1re,عذرا
Azrak,eo6ro1refo2,آزراق
Azze,aro1,عز
Aça,eo6xu3e,آچا
Açalya,eo6xu3elyh,آچالیه
Açanal,eo6xu3ebo1 eo6l,آچان آل
Açangül,eo6xu3ebo1ko7l,آچانگل
Açba,eo6xu3bu1e,آچبا
Açelya,eo6xu3lyh,آچلیه
Açine,eo6xu3ybo1h,آچینه
Açkıngül,eo6xu3fo2ybo1ko7l,آچقینگل
Açık,eo6xu3yfo2,آچیق
Açıkalın,eo6xu3yfo2 eo6lybo1,آچیق آلین
Açıkel,eo6xu3yfo2 eo5l,آچیق أل
Açıker,eo6xu3yfo2 eo5r,آچیق أر
Açıkgöz,eo6xu3yfo2 ko7wro1,آچیق گوز
Açıkgün,eo6xu3yfo2kwbo1,آچیقکون
Açıksöz,eo6xu3yfo2swro1,آچیقسوز
Açıl,eo6xu3yl,آچیل
Açılay,eo6xu3yley,آچیلای
Ağa,eo6ao1e,آغا
Ağa,eo6ao1h,آغه
Ağabaloğlu,eo6ao1ebu1el ewao1ly,آغابال اوغلی
Ağabay,eo6ao1ebu1ey,آغابای
Ağabeyoğlu,eo6ao1ebu1ko7 ewao1ly,آغابگ اوغلی
Ağacan,eo6ao1exu1ebo1,آغاجان
Ağacık,eo6ao1exu1yfo2,آغاجیق
Ağacıkoğlu,eo6ao1exu1yfo2 ewao1ly,آغاجیق اوغلی
Ağagil,eo6ao1eko7l,آغاگل
Ağahan,eo6ao1exo1ebo1,آغاخان
Ağahanım,eo6ao1exo1ebo1m,آغاخانم
Ağahatun,eo6ao1exo1ebo2wbo1,آغاخاتون
Ağakan,eo6ao1efo2ebo1,آغاقان
Ağakatun,eo6ao1efo2ebo2wbo1,آغاقاتون
Ağakay,eo6ao1efo2ey,آغاقای
Ağalday,eo6ao1eldey,آغالدای
Ağan,eo6ao1ebo1,آغان
Ağanbegim,eo6ao1ebo1bu1ko7ym,آغانبگیم
Ağanbegüm,eo6ao1ebo1bu1ko7wm,آغانبگوم
Ağanbike,eo6ao1ebo1bu1ykh,آغانبیکه
Ağanbüke,eo6ao1ebo1bu1wkh,آغانبوکه
Ağaner,eo6ao1ebo1 eo5r,آغان أر
Ağanoğlu,eo6ao1ebo1 ewao1ly,آغان اوغلی
Ağaoğlu,eo6ao1eewao1ly,آغااوغلی
Ağaoğlu,eo6ao1h ewao1ly,آغه اوغلی
Ağaoğulları,eo6ao1h ewao1llry,آغه اوغللری
Ağar,eo6ao1er,آغار
Ağar,eo6ao1r,آغر
Ağarantan,eo6ao1erebo1tebo1,آغارانطان
Ağaverdi,eo6ao1ewyrdy,آغاویردی
Ağaçören,eo6ao1exu1 ewrbo1,آغاج اورن
Ağbaba,eo6ao1bu1ebu1e,آغبابا
Ağbacı,eo6ao1bu1exu1y,آغباجی
Ağbegim,eo6ao1bu1ko7ym,آغبگیم
Ağbegüm,eo6ao1bu1ko7wm,آغبگوم
Ağbet,eo6ao1bu1bo2,آغبت
Ağbilek,eo6ao1bu1ylk,آغبیلک
Ağca,eo6ao1xu1h,آغجه
Ağcabey,eo6ao1xu1ebu1ko7,آغجابگ
Ağer,eo6ao1r,آغر
Ağgül,eo6ao1ko7l,آغگل
Ağkız,eo6ao1fo2yro1,آغقیز
Ağnak,eo6ao1bo1efo2,آغناق
Ağralı,eo6ao1rh ly,آغره لی
Ağustos,eo6ao1sbo2ws,آغستوس
Ağva,eo6ao1we,آغوا
Ağyar,eo6ao1yer,آغیار
Ağyüz,eo6ao1ywro1,آغیوز
Ağça,eo6ao1xu3h,آغچه
Ağçay,eo6ao1xu3ey,آغچای
Ağçelik,eo6ao1xu3lyk,آغچلیک
Ağın,eo6ao1ybo1,آغین
Ağırbaş,eo6ao1yrbu1eso3,آغیرباش
Ağırtaş,eo6ao1yrteso3,آغیرطاش
Ağış,eo6ao1yso3,آغیش
Aşa,eo6so3h,آشه
Aşan,eo6so3ebo1,آشان
Aşcır,eo6so3xu1yr,آشجیر
Aşina,eo6so3bo1e,آشنا
Aşir,eo6so3yr,آشیر
Aşkan,eo6so3fo2ebo1,آشقان
Aşkar,eso3fo2r,اشقر
Aşkım,aso3fo2m,عشقم
Aşkın,aso3fo2ybo1,عشقین
Aşkın,eo6so3fo2ybo1,آشقین
Aşkınay,eo6so3fo2ybo1ey,آشقینای
Aşkıner,eo6so3fo2bo1 eo5r,آشقن أر
Aşlık,eo6so3lfo2,آشلق
Aşçıoğlu,eo6so3xu1y ewao1ly,آشجی اوغلی
Aşık,aeso3fo2,عاشق
Aşık,aso3fo2,عشق
Aşır,eo6so3yr,آشیر
Aşırım,eo6so3yrym,آشیریم
Abduh,abu1dh||,عبده‌
Abdullah_'ın,abu1dello8h||ko3,عبداللّه‌ڭ
Abdullah,abu1dellh,عبدالله
Abdullah,abu1dellh||,عبدالله‌
Abdullah-il,abu1dellh|| el,عبدالله‌ ال
Abdullah_lar,abu1dellh||lr,عبدالله‌لر
Abdullah_tırlar,abu1dellh||drlr,عبدالله‌درلر
Abdurrahim,abu1d elrxym,عبد الرحیم
Abdurrahman_'a,abu1d elrxmebo1h,عبد الرحمانه
Abdurrahman_'dan,abu1d elrxmebo1dbo1,عبد الرحماندن
Abdurrahman_'dır,abu1d elrxmebo1dr,عبد الرحماندر
Abdurrahman_'lar,abu1d elrxmebo1lr,عبد الرحمانلر
Abdurrahman_'ları,abu1d elrxmebo1lry,عبد الرحمانلری
Abdurrahman_'ların,abu1d elrxmebo1lrko3,عبد الرحمانلرڭ
Abdurrahman_'ı,abu1d elrxmebo1y,عبد الرحمانی
Abdurrahman_'ın,abu1d elrxmebo1ko3,عبد الرحمانڭ
Abdurrahman,abu1d elrxmbo1,عبد الرحمن
Abdurrahman,abu1d elrxmebo1,عبد الرحمان
Abdurrahman-il,abu1d elrxmbo1 el,عبد الرحمن ال
Abdurrahman-ı,abu1d elrxmbo1u4,عبد الرحمنِ
Abdurrahman_dan,abu1d elrxmebo1dbo1,عبد الرحماندن
Abdurrahman_larım,abu1d elrxmebo1lrm,عبد الرحمانلرم
Abdurrahman_ım,abu1d elrxmebo1m,عبد الرحمانم
Abdurrahmân_'ın,abu1d elrxmebo1ko3,عبد الرحمانڭ
Abdurrahmân,abu1d elrxmbo1,عبد الرحمن
Abdurrahmân_a,abu1d elrxmebo1h,عبد الرحمانه
Abdurrahmân_ın,abu1d elrxmebo1ko3,عبد الرحمانڭ
Abdurrahîm_'e,abu1d elrxymh,عبد الرحیمه
Abdurrahîm,abu1d elrxym,عبد الرحیم
Abdurrahîm_den,abu1d elrxymdbo1,عبد الرحیمدن
Abdüh_'ün,abu1dh||ko3,عبده‌ڭ
Abdüh,abu1dh,عبده
Abdüh,abu1dh||,عبده‌
Abdül'ehad,abu1d eleo5xd,عبد الأحد
Abdülaziz,abu1d elaro1yro1,عبد العزیز
Abdülaziz-i,abu1d elaro1yro1u4,عبد العزیزِ
Abdülbaki,abu1d elbu1efo2y,عبد الباقی
Abdülbâki_'yi,abu1d elbu1efo2y||yy,عبد الباقی‌یی
Abdülbâki,abu1d elbu1efo2y,عبد الباقی
Abdülcelil,abu1d elxu1lyl,عبد الجلیل
Abdülehad,abu1d eleo5xd,عبد الأحد
Abdülhadi,abu1d elhedy,عبد الهادی
Abdülhakim,abu1d elxkym,عبد الحکیم
Abdülhakîm_'i,abu1d elxkymy,عبد الحکیمی
Abdülhakîm,abu1d elxkym,عبد الحکیم
Abdülhamid_'den,abu1d elxmyddbo1,عبد الحمیددن
Abdülhamid_'e,abu1d elxmydh,عبد الحمیده
Abdülhamid_'in,abu1d elxmydko3,عبد الحمیدڭ
Abdülhamid,abu1d elxmyd,عبد الحمید
Abdülhâdi,abu1d elhedy,عبد الهادی
Abdülkadir_'i,abu1d elfo2edry,عبد القادری
Abdülkadir_'in,abu1d elfo2edrko3,عبد القادرڭ
Abdülkadir,abu1d elfo2edr,عبد القادر
Abdülkadir-i,abu1d elfo2edru4,عبد القادرِ
Abdülkadir_i,abu1d elfo2edry,عبد القادری
Abdülkadir_zade,abu1d elfo2edrro1edh,عبد القادرزاده
Abdülkadir_zade,abu1d elfo2edrro1edh||,عبد القادرزاده‌
Abdülkadirî,abu1d elfo2edry,عبد القادری
Abdülkadirî_si,abu1d elfo2edrysy,عبد القادریسی
Abdülkahir_'in,abu1d elfo2ehrko3,عبد القاهرڭ
Abdülkahir,abu1d elfo2ehr,عبد القاهر
Abdülkahir-i,abu1d elfo2ehru4,عبد القاهرِ
Abdülkahir-ül,abu1d elfo2ehr el,عبد القاهر ال
Abdülkerim'in,abu1d elkrymko3,عبد الکریمڭ
Abdülkerim,abu1d elkrym,عبد الکریم
Abdülkâdir_'i,abu1d elfo2edry,عبد القادری
Abdülkâdirî,abu1d elfo2edry,عبد القادری
Abdüllatif_'in,abu1d elltyfo1ko3,عبد اللطیفڭ
Abdüllatif,abu1d elltyfo1,عبد اللطیف
Abdülmecid_'de,abu1d elmxu1yddh,عبد المجیدده
Abdülmecid_'den,abu1d elmxu1yddbo1,عبد المجیددن
Abdülmecid_'e,abu1d elmxu1ydh,عبد المجیده
Abdülmecid_'i,abu1d elmxu1ydy,عبد المجیدی
Abdülmecid_'in,abu1d elmxu1ydko3,عبد المجیدڭ
Abdülmecid_'indir,abu1d elmxu1ydko3dr,عبد المجیدڭدر
Abdülmecid_'leri,abu1d elmxu1ydlry,عبد المجیدلری
Abdülmecid_'lerin,abu1d elmxu1ydlrko3,عبد المجیدلرڭ
Abdülmecid,abu1d elmxu1yd,عبد المجید
Abdülmecide,abu1d elmxu1ydh,عبد المجیده
Abdülmuhsin,abu1d elmxsbo1,عبد المحسن
Abdülmuttalib_'i,abu1d elmto8lbu1y,عبد المطّلبی
Abdülmuttalib_'in,abu1d elmto8lbu1ko3,عبد المطّلبڭ
Abdülmuttalib,abu1d elmto8lbu1,عبد المطّلب
Abdülvehhab,abu1d elwho8ebu1u4,عبد الوهّابِ
Abdülvehhab-ı,abu1d elwho8ebu1u4,عبد الوهّابِ
Abdürrezzak,abu1d elrro1o8efo2,عبد الرزّاق
Abâ_'da,abu1edh,عباده
Abâ,abu1e,عبا
Abâdân,ebu1edebo1,ابادان