aba,eo6bu1e
abandır,eo6bu1ebo1dyr
abanla,eo6bu1ebo1le
acıklan,eo6xu1yfo2lebo1
acıktır,eo6xu1yfo2dyr
acın,eo6xu1ybo1
acındır,eo6xu1ybo1dyr
acıt,eo6xu1ybo2
adat,eo6debo2
addet,adeybo2
adla,eo6dle
adlan,eo6dlebo1
adımla,eo6dymle
afalla,eo6fo1elle
afallat,eo6fo1ellebo2
afallaş,eo6fo1ellso3
aforozla,eo6fo1wrwro1le
ahdet,ahdebo2
ahidleş,ahdlso3
ahırla,eo6xo1wrle
akdet,afo2deybo2
aksat,eo6fo2sebo2
aksır,eo6fo2syr
aksırt,eo6fo2syrbo2
aktar,eo6fo2bo2er
akıt,eo6fo2ybo2
akşamla,eo6fo2so3emle
akşamlat,eo6fo2so3emlebo2
aldan,eo6ldebo1
aldat,eo6ldebo2
aldır,eo6ldyr
alevlen,alw||lbo1
alevlen,eo6lw||lbo1
alevlendir,alwlbo1dyr
alevlendir,eo6lwlbo1dyr
alkışla,eo6lfo2yso3le
alkışlan,eo6lfo2yso3lebo1
altmışla,eo6lbo2mso3le
altınla,eo6lbo2wbo1le
alçal,eo6lxu3el
alçıla,eo6lxu3yle
alıko,eo6lyfo2w
alıver,eo6lywyr
alıştır,eo6lyso3bo2r
alışıl,eo6lyso3l
an,eo6lo5o3
anaçla,eo6bo1exu1le
andlaş,eo6bo1dleso3
andır,eo6bo1dyr
anla,eo6lo5o3le
anlan,eo6lo5o3lebo1
anlat,eo6lo5o3lebo2
anlatdır,eo6lo5o3lebo2dyr
anlatıl,eo6lo5o3ledyl
anlaş,eo6lo5o3leso3
anlaşıl,eo6lo5o3leso3l
anıl,eo6lo5o3l
anır,eo6lo5o3yr
anırt,eo6lo5o3yrbo2
apar,eo6bu3er
arala,eo6rele
aralan,eo6relebo1
aralat,eo6relebo2
aralaş,eo6releso3
aran,eo6rebo1
aranıl,eo6rebo1yl
arat,eo6rebo2
arattır,eo6rebo2dyr
araştır,eo6reso3dyr
arlan,aerlebo1
arpala,eo6rbu3ele
arsızlan,aersro1lebo1
artdır,eo6rbo2dyr
artdırıl,eo6rbo2dyryl
arttır,eo6rbo2dyr
arttırıl,eo6rbo2dyryl
artır,eo6rbo2yr
arzet,arzo1 eybo2
arzula,eo6rro1wle
arıkla,eo6ryfo2le
arıklan,eo6ryfo2lebo1
arıklat,eo6ryfo2lebo2
arıl,eo6ryl
arın,eo6rybo1
arıt,eo6rybo2
arşınla,eo6rso3ybo1le
as,eo6z
asdır,eo6zdyr
astarla,eo6sbo2erle
asıl,eo6zyl
ateşle,eo6bo2so3l
ateşlen,eo6bo2so3lbo1
ateşlendir,eo6bo2so3lbo1dyr
atfet,atfo1 eybo2
atkıla,eo6bo2fo2yle
atla,eo6bo2le
atlandır,eo6bo2le||bo1dyr
attır,eo6bo2dyr
atıl,eo6bo2yl
atıştır,eo6bo2yso3dyr
avla,eo6wle
avlan,eo6wlebo1
avun,eo6wwbo1
avut,eo6wwbo1
avutdur,eo6wwbo2dr
avutul,eo6wwbo2l
avuçla,eo6wwxu1le
ayakla,eo6ye||fo2le
ayaklan,eo6yefo2lebo1
ayaklandır,eo6ye||fo2lebo1dyr
ayar,eo6yer
ayart,eo6yerbo2
ayartıl,eo6yerbo2l
ayazla,eo6yero1le
ayazlan,eo6yero1lebo1
ayazlat,eo6yero1lebo2
aydınla,eo6ydybo1le
aydınlan,eo6ydybo1lebo1
aydınlat,eo6ydybo1lebo2
aydınlaş,eo6ydybo1leso3
aydınlaşdır,eo6ydybo1leso3dyr
ayrıl,eo6yryl
ayrılan,eo6yrylebo1
ayrılaş,eo6yryleso3
ayıkla,eo6yfo2le
ayıl,eo6yyl
ayılt,eo6yylbo2
ayıpla,aybu1le
ayıplan,aybu1lebo1
ayır,eo6yyr
azadla,eo6ro1edle
azal,eo6ro1el
azalt,eo6ro1elbo2
azarla,eo6ro1erle
azarlan,eo6ro1erlebo1
azarlat,eo6ro1erlebo2
azdır,eo6ro1dyr
azdırıl,eo6ro1dyl
azlet,aro1l eybo2
azımsa,eo6ro1mse
azırgan,eo6ro1yrao1ebo1
azıt,eo6ro1ybo2
aç,eo6xu3
açtır,eo6xu3dyr
açıkla,eo6xu1yfo2le
açıl,eo6xu3l
ağalan,eo6ao1elebo1
ağar,eo6ao1er
ağart,eo6ao1erbo2
ağdalan,eo6ao1delebo1
ağdalaş,eo6ao1deleso3
ağdır,eo6ao1dyr
ağla,eo6ao1le
ağlat,eo6ao1lebo2
ağlaş,eo6ao1leso3
ağrıt,eo6ao1rybo2
ağıllan,eo6ao1yllebo1
ağırla,eo6ao1rle
ağırlan,eo6ao1rlebo1
ağırlat,eo6ao1rlebo2
ağırlaş,eo6ao1rleso3
ağırlaştır,eo6ao1rleso3dyr
ağırşaklan,eo6ao1rso3efo2lebo1
aşağıla,eo6so3eao1yle
aşla,eo6so3le
aşlat,eo6so3lebo2
aşıla,eo6so3yle
aşılan,eo6so3ylebo1
aşılat,eo6so3ylebo2
aşın,eo6so3ybo1
aşındır,eo6so3ybo1dyr
aşır,eo6so3yr
aşırt,eo6so3yrbo2
aşırıl,eo6so3yrl
badanala,bu1edebo1ele
baktır,bu1efo2dyr
bakıl,bu1efo2yl
baltala,bu1eltele
balıkla,bu1elyfo2le
ban,bu1ebo1
barın,bu1erybo1
barındır,bu1erybo1dyr
barıştır,bu1eryso3dyr
bastır,bu1ezdyr
bastırıl,bu1ezdyryl
basıl,bu1ezyl
bat,bu1ebo2
batır,bu1ebo2yr
batırıl,bu1ebo2yryl
bayatla,bu1eyebo2le
bayatlat,bu1eyebo2lebo2
bayatlaş,bu1eyebo2leso3
bayramlaş,bu1eyremleso3
bayıl,bu1eyyl
bayılt,bu1eyylbo2
bağışla,bu1eao1yso3le
başaklan,bu1eso3efo2lebo1
başar,bu1eso3er
başarıl,bu1eso3eryl
başkalaş,bu1eso3fo2h||leso3
başla,bu1eso3le
başlan,bu1eso3lebo1
başlanıl,bu1eso3lebo1yl
başlat,bu1eso3lebo2
becer,bu1xu1r
becert,bu1xu1rbo2
bekle,bu1klh||
beklen,bu1klh||bo1
beklet,bu1klh||bo2
bekleş,bu1klh||so3
belir,bu1lyr
belle,bu1lh||
bellen,bu1lh||bo1
bellet,bu1lh||bo2
benimse,bu1bo1msh||
benze,bu1lo5o3ro1h||
benzet,bu1lo5o3ro1h||bo2
besle,bu1slh||
beslen,bu1slh||bo1
beslet,bu1slh||bo2
bestele,bu1sbo2h||lh||
beyazlan,bu1yezo1lebo1
beyazlat,bu1yezo1lebo2
beyazlaş,bu1yezo1leso3
beze,bu1ro1h||
beğen,bu1ko7bo1
beğendir,bu1ko7bo1dyr
beğenil,bu1ko7bo1yl
bildir,bu1yldyr
bildiril,bu1yldyryl
bile,bu1ylh||
bilen,bu1ylh||bo1
bilet,bu1ylh||bo2
bilin,bu1ylybo1
bin,bu1ybo1
bindir,bu1ybo1dyr
binil,bu1ybo1yl
birik,bu1ryk
birikdir,bu1rykdyr
birleş,bu1rlso3
birleştir,bu1rlso3dyr
bitir,bu1ybo2yr||
bitiş,bu1ybo2yso3
bitişdir,bu1ybo2yso3dyr
bitlen,bu1ybo2lh||bo1
biç,bu1yxu3
biçdir,bu1yxu3dyr
biçil,bu1yxu3yl
bocala,bu1wxu1ele
bohçala,bu1wao1xu3h||le
bolal,bu1wlel
bollan,bu1wllebo1
bollat,bu1wllebo2
bollaş,bu1wlleso3
borçlan,bu1wrxu1lebo1
boyala,bu1wyele
boyalan,bu1wylebo1
boyalat,bu1wyelebo2
boyat,bu1wyebo2
boyla,bu1wyle
boylan,bu1wylebo1
bozar,bu1wro1er
bozdur,bu1wro1dwr
bozul,bu1wro1wl
bozuş,bu1wro1wso3
boğ,bu1wao1
boğazla,bu1wao1ero1le
boğul,bu1wao1wl
boğuş,bu1wao1wso3
boğuşdur,bu1wao1wso3dwr
boşa,bu1wso3e
boşal,bu1wso3el
boşalt,bu1wso3elbo2
boşan,bu1wso3ebo1
boşat,bu1wso3ebo2
boşatıl,bu1wso3ebo2yl
boşla,bu1wso3le
budaklan,bu1wdefo2lebo1
budan,bu1wdebo1
budat,bu1wdebo2
buhurla,bu1xo1wrle
bul,bu1wl
bula,bu1wle
bulan,bu1wlebo1
bulandır,bu1wlebo1dyr
bulaş,bu1wleso3
bulaştır,bu1wleso3dyr
buldur,bu1wlwr
bulun,bu1wlwbo1
bulundur,bu1wlwbo1dwr
bulunul,bu1wlwbo1wl
bulutlan,bu1wlwbo2lebo1
buluşdur,bu1wlwso3dwr
buna,bu1wbo1e
bunal,bu1wbo1el
bunalt,bu1wbo1elbo2
burgula,bu1wrao1wle
burkul,bu1wrfo2wl
buruş,bu1wrwso3
buruşdur,bu1wrwso3dwr
buzlan,bu1wro1lebo1
buğula,bu1wao1wle
buğulan,bu1wao1wlebo1
böceklen,bu1wxu1klh||bo1
böl,bu1wl
bölün,bu1wlwbo1
bölüştür,bu1wlwso3dwr
böğürt,bu1wko7wrbo2
bük,bu1wk
bükül,bu1wkwl
bürü,bu1wrw
bürün,bu1wrwbo1
bütünle,bu1wbo2wbo1lh||
büyüklen,bu1wywklh||bo1
büyüle,bu1wywlh||
büyülen,bu1wywlh||bo1
büyüt,bu1wywbo2
büz,bu1wro1
büzül,bu1wro1wl
bık,bu1yfo2
bıkdır,bu1yfo2dyr
bıkıl,bu1yfo2yl
bırak,bu1refo2
bırakdır,bu1refo2dyr
bırakıl,bu1refo2yl
bıyıklan,bu1yyfo2ylebo1
bıçakla,bu1yxu3efo2le
camla,xu1emle
camlat,xu1emlebo2
canlan,xu1ebo1lebo1
canlandır,xu1ebo1lebo1dyr
casusla,xu1eswsle
cavla,xu1ewle
caydır,xu1eydyr
cayırda,xu1eyyr||de
cayırdat,xu1eyyr||debo2
cem'et,xu1ma eybo2
cemile,xu1malh||
cemilen,xu1malh||bo1
cenkleş,xu1bo1keso3
cerahatlen,xu1rexbo2lh||bo1
cesaretlen,xu1serbo2lh||bo1
cezalan,xu1ro1elebo1
cezalandır,xu1ro1elebo1dyr
cilala,xu1lele
cildle,xu1ldlh||
cildlet,xu1ldlbo2
coş,xu1wso3
coşdur,xu1wso3dwr
cumbulda,xu1wmbu1wlde
cırla,xu1yrle
cırlat,xu1yrlebo2
cırtla,xu1yrbo2le
cırılda,xu1yrylde
cıvılda,xu1ywylde
cıyırda,xu1yyrde
cızla,xu1yro1le
cızılda,xu1yro1ylde
cızırda,xu1yro1yrde
cızırdat,xu1yro1yrdebo2
dadan,dedebo1
dadan,tedebo1
dadandır,dedebo1dyr
dala,dele
dala,tele
dalaş,teleso3
daldır,deldyr
dalgalan,delao1elebo1
dalgalandır,delao1elebo1dyr
dallan,dellebo1
dallandır,dellebo1dyr
damgalan,demao1elebo1
damlat,demlebo2
danele,debo1h||l
danelendir,debo1h||lbo1dyr
danelet,debo1h||lbo2
danış,debo1yso3
danış,tebo1yso3
daral,derel
daral,terel
daralt,derelbo2
daralt,terelbo2
darlat,derlebo2
darlaş,derleso3
darlaşdır,derleso3dyr
darıl,deryl
darıl,teryl
darılt,derylbo2
davran,dewrebo1
davrandır,dewrebo1dyr
daya,deye
dayakla,deyefo2le
dayan,deyebo1
dayan,teyebo1
dayat,deyebo2
dağla,deao1le
dağlat,deao1lebo2
dağıl,deao1yl
dağıt,deao1ybo2
dağıt,teao1ybo2
dağıtıl,deao1ybo2yl
de,d
de,dy
debelen,dbu1h||lbo1
defet,dfo1a eybo2
defnet,dfo1bo1 eybo2
del,dl
deldir,dldyr
delin,dlybo1
delir,dlyr
delirt,dlyrbo2
demetle,dmbo2lh||
den,dybo1
dene,dbo1h||
denen,dbo1h||bo1
denenil,dbo1bo1yl
denet,dbo1h||bo2
denil,dybo1l
denkleş,dbo1klso3
denkleşdir,dbo1klso3dyr
depret,bo2bu3rbo2
depret,dbu3rh||bo2
depreşdir,dbu3rso3dyr
dercet,drxu1 eybo2
derdlen,drdlh||bo1
derdleş,drdlh||so3
derilen,drylbo1
derinlet,drybo1lh||bo2
derinleş,drybo1lh||so3
destekle,dsbo2klh||
desteklen,dsbo2klh||bo1
devir,dwyr
devirt,dwyrbo2
devril,dwryl
devşir,dwso3yr
devşirt,dwso3yrbo2
değ,dko7
değiştir,dko7yso3dyr
deşil,dh||so3yl
deşil,dso3ly
didikle,dydyklh||
didin,dydybo1
didiş,dydyso3
dikdir,dykdyr
dikil,dykyl
dile,dylh||
dilen,dylbo1
dillen,dyllbo1
dilleş,dyllyso3
din,dylo5o3
dindirt,dykdyr
dinle,dyklh||
dinlen,dyklbo1
dinlendir,dyklbo1dyr
diren,dyrh||bo1
diril,dyryl
dirilt,dyrylbo2
dizdir,dyro1dyr
dizil,dyro1yl
dişle,dyso3l
doku,dwfo2w
doku,twfo2w
dokun,dwfo2wbo1
dokun,twfo2wbo1
dokundur,dwfo2wbo1dyr
dokunul,dwfo2wbo1l
dokut,dwfo2wbo2
dokut,twfo2wbo2
dol,dwl
dol,twl
dola,dwle
dolandır,dwlebo1dyr
dolaş,twleso3
dolaşdır,dwleso3dyr
dolaştırıl,dwleso3dyryl
doldurt,dwldwrbo2
doldurul,dwldwrl
don,twlo5o3
donan,dwbo1ebo1
donat,dwbo1ebo2
donat,twbo1ebo2
donatdır,dwbo1ebo2dyr
donatıl,dwbo1ebo2yl
dondur,dwbo1dwr
dondur,dwlo5o3dyr
donuklan,dwbo1wfo2lebo1
doy,dwy
doy,twy
doyrul,dwyrwl
doyrul,twyryl
doyul,dwywl
doyur,dwywr
doyur,twywr
doğ,dwao1
doğ,twao1
doğra,dwao1re
doğra,twao1re
doğrat,dwao1rebo2
doğrat,twao1rebo2
doğrul,dwao1rwl
doğrula,dwao1rwle
doğrult,dwao1rwlbo2
doğur,dwao1wr
doğur,twao1wr
doğurt,dwao1wrbo2
dumanla,dwmebo1le
dumanlan,dwmebo1lebo1
durakla,dwrefo2le
durakla,twrefo2le
durdur,dwrdwr
durdur,twrdyr
durul,dwrwl
durul,twrl
durul,twrwlebo1
durula,dwrwle
durulan,dwrwlebo1
durult,dwrwlbo2
duvaklan,dwwefo2lebo1m
duy,dwy
duy,twy
duyul,dwywl
duyur,dwywr
dök,dwk
dökdür,dwkdyr
dökül,dwkwl
dön,dwbo1
döndür,dwbo1dyr
dönül,dwbo1wl
dönüşdür,dwbo1wso3dyr
döğ,dwko7
döğdür,dwko7dyr
döğül,dwko7wl
döğün,dwko7wbo1
döğüş,dwko7wso3
döşe,dwso3h||
döşen,dwso3bo1
döşet,dwso3bo2
döşetdir,dwso3bo2dyr
dür,dwr
dürt,dwrbo2
dürül,dwrwl
düzel,dwro1h||l
düzelt,dwro1h||lbo2
düzle,dwro1lh||
düzlen,dwro1lh||bo1
düğmele,dwko7mh||l
düğmelen,dwko7mh||lbo1
düğümle,dwko7wmlh||
düşün,dwso3wbo1
düşünül,dwso3wbo1l
düşüpkalk,dwso3wbu3 fo2elfo2
düşür,dwso3wr
düşürt,dwso3wrbo2
dırlan,dyrlebo1
ebrüla,ebu1rwle
edeblen,edbu1lbo1
edil,eydl
edin,eydbo1
ekil,ekyl
ekle,eklh||
eksikle,eksyklh||
eksil,eksyl
eksilt,eksylbo2
ekşit,ekso3ybo2
ele,elh||
elet,elbo2
elle,eo5llh||
ellen,eo5llh||bo1
elleş,eo5llso3
elver,eo5lwyr
emdir,emdyr
emekle,emkl
emil,eo5ml
emzir,emro1yr
ensele,elo5o3sh||l
er,er
eri,ery
erit,erybo2
eritil,erydl
eriş,eyryso3
ertele,eyrbo2h||lh||
es,es
esaslan,eseslebo1
esaslandır,eseslebo2dyr
esdir,esdyr
esirge,eo5syrkh||
eski,eo5sky
eskit,eo5skybo2
esne,esbo1h||
esnet,eo5sbo1bo2
et,eybo2
etdir,eybo2dyr
etekle,ebo2klh||
ever,eo5wr
evir,eo5wyr
evlen,eo5wlh||bo1
eyle,eylh||
ez,ero1
ezberle,ero1bu1rlh||
ezberlen,ero1bu1rlbo1
ezberlet,ero1bu1rlbo2
ezdir,ero1dyr
ezil,ero1l
eğele,eko7h||l
eğelet,eko7h||lbo2
eğir,eko7r
eğirt,eko7yrbo2
eğle,eko7lh||
eğlen,eko7lbo1
eğlendir,eko7lbo1dyr
eğril,eko7rl
eşdir,eo5so3dyr
eşele,eo5so3h||lh||
eşil,eo5so3yl
eşin,eo5so3ybo1
eşleş,eo5so3lso3
faidelen,fo1ebo5dh||lbo1
fehmet,fo1hm eybo2
fenalaş,fo1bo1eleso3
fenalaşdır,fo1bo1eleso3dyr
ferahlan,fo1rexlebo1
ferahlan,fo1rexo1lebo1
ferahlandır,fo1rexo1lebo1dyr
ferahlandır,fo1rxlebo1dyr
feshet,fo1sxo1 eybo2
fevtet,fo1wbo2 eybo2
fidele,fo1ydh||l
filizle,fo1ylyro1lh||
filizlen,fo1ylyro1lbo1
fiskele,fo1yskh||l
fitille,fo1bo2yllh||
fitle,fo1ybo2llh||
fokurda,fo1wfo2wrde
fokurdat,fo1wfo2wrdebo2
fosurdat,fo1wzwrdebo2
fıkırda,fo1yfo2yrde
fırla,fo1rle
fırla,fo1yrle
fırlat,fo1yrlebo1
fırçala,fo1yrxu3h||le
fırçalan,fo1yrxu3h||lebo1
fırçalat,fo1yrxu3h||lebo2
fırıldat,fo1yryldebo2
fısla,fo1yzle
fısılda,fo1yzylde
fısıldaş,fo1yzyldeso3
fışkır,fo1yso3fo2yr
fışkırt,fo1yso3fo2yrbo2
fışırda,fo1yso3yrde
fışırdat,fo1yso3yrdebo2
gadret,ao1dreybo2
gagala,ao1eao1ele
gagalaş,ao1eao1eleso3
gamlan,ao1mlebo1
gamızla,ao1mro1le
garibse,ao1rybu1sh||
gayretlen,ao1yrbo2lbo1
gazablandır,ao1zo1bu1lebo1dyr
gazaplan,ao1zo1bu3lebo1
gaşyol,ao1so3y ewl
geber,ko7bu1r
gebert,ko7bu1rbo2
gecele,ko7yxu1h||l
gecik,ko7xu1yk
gel,ko7l
gencel,ko7bo1xu1l
genişle,ko7bo1yso3lh||
genişlen,ko7bo1yso3lh||bo1
genişlet,ko7bo1yso3lh||bo2
gençleş,ko7bo1xu1lso3
gerdir,ko7rdyr
gerial,ko7ry eo6l
geridön,ko7ry dwbo1
gerigit,ko7ry kybo2
gerikal,ko7ry fo2el
geriko,ko7ry fo2w
geril,ko7rl
gerin,ko7rbo1
geriver,ko7ry wyr
gerçekleş,ko7rxu1klso3
gerçekleşdir,ko7rxu1klso3dyr
getir,ko7bo2yr
getiril,ko7bo2yryl
getirt,ko7bo2yrbo2
getirtil,ko7bo2yrbo2yl
gev,ko7w
gev,ko7yw
gevre,ko7wrh||
gevret,ko7wrbo2
gevret,ko7wrh||bo2
gevşe,ko7wso3h||
gevşel,ko7wso3ly
gevşelt,ko7wso3lbo2
gevşet,ko7wso3bo2
gevşetil,ko7wso3bo2yl
gez,ko7ro1
gezdir,ko7ro1dyr
gezin,ko7ro1ybo1
geç,ko7xu3
geçin,ko7xu3ybo1
geçindir,ko7xu3ybo1dyr
geçir,ko7xu3yr
geçiril,ko7xu3yryl
geçirt,ko7xu3yrbo2
geçişdir,ko7xu3yso3dyr
geğir,kko7yr
gider,ko7ydr
gidil,ko7ydyl
gidiş,ko7yxu1yso3
gir,ko7yr
giril,ko7yryl
git,ko7ybo2
giy,ko7yy
giydir,ko7ydyr
giyil,ko7yl
giyin,ko7yybo1
gizle,ko7yro1lh||
gizlen,ko7yro1lbo1
gurkla,ao1wrfo2le
gurulda,ao1wrwlde
gururlan,ao1rwrlebo1
göbeklen,ko7wbu1klh||bo1
gölgelen,ko7wlko7h||lbo1
gölgelendir,ko7wlko7h||lbo1dyr
göm,ko7wm
gömül,ko7wml
gömül,ko7wmwl
gönder,ko7wbo1dr
gönderil,ko7wbo1dryl
göndert,ko7wbo1drbo2
gör,ko7wr
gördür,ko7wrdyr
görül,ko7wrwl
görün,ko7wrwbo1
görüşdür,ko7wrwso3dyr
görüşül,ko7wrwso3l
göster,ko7wsbo2r
gösteril,ko7wsbo2ryl
göstert,ko7wsbo2rbo2
götür,ko7wbo2wr
götürt,ko7wbo2wrbo2
götürül,ko7wbo2wrwl
göze,ko7wro1h||
gözen,ko7wro1h||bo1
gözet,ko7wro1bo2
gözetdir,ko7wro1bo2dyr
gözetil,ko7wro1bo2yl
gözetle,ko7wro1bo2lh||
gözle,ko7wro1lh||
gözük,ko7wro1wk
gözük,ko7wro1yk
göçür,ko7wxu3wr
göğüsger,ko7wko7s kr
göğüsle,ko7wko7slh||
gübrele,ko7wbu1rh||lh||
gübrelen,ko7wbu1rh||lh||bo1
gücen,ko7wxu1bo1
gücendir,ko7wxu1bo1dyr
gücenil,ko7wxu1bo1bo1yl
gül,ko7wl
güldür,ko7ldyr
gülümse,ko7wlwmsh||
gümbürde,ko7wmbu1wrdh||
gümüşle,ko7wmwso3lh||
gümüşlet,ko7wmwso3lh||bo2
güneşlen,ko7wbo1so3lh||bo1
güneşlet,ko7wbo1so3lh||bo2
günüle,ko7wbo1ylh||
güreş,ko7wrh||so3
güreşdir,ko7wrh||so3dyr
gürle,ko7wrlh||
gürülde,ko7wrwldh||
güt,ko7wbo2
güven,ko7wko7bo1
güvenil,ko7wko7bo1l
güzelle,ko7wro1llh||
güzellen,ko7wro1llbo1
güzelleş,ko7wro1llso3
güzelleşdir,ko7wro1llso3dyr
güçlen,ko7wxu1lbo1
güçlendir,ko7wxu1lbo1dyr
güçleş,ko7wxu1lso3
güçleşdir,ko7wxu1lso3dyr
güçsü,ko7wxu1sy
güçsün,ko7wxu1sybo1
gıcırda,ao1yxu1yrde
gıcırdat,ao1yxu1yrdebo2
gıdalan,ao1delebo1
gıdalandır,ao1delebo1dyr
gıdıkla,ao1ydyfo2le
gıdıklan,ao1ydyfo2lebo1
haberleş,xo1bu1rlh||so3
habset,xbu1s eybo2
habtet,xbu1t eybo2
haccet,xxu1 eybo2
hainleş,xo1ebo5so3lh||so3
haket,xk eybo2
hakket,xfo2 eybo2
hakla,xfo2le
haklaş,xfo2leso3
halet,xo1la eybo2
hallet,xl eybo2
haltet,xo1lt eybo2
hamdet,xmdeybo2
hamla,xo1emle
hamlaş,xo1emleso3
hamlet,xml eybo2
hamurla,xo1mwrle
hantallaş,xebo1telleso3
hararetlen,xrerbo2lh||bo1
harbet,xrbu1 eybo2
harca,xo1rxu1e
harcan,xo1rxu1ebo1
harekele,xrkh||lh||
harekelen,xrkh||lbo1
harekelendir,xrkh||lbo1dyr
harelen,xo1erh||lbo1
harla,xo1erle
harmanla,xo1rmebo1le
hasret,xzreybo2
hastalan,xo1sbo2h||lebo1
hasırla,xzyrle
hatmet,xo1bo2m eybo2
hatırla,xo1etrle
hatırlat,xo1etrlebo1
havalan,hwelebo1
havalandır,hwelebo1dyr
havla,hewle
havuzla,xwzo1le
havuzlan,xwzo1lebo1
haydala,heydele
haykır,heyfo2yr
haykırt,heyfo2yrbo1
hayıflan,xyfo1lebo1
hayırlaş,xo1yrleso3
hazfet,xdo1fo1 eybo2
hazmet,hzo1m eybo2
hazzet,xto1 eybo2
hazırla,xezo1rle
hazırlan,xezo1rlebo1
hazırlat,xezo1rlebo2
haşla,xo1eso3le
haşlan,xo1eso3lebo1
haşlat,xo1eso3lebo2
hecele,hxu1el
hedmet,hdm eybo2
helallaş,xlelleso3
hesabla,xsebu1le
hesaplaş,xsebu1leso3
horla,xo1wrle
horozlan,xo1wrwro1lebo1
hortla,xo1wrbo2le
horulda,xo1wrlde
hoşlan,xo1wso3lebo1
hoşlandır,xo1wso3lebo1dyr
hoşlaş,xo1wso3leso3
huylan,xo1wylebo1
hüzünlen,xro1bo1lh||bo1
hıfzet,xfo1to1 eybo2
hımhımla,xo1ymxo1yle
hırla,xo1yrle
hırslan,xrzlebo1
hırslandır,xrzlebo1dyr
hırılda,xo1yrylde
hırıldaş,xo1yryldeso3
hızlan,xo1yro1lebo1
hıçkır,hyxu3fo2yr
hışılda,xo1yso3ylde
hışırda,xo1yso3yrde
hışırdat,xo1so3yrdebo2
ihtiyarla,exo1bo2yerle
ihtiyarlat,exo1bo2yerlebo2
ikile,eykylh||
ilerle,eylrylh||
ilerlet,eylrylh||bo2
ilet,eylbo2
ilikle,eylyklh||
iliş,eylyso3
ilişdir,eylyso3dyr
ilmekle,eylmklh||
imren,eymrh||bo1
imrendir,eymrh||bo1dyr
imrenil,eymrh||bo1l
imzala,emzo1ele
imzalan,emzo1elebo1
imzalat,emzo1elebo2
inandır,eybo1ebo1dyr
inanıl,eybo1ebo1l
incelt,ebo1yxu1lbo2
incelt,eybo1xu1l
incin,ebo1xu1ybo1
incit,ebo1xu1ybo2
indir,eybo1dyr
indiril,eybo1dyryl
indirt,eybo1dyrbo2
inil,eybo1l
inilde,eylo5o3yldh||
inle,ebo1lo5o3lh||
inlet,ebo1lo5o3h||bo2
iple,eybu3lh||
irileş,eyrylso3
irk,eyrk
irkil,eyrkyl
isle,eyslh||
islen,eyslh||bo1
iste,eysbo2h||
istifle,esbo2yfo1lh||
itiş,eybo2yso3
iyilen,eyylh||bo1
iyileş,eyylso3
izle,eyro1l
içerile,eyxu3h||rylh||
iğ,eko7
iğil,eko7yl
iğnele,eyko7bo1h||lh||
iğren,eyko7rh||bo1
iğrendir,eyko7rh||bo1dyr
iğril,eko7rl
işe,eyso3h||
işen,eyso3h||bo1
işet,eyso3h||bo2
işit,eyso3ybo2
işitdir,eso3ybo2dyr
işitil,eyso3ydyl
işkillen,eyso3kybo1lh||bo1
işle,eyso3lh||
işlen,eyso3lh||bo1
işlet,eyso3lh||bo2
kabalaş,fo2ebu1eleso3
kabalaşdır,fo2ebu1eleso3dyr
kabar,fo2bu1er
kabar,fo2ebu1er
kabart,fo2ebu1erbo2
kabuklan,fo2ebu1wfo2lebo1
kabullen,fo2bu1wllh||bo1
kahret,fo2hreybo2
kahırlan,fo2hrlebo1
kak,fo2efo2
kakıl,fo2efo2yl
kalayla,fo2eleyle
kalaylan,fo2eleylebo1
kalaylat,fo2eleylebo2
kalbet,fo2lbu1 eybo2
kalburlan,fo2elbu1wrlebo1
kalburlat,fo2elbu1wrlebo2
kaldır,fo2eldyr
kaldırt,fo2eldyrbo2
kalk,fo2elfo2
kalkı,fo2elfo2y
kalkın,fo2elfo2ybo1
kalkış,fo2elfo2yso3
kalınlat,fo2elybo1lebo2
kalınlaş,fo2elybo1leso3
kalınlaşdır,fo2elybo1leso3dyr
kalıpla,fo2elbu1le
kalıplan,fo2elbu1lebo1
kalıplat,fo2elbu1lebo2
kamaş,fo2emeso3
kamaşdır,fo2emeso3dyr
kamburlaş,fo2embu1wrleso3
kamburlaşdır,fo2embu1wrleso3dyr
kamçıla,fo2emxu3yle
kamşdır,fo2emeso3dyr
kana,fo2ebo1e
kanatlan,fo2ebo1ebo2lebo1
kancala,fo2ebo1xu1h||le
kandilleş,fo2bo1dyllso3
kandır,fo2ebo1dyr
kandırıl,fo2ebo1dyryl
kanlan,fo2ebo1lebo1
kanıksa,fo2ebo1yfo2se
kanır,fo2elo5o3yr
kapa,fo2bu3e
kapa,fo2ebu3e
kapat,fo2ebu3ebo2
kapla,fo2ebu3le
kaplat,fo2ebu3lebo2
kaptır,fo2ebu3dyr
kapılan,fo2ebu3ylebo1
kapılandır,fo2ebu3ylebo1dyr
kapışdır,fo2ebu3yso3dyr
karala,fo2erele
karar,fo2erer
kararla,fo2rerle
kararlaş,fo2rerleso3
kararlaşdır,fo2rerleso3dyr
kararlaştırıl,fo2rerleso3dyryl
karart,fo2ererbo2
kartlan,fo2erbo2lebo1
kartlaş,fo2erbo2leso3
karıncalan,fo2erybo1xu1elebo1
karışdırıl,fo2eryso3dyryl
karşıla,fo2erso3yle
karşılan,fo2erso3ylebo1
karşılaş,fo2erso3yleso3
karşılaşdır,fo2erso3yleso3dyr
karşılaşdırıl,fo2erso3yleso3dyryl
kas,fo2ez
kasavetlen,fo2sewbo2lbo1
kasdet,fo2zdeybo2
kasıl,fo2ezyl
katla,fo2ebo2le
katlan,fo2ebo2lebo1
katlat,fo2ebo2lebo2
katmerleş,fo2ebo2mrlso3
katranla,fo2trebo1le
katranlat,fo2trebo1lebo2
katıl,fo2ebo2yl
katılaş,fo2ebo2yleso3
katılaşdır,fo2ebo2yleso3dyr
katışdır,fo2ebo2yso3dyr
kat’et,fo2ta eybo2
kavla,fo2ewle
kavra,fo2ewre
kavrul,fo2ewrwl
kavur,fo2ewr
kavur,fo2ewwr
kavurt,fo2ewwrbo2
kavuş,fo2ewwso3
kavuştur,fo2ewwso3dyr
kay,fo2ey
kaybol,fo2ebo5bu1 ewl
kaydet,fo2yd eybo2
kaydır,fo2eydyr
kaydırıl,fo2eydyryl
kaymaklan,fo2eymefo2lebo1
kayna,fo2eybo1e
kaynat,fo2eybo1ebo2
kaynatdır,fo2eybo1ebo2dyr
kaynaş,fo2eybo1eso3
kaynaştır,fo2eybo1eso3dyr
kayrıl,fo2eyryl
kazandır,fo2erebo1dyr
kazanıl,fo2ero1ebo1yl
kazdır,fo2ero1dyr
kazı,fo2ero1y
kazıkla,fo2ero1yfo2le
kazıl,fo2ero1yl
kazın,fo2ero1ybo1
kazıt,fo2ero1ybo2
kaçır,fo2exu3yr
kaçırt,fo2exu3yrbo2
kaçırıl,fo2exu3ryl
kağşa,fo2eao1so3e
kaşağıla,fo2eso3eao1yle
kederlen,kdrlbo1
kefele,kfo1h||l
kefenle,kfo1bo1l
kehlelen,khlh||lbo1
kekele,kkh||l
kemir,kmyr
kenetle,kybo1bo2lh||
kenetlen,kybo1bo2lh||bo1
kenetlet,kybo1bo2lh||bo2
kepazele,kbu3ero1h||l
kepazelen,kbu3ero1h||lbo1
kepazelet,kbu3ero1h||lbo2
kert,krbo2
kesbet,ksbu1 eybo2
kesele,kysh||lh||
keselen,kysh||lbo1
kesil,ksyl
keskinlen,kskybo1lh||bo1
keskinleş,kskybo1lso3
kestir,ksdyr
kestiril,ksdyryl
ketmet,kbo2m eybo2
keyiflen,kyfo1lbo1
keyifsizlen,kyfo1sro1lbo1
keçeleş,kxu3h||lso3
kibarlaş,kbu1erleso3
kilitle,klydlh||
kilitlen,klydlbo1
kilitlet,klydlbo2
kirala,krele
kirişle,kryso3l
kirlen,kyrlbo1
kirlet,kyrlbo2
kirletdir,kyrlbo2dyr
kitle,kybo2lh||
kitlen,kybo2lh||bo1
kitlet,kybo2lh||bo2
kişne,kyso3bo1h||
koca,fo2wxu1e
kocal,fo2wxu1el
kocalaş,fo2wxu1h||leso3
kocalt,fo2wxu1elbo2
kocat,fo2wxu1ebo2
kocun,fo2wxu1bo1
kokla,fo2wfo2le
koklat,fo2wfo2lebo2
koklaş,fo2wfo2leso3
kokut,fo2wfo2wbo2
kolala,fo2wlele
kolalan,fo2wlelebo1
kolalat,fo2wlelebo2
kolayla,fo2wleyle
kolaylan,fo2wleylebo1
kolaylat,fo2wleylebo2
kolaylaş,fo2wleyleso3
kolaylaşdır,fo2wleyleso3dyr
kolla,fo2wlle
kolonla,fo2wlwbo1le
koltukla,fo2wlbo2wfo2le
kon,fo2wbo1
kondur,fo2wbo1dwr
konukla,fo2wbo1wfo2le
konul,fo2wbo1wl
konuş,fo2wbo1wso3
konuşdur,fo2wbo1wso3dyr
konuşul,fo2wbo1wso3wl
kop,fo2wbu3
kopar,fo2wbu3er
kopart,fo2wbu3erbo2
koparıl,fo2wbu3eryl
kopçalat,fo2wbu3xu3elebo2
kork,fo2wrfo2
korkul,fo2wrfo2l
korkut,fo2wrfo2bo2
kov,fo2wao1
kovala,fo2wao1ele
kovala,fo2wwele
kovdur,fo2wao1dyr
kovul,fo2wao1l
koyul,fo2wywl
koyulaş,fo2wywleso3
koyulaşdır,fo2wywleso3dyr
koyuver,fo2wywwyr
koçlan,fo2wxu3lebo1
koğ,fo2wao1
koğdur,fo2wao1dyr
koğul,fo2wao1l
koş,fo2wso3
koşdur,fo2wso3dyr
koşul,fo2wso3wl
kucakla,fo2wxu1ebo1le
kudur,fo2wdwr
kudurt,fo2wdwrbo2
kulaçla,fo2wlexu1le
kullan,fo2wllebo1
kullandır,fo2wllebo1dyr
kullanıl,fo2wllebo1yl
kundakla,fo2wbo1defo2le
kurcala,fo2wrxu1ele
kurdur,fo2wrdyr
kurtar,fo2wrbo2er
kurtarıl,fo2wrbo2eryl
kurtlan,fo2wrbo2lebo1
kurtlandır,fo2wrbo2lebo1dyr
kurtul,fo2wrbo2wl
kurul,fo2wrwl
kurula,fo2wrwle
kurulan,fo2wrwlebo1
kurutul,fo2wrwbo2yl
kurşunla,fo2wrso3wbo1le
kurşunlan,fo2wrso3wbo1lebo1
kus,fo2wz
kusdur,fo2wzdyr
kutlan,fo2wbo2lebo1
kuvvetlen,fo2wbo2lbo1
kuvvetlendir,fo2wbo2lbo1dyr
kuzula,fo2wro1wle
kuşakla,fo2wso3efo2le
kuşan,fo2wso3ebo1
kuşkulan,fo2wso3fo2wlebo1
kökle,kwklh||
köklen,kwklbo1
kökleş,kwklso3
köpekle,kwbu3klh||
köpür,kwbu3wr
köpürt,kwbu3wrbo2
körle,kwrlh||
körlen,kwrlbo1
körlet,kwrlbo2
köstekle,kwsbo2klh||
kösteklen,kwsbo2klh||bo1
kötüle,kwbo2wlh||
kötülen,kwbo2wlbo1
kötüleş,kwbo2wlso3
kötüleşdir,kwbo2wlso3dyr
küflen,kwfo1lbo1
küflet,kwfo1lbo2
kükre,ko7wkrh||
küre,kwrh||
kürele,kwrh||l
kürü,kwrw
küs,kws
küstür,kwsdyr
kütle,kwbo2lh||
kütürde,kwbo2wrdh||
küçükle,kwxu3wkl
küçül,kwxu3wl
küçült,kwxu3wlbo1
kılavuzla,fo2wleao1wro1le
kıldır,fo2yldyr
kıllan,fo2yllebo1
kımılda,fo2ylmylde
kımıldan,fo2ylmyldebo1
kımıldat,fo2ylmyldebo2
kınan,fo2ybo1ebo1
kınla,fo2ybo1le
kıpırda,fo2ybu3rde
kıpırdan,fo2ybu3rdebo1
kıpırdat,fo2ybu3rdebo2
kırbaçla,fo2yrbu1exu1le
kırbaçlan,fo2yrbu1exu1lebo1
kırdır,fo2yrdyr
kırkla,fo2yrfo2le
kırıl,fo2yryl
kırıt,fo2yrbo2
kıs,fo2yz
kısal,fo2yzel
kısalt,fo2yzelbo2
kıskan,fo2yzfo2ebo1
kıskandır,fo2yzfo2ebo1dyr
kıskanıl,fo2yzfo2ebo1yl
kıstır,fo2yzdyr
kısıl,fo2yzyl
kıtlaş,fo2ybo2leso3
kıvamlan,fo2wemlebo1
kıvra,fo2ywre
kıvran,fo2ywrebo1
kıvrıl,fo2ywryl
kıvır,fo2ywyr
kıvırt,fo2ywyrbo2
kıy,fo2yy
kıydır,fo2yydyr
kıyıl,fo2yyyl
kızar,fo2yro1er
kızart,fo2yro1erbo2
kızış,fo2yro1yso3
kışkırt,fo2yso3fo2yrbo2
kışlat,fo2yso3lebo2
lağvet,lao1w eybo2
la’netle,labo1bo2lh||
lehimle,lhymlh||
lehimlen,lhymlbo1
lehimlet,lhymlbo2
lekele,lkh||lh||
lekelen,lkh||lbo1
lekelet,lkh||lbo2
levmet,lwm eybo2
lezzetlen,ldo1bo2lbo1
lezzetlendir,ldo1bo2lbo1dyr
limanla,lymebo1le
lodosla,lwdwsle
mahmuzla,mehmwro1le
mahvedil,mxw eydl
mahvol,mxwewl
malala,melele
mandalla,mebo1delle
markala,merfo2ele
matet,mebo2 eybo2
mayalan,meyh||lebo1
mayalandır,meyh||lebo1dyr
mayalat,meyh||lebo2
mağrurlan,mao1rwrlebo1
medhet,mdx eybo2
mektuplaş,mkbo2wbu1leso3
mele,mlh||
menet,mbo1a eybo2
meraklan,mrefo2lebo1
merhabalaş,mrxbu1eleso3
messet,ms eybo2
mes’et,ms eybo2
mezcet,mro1xu1 eybo2
mimle,mymlh||
mimlen,mymlh||bo1
minele,mybo1h||l
morar,mwrer
morart,mwrerbo2
mühürle,mhrl
mühürlen,mhrlbo1
mühürlet,mhrlbo2
mıhla,myxo1le
mıhlan,myxo1lebo1
mırılda,myrylde
mırıldan,myryldebo1
naklet,bo1fo2l eybo2
nakzet,bo1fo2zo1 eybo2
nalla,bo1alle
nallan,bo1allebo1
nallat,bo1allebo2
nasbet,bo1zbu1 eybo2
nasırlan,bo1ezyrlebo1
nazlan,bo1ero1lebo1
nefeslen,bo1fo1slbo1
nefhet,bo1fo1xo1 eybo2
nefyet,bo1fo1y eybo2
nemlen,bo1mlbo1
nemlet,bo1mlbo2
neshet,bo1sxo1 eybo2
neticelen,bo1bo2yxu1h||lbo1
neşret,bo1so3reybo2
neş’elen,bo1so3bo5h||lbo1
neş’elendir,bo1so3bo5h||lbo1dyr
noktala,bo1fo2th||le
nükset,bo1ks eybo2
ofla,ewfo1le
oku,ewfo2w
okun,ewfo2wbo1
okut,ewfo2wbo2
okşa,ewfo2so3e
olun,ewlwbo1
omuzla,ewmwro1le
onar,ewlo5o3er
onul,ewlo5o3l
oranla,ewrebo1le
ortala,ewrbo2h||le
otlan,ewbo2lebo1
otlat,ewbo2lebo2
otur,ewbo2wr
ov,ewao1
ov,eww
ovala,ewao1ele
ovala,ewwele
ovuştur,ewao1wso3dwr
oy,ewy
oyala,ewyele
oyalan,ewyelebo1
oyalandır,ewyelebo1dyr
oyna,ewybo1e
oynat,ewybo1ebo2
oğ,ewao1
oğala,ewao1ele
oğuştur,ewao1wso3dwr
pabuc,
pahalan,bu3helebo1
pahalılaş,bu3helyleso3
palazla,bu3elero1le
parala,bu3erele
paralan,bu3erelebo1
parla,bu3erle
parlat,bu3erlebo2
parçala,bu3erxu3ele
parçalan,bu3erxu3elebo1
parçalat,bu3erxu3elebo2
paslan,bu3eslebo1
pastala,bu3esbo2ele
patakla,bu3ebo2efo2le
patla,bu3ebo2le
patlat,bu3ebo2lebo2
payla,bu3eyle
paylaş,bu3eyleso3
paylaşdır,bu3eyleso3dyr
pazarlaş,bu3ero1erleso3
pehpehle,bu3h||h||bu3h||hlh||
pekiş,bu3kyso3
pekiştir,bu3kyso3dyr
pelteklen,bu3lbo2sklh||bo1
peltekleş,bu3lbo2sklh||so3
pençele,bu3bo1xu3h||lh||
pençeleş,bu3bo1xu3h||lh||so3
pepele,bu3h||bu3h||lh||
perdahla,bu3rdexle
perdele,bu3rdh||lh||
perdelen,bu3rdh||lh||bo1
pergelle,bu3rko7lh||
perçinle,bu3rxu3ybo1lh||
peyle,bu3ylh||
peylen,bu3ylh||bo1
peyleş,bu3ylh||so3
peynirlen,bu3ybo1yrlh||bo1
pinekle,bu3ybo1klh||
pintilen,bu3ybo1bo2ylh||bo1
pintileş,bu3ybo1bo2ylh||so3
pirelen,bu3yrh||lh||bo1
pisle,bu3yslh||
pislen,bu3yslh||bo1
pislet,bu3yslh||bo2
pisleş,bu3yslh||so3
pişir,bu3yso3yr
pişirt,bu3yso3yrbo2
pohpohla,bu3wh||bu3whle
porsu,bu3wzw
posalan,bu3wzelebo1
poyrazla,bu3wyrero1le
puslan,bu3wzlebo1
pörsü,bu3wrsw
pörsüt,bu3wrswbo2
pürüzlen,bu3wrwro1lh||bo1
püskür,bu3wskwr
püskürt,bu3wskwrbo2
pıhtılan,bu3xo1bo2ylebo1
pıhtılat,bu3xo1bo2ylebo2
pıhtılaş,bu3xo1bo2yleso3
pıhtılaştır,bu3xo1bo2yleso3dyr
rahatlan,rexbo2lebo1
rahatsızlan,rexbo2sro1lebo1
rakset,rfo2z eybo2
ramet,rem eybo2
raptet,rbu1t eybo2
rasgel,resbo2 kl
rasla,resbo2le
rastla,resbo2le
recmet,rxu1m eybo2
reddet,rdeybo2
ref’et,rfo1a eybo2
rendele,rbo1dh||lh||
rendelen,rbo1dh||lbo1
renkle,rbo1klh||
renklen,rbo1klbo1
revaclandır,rwexu1lebo1dyr
ruganla,rwao1bo1le
ruhla,rwxlebo1
ruhlandır,rwxlebo1dyr
sabahla,zbu1exle
sabahlat,zbu1exlebo2
sabunla,zebu1wbo1le
sabunlat,zebu1wbo1lebo2
sabırsızlan,zbu1rsro1lebo1
sakallan,zefo2ellebo1
sakatla,sfo2tle
sakatlan,sfo2tlebo1
sakla,zefo2le
saklan,zefo2lebo1
saklanıl,zefo2lebo1yl
saklat,zefo2lebo2
salbet,zlbu1 eybo2
saldır,zeldyr
salla,zelle
sallan,zellebo1
sallandır,zellebo1dyr
salın,zelybo1
salıver,zelywyr
sancılan,zebo1xu1ylebo1
sapdır,zebu3dyr
sapla,zebu3le
saplan,zebu3lebo1
saplat,zebu3lebo2
sapıt,zebu3ybo2
sar,zer
sarar,serer
sarart,sererbo2
sark,zerfo2
sarkıl,zerfo2yl
sarkıt,zerfo2ybo2
sarplaş,zerbu3leso3
sars,zerz
sarsıl,zerzyl
sarıl,zeryl
sarın,zerybo1
sat,zebo2
sataş,zebo2eso3
satdır,zebo2dyr
satıl,zebo2yl
satınal,zebo2wbo1 eo6l
savrul,zewrwl
savsakla,zewsefo2le
savuş,zewwso3
savuşdur,zewwso3dyr
say,zey
sayıkla,zeyyfo2le
sayıl,zeyyl
saçmala,zexu3mh||le
saçıl,zexu3yl
saçışdır,zexu3yso3dyr
sağdır,zeao1dyr
sağla,zeao1le
sağlamla,zeao1lemle
sağlamlan,zeao1lemlebo1
sağlamlaş,zeao1lemleso3
sağlamlaşdır,zeao1lemleso3dyr
sağıl,zeao1yl
sa’yet,say eybo2
sebket,sbu1fo2 eybo2
sek,sk
sekdir,skdyr
selamla,slemle
selamlaş,slemleso3
semir,smyr
semirt,smyrbo2
sendele,sbo1dh||l
senetleş,sbo1dlso3
serdet,srd eybo2
serdir,srdyr
seril,sryl
serinle,srybo1l
serinlen,srybo1lbo1
serinlet,srybo1lbo2
serinleş,srybo1lso3
serp,srbu3
serpdir,srbu3dyr
serpil,srbu3yl
serpişdir,srbu3so3dyr
sersemle,srsmlh||
sertlen,srbo2llbo1
sertlendir,srbo2lbo1dyr
sertleş,srbo2lso3
sertleşdir,srbo2lso3dyr
sesle,sslh||
setret,sbo2reybo2
sev,sw
sevdir,swdyr
sevil,swyl
sevin,swybo1
sevindir,swybo1dyr
seviş,swyso3
sevket,swfo2 eybo2
seyrekleş,sko7rklso3
seyrekleştir,sko7rklso3dyr
seyret,syreybo2
sez,sro1
sezdir,sro1dyrd
sezil,sro1yl
seç,sxu3
seçdir,sxu3dyr
seçil,sxu3l
seğir,sko7r
seğirt,sko7rbo2
siftahla,sfo1bo2exle
siftin,syfo1bo2ybo1
sihirle,sxrl
silahlandır,slexlebo1dyr
sildir,syldyr
silin,sylbo1
silk,sylk
sin,syk
sindir,sybo1dyr
sindir,sylo5o3dyr
sinirlen,sybo1yrlbo1
sirkin,syrkybo1
sislen,syslh||bo1k
siviş,sywyso3
sivril,sywryl
sivrileş,sywrylso3
sivrilt,sywrylbo2
siyahlan,syehlebo1
siyahlat,syehlebo2
sok,zwfo2
sokdur,zwfo2dyr
sokul,zwfo2wl
sokuşdur,zwfo2wso3dyr
soldur,zwldyr
solu,zwlw
solut,zwlwbo2
somurt,zwmwrbo2
sor,zwr
sordur,zwrdwr
sorul,zwrl
soruşdur,zwrwso3dyr
soyun,zwywbo1
soğu,zwao1w
soğukla,zwao1wfo2le
soğut,zwao1wbo2
soğutul,zwao1wbo2yl
sula,zwle
sulan,zwlebo1
sulandır,zwlebo1dyr
sulat,zwlebo2
sulhet,zlx eybo2
sun,zwbo1
sundur,zwbo1dr
susa,zwze
susat,zwsebo2
susdur,zwzdyr
sök,swk
sökül,swkwl
sömür,swmwr
sön,swbo1
sön,swko7wbo1
söndür,swbo1dwr
söndür,swko7wbo1dyr
söyle,swylh||
söylenil,swylh||bo1yl
söylet,swylh||bo2
söyleş,swylh||so3
sözleş,zwro1lso3
söğdür,swko7dr
sümkür,swmkwr
süpür,swbu3wr
süpürt,swbu3wrbo2
süpürtül,swbu3wrl
sür,swr
sürdür,swrdyr
sürgüle,swrko7wl
sürt,swrbo2
sürtül,swrbo2l
sürtün,swrbo2bo1
sürükle,swrwkl
sürükle,swrwklbo1
sürüklen,swrwklbo2
sürün,swrwbo1
süründür,swrwbo1dyr
sürüt,swrwbo2
süslen,swslbo1
süz,swro1
süzdür,swro1dyr
süzül,swro1wl
sıklaş,zyfo2leso3
sıklaşdır,zyfo2leso3dyr
sıkıl,zyfo2yl
sıkış,zyfo2yso3
sıkışdır,zyfo2yso3dyr
sına,zybo1e
sınan,zybo1ebo1
sırala,zyrh||le
sıralan,zyrh||lebo1
sırtar,zyrbo2er
sırtla,zyrbo2le
sırıt,zyrybo2
sıvala,zywele
sıvan,zyao1ebo1
sıvan,zywebo1
sıvazla,zywero1le
sıyrıl,zyyryl
sıyır,zyyr
sız,zyro1
sızdır,zyyrdyr
sızlan,zyro1lebo1
sızlat,zyro1lebo2
sızır,zyro1yr
sıçra,zyxu3re
sıçrat,zyxu3rebo2
sığa,zyao1e
sığdır,zyao1dyr
sığın,zyao1ybo1
sığış,zyao1yso3
sığışdır,zyao1yso3dyr
tab’et,tbu1a eybo2
takdır,tefo2dyr
takuşdur,dwfo2wso3dyr
takıl,tefo2yl
takın,tefo2ybo1
takırda,tefo2yrde
takırdat,tefo2yrdebo2
takışdır,tefo2yso3dyr
tallen,bo2llh||bo1
tanı,tebo1y
tanın,tebo1ybo1
tanış,tebo1yso3
tap,tebu3
tapdır,teydyr
tapın,tebu3ybo1
tapışdır,tebu3yso3dyr
tara,tere
tarakla,terefo2le
taraklan,terefo2lebo1
taraklat,terefo2lebo2
taran,terebo1
tardet,trdeybo2
tarhet,trx eybo2
tart,terbo2
tartakla,terbo2efo2le
tartdır,terbo2dyr
tartıl,terbo2yl
tartış,terbo2yso3
tasarla,bo2eserle
tasarlan,bo2eserlebo1
tasla,tesle
tatdır,tebo2dyr
tatla,tebo2le
tatlan,tebo2lebo1
tatlılaş,tebo2lyleso3
tatlılaşdır,tebo2lyleso3dyr
tatsızlan,tebo2sro1lebo1
tatsızlat,tebo2sro1lebo2
tavla,bo2ewle
tavlan,bo2ewlebo1
tavsa,bo2ewse
tavsat,bo2ewsebo2
tayyet,ty eybo2
tazele,bo2ero1h||lh||
tazelen,bo2ero1h||lh||bo1
tazeleş,bo2ero1h||lh||so3
taşla,teso3le
taşlat,teso3lebo2
taşı,teso3y
taşın,teso3ybo1
taşır,teso3yr
taşıt,teso3ybo2
ta’net,tabo1 eybo2
tekerle,bo2krlh||
tekerlen,bo2krlh||bo1
tekmele,bo2kmh||lh||
tekmille,bo2kmyllh||
tekrarla,bo2krerle
telgrafla,bo2lao1refo1le
telle,bo2llh||
telle,bo2llh||bo1
tellendir,bo2llh||bo1dyr
temamlan,bo2memlebo1
temamlat,bo2memlebo2
tembelleş,bo2bo1bu1llh||so3
temellen,bo2mllh||bo1
temelleş,bo2mllh||so3
temelleşdir,bo2mllh||so3dyr
temizle,bo2myro1lh||
temizlen,bo2myro1lh||bo1
temizlet,bo2myro1lh||bo2
tenhalaş,bo2bo1heleso3
tep,bo2bu3
tepele,bo2bu3h||lh||
tepin,bo2bu3ybo1
tepindir,bo2ybu3bo1dyr
tepiş,bo2bu3yso3
terle,bo2rlh||
terlet,bo2rlh||bo2
tersle,bo2rslh||
terslen,bo2rslh||bo1
teyelle,bo2ko7llh||
tiftiklen,bo2yfo1bo2yklh||bo1
tiksin,bo2yksybo1
tiksin,dyksybo1
tilkileş,bo2ylkylh||so3
tipile,bo2ybu3ylh||
tiridleş,bo2yrydlh||so3
tirilde,bo2yryldh||
titizlen,bo2ybo2yro1lh||bo1
titre,bo2ybo2rh||
titret,bo2ybo2rh||bo2
tokatla,twfo2ebo2le
tokuşdur,dwfo2wso3dyr
tokuşdur,twfo2wso3dwr
tomruklan,twmrwfo2lebo1
tomurcuklan,twmrwxu1efo2lebo1
topalla,twbu3elle
topallan,twbu3ellebo1
toparla,twbu3erle
toplan,twbu3lebo1
toplanıl,twbu3lebo1yl
toplat,twbu3lebo2
toplaş,twbu3leso3
toprakla,twbu3refo2le
torbalan,twrbu1elebo1
torpille,twrbu3yllh||
tozlan,bo2wro1lebo1
tut,twbo2
tutdur,twbo1dyr
tutkalla,twbo2fo2elle
tutun,twbo2wbo1
tutuş,twbo2wso3
tutuşdur,twbo2wso3dr
törpüle,bo2wrbu3wlh||
tüken,bo2wkh||bo1
tüket,bo2wkh||bo2
tükür,bo2wkwr
tümsel,bo2wmsh||l
tüne,bo2wbo1h||
tünekle,bo2wbo1klh||
türe,bo2wrh||
türkleş,bo2wrklso3
tüt,bo2wbo2
tütdür,bo2wbo2dwr
tütsüle,bo2wbo2swlh||
tütsülen,bo2wbo2swlh||bo1
tüylen,bo2wylh||bo1
tık,tyfo2
tıka,tyfo2e
tıkan,tyfo2ebo1
tıksır,tyfo2yr
tıkırda,tyfo2yrde
tıkırdat,tyfo2yrdebo2
tın,tybo1
tıngırda,tybo1ao1yrde
tıngırdat,tybo1ao1yrdebo2
tınla,tybo1le
tıpırda,tybu3yrde
tırmala,trmele
tırmala,tyrmele
tırman,tyrmebo1
tırmıkla,tyrmyfo2le
tısla,tysle
tığla,bo2yao1le
ufal,ewfo1el
ufala,ewfo1ele
ufala,ewfo1le
ufalan,ewfo1elebo1
ufalt,ewfo1elbo2
ufunetlen,afo1wbo1bo2lbo1
ufunetlendir,afo1wbo1bo2lbo1dyr
ula,ewle
ulat,ewlebo2
uluş,ewlwso3
um,ewm
umursan,emwrsebo1
unal,ewlo5o3el
unar,ewlo5o3er
unul,ewlo5o3l
unut,ewbo1h||bo2
unutdur,ewbo1wbo2dyr
uslan,ewzlebo1
utandır,ewbo2ebo1dyr
uy,ewy
uyan,ewyebo1
uyandır,ewyebo1dyr
uydur,ewydwr
uyu,ewyw
uyukla,ewywfo2le
uyut,ewywbo2
uyuş,ewywso3
uza,ewro1e
uzat,ewro1ebo2
uzlaş,ewro1leso3
uç,ewxu3
uçukla,ewxu3wfo2le
uçur,ewxu3wr
uçurt,ewxu3wrbo2
uçuş,ewxu3wso3
uğra,ewao1re
uğrat,ewao1rebo2
uğraştır,ewao1reso3dyr
uğulda,ewao1wlde
uğurla,ewao1wrle
vadet,wad||eybo2
vahyet,wxy eybo2
vakfet,wfo2fo1 eybo2
varakla,wrfo2le
vardır,werdyr
varet,wereybo2
varol,werewl
varıl,weryl
vazgeç,wero1kxu3
vedalaş,wdealeso3
ver,wyr
verdir,wyrdyr
veril,wyrl
vize et,wyro1h||eybo2
vur,wr
vurul,wrwl
vızla,wyro1le
vızılda,wyro1ylde
yabala,yebu1h||le
yadet,yedeybo2
yadırga,yedyrao1e
yak,yefo2
yakala,yefo2h||le
yakalan,yefo2h||lebo1
yakar,yefo2er
yakdır,yefo2dyr
yaklaş,bo2efo2leso3
yaklaşdır,yefo2leso3dyr
yakıl,yefo2l
yakıl,yefo2yl
yakınlaş,yefo2ybo1leso3
yakınlaşdır,yefo2ybo1leso3dyr
yakış,yefo2yso3
yakışdır,yefo2yso3dyr
yala,yele
yalat,yelebo2
yaldızla,yeldyro1le
yaldızlat,yeldyro1lebo2
yaltaklan,yelbo2efo2lebo1
yalvar,yelwer
yama,yeme
yamala,yemh||le
yamalan,yemh||lebo2
yamat,yemebo2
yanaş,yebo1eso3
yanaşdır,yebo1eso3dyr
yanbak,yebo1 yefo2
yankıla,yebo1fo2yle
yanıl,yebo1yl
yanıl,yelo5o3yl
yanılt,yelo5o3ylbo2
yap,yebu3
yapdır,yebu3dyr
yapraklan,yebu3refo2lebo1
yapıl,yebu3yl
yapışdır,yebu3yso3dyr
yapışdırıl,yebu3yso3dyryl
yarala,yerh||le
yaralan,yerh||lebo1
yarat,yerebo2
yaratıl,yerebo2yl
yardır,yerdyr
yargıla,yerao1yle
yarıla,yeryle
yarımla,yerymle
yarış,yeryso3
yassılan,yezo8ylebo1
yassılt,yezo8ylbo2
yatır,yebo2yr
yatış,yebo2yso3
yatıştır,yebo2yso3dyr
yavrula,yewrwle
yavrulat,yewrwlebo2
yaydır,yeydyr
yayıl,yeyyl
yazdır,yero1dyr
yazla,yero1le
yazlat,yero1lebo2
yazıl,yero1yl
yağdır,yeao1dyr
yağla,yeao1le
yağlan,yeao1lebo1
yağlat,yeao1lebo2
yağmurla,yeao1mwrle
yaşar,yeso3er
yaşat,yeso3ebo2
yaşmakla,yeso3mefo2le
yaşmaklan,yeso3mefo2lebo1
yaşız,yero1yso3
ye,y
yedir,ydyr
yelekle,ylke
yelkenlen,ylkbo1lbo1
yelle,yllh||
yellen,yllbo1
yelpazele,ylbu3ero1h||l
yelpazelen,ylbu3ero1h||lbo1
yelten,ylbo2bo1
yenil,ybo1yl
yenil,ylo5o3l
yenil,ylo5o3yl
yenile,ylo5o3ylh||
yenilen,ylo5o3ylh||bo1
yenilet,ylo5o3ylbo2
yerin,yrybo1
yerleş,yrlso3
yerleşdir,yrlso3dyr
yerleşdiril,yrlso3dyrl
yet,ybo2
yetdir,ybo2dyr
yetiş,ybo2yso3
yetişdir,ybo2yso3dr
yeşer,yso3yr
yeşillen,yso3yllbo1
yeşillendir,yso3yllbo1dyr
yit,yybo2
yitdir,yybo2dyr
yoket,ywfo2 eybo2
yokla,ywfo2le
yoklan,ywfo2lebo1
yoklat,ywfo2lebo2
yoklaşdır,ywfo2leso3dyr
yoldur,ywldyr
yolla,ywlle
yolun,ywlwbo1
yon,ywbo1
yonul,ywbo1l
yor,ywr
yorganla,ywrao1ebo1le
yorul,ywrwl
yosunlan,ywzwbo1lebo2
yoğrul,ywao1rwl
yoğurt,ywao1wr
yu,yw
yum,ywm
yumakla,ywmefo2le
yumaklan,ywmefo2lebo1
yumrukla,ywmrwfo2le
yumul,ywml
yumurtla,ywmwrtle
yumurtlat,ywmwrtlebo2
yumşa,ywmso3e
yumşat,ywmso3ebo2
yun,ywbo1
yurtlan,ywrbo2lebo1
yurtlandır,ywrbo2lebo1dyr
yut,ywbo2
yutdur,ywbo2dyr
yutkun,ywbo2fo2wbo1
yutul,ywbo2l
yuvala,ywwele
yuvarla,ywwerle
yuvarlan,ywwerlebo1
yuvarlat,ywwerlebo2
yücel,ywxu1l
yücelen,ywxu1h||lbo1
yücelt,ywxu1h||lbo1
yücelt,ywxu1lbo2
yükle,ywkl
yüklen,ywklbo1
yüklet,ywklbo2
yüksel,ywksl
yükselt,ywkslbo2
yüksü,ywksy
yünle,ywlo5o3l
yüreklen,ywrklbo1
yüreklendir,ywklbo1dyr
yürü,ywrw
yürün,ywrwbo1
yürüt,ywrwbo2
yürütül,ywrwdl
yüzdür,ywro1dyr
yüzle,ywro1l
yüzleş,ywro1lso3
yüzleşdir,ywro1lso3dyr
yüzver,ywro1wyr
yüzül,ywro1wl
yık,yyfo2
yıka,yyfo2e
yıkan,yyfo2ebo1
yıkdır,yyfo2dyr
yıkdırıl,yyfo2dyrl
yıkıl,yyfo2l
yıldır,yyldyr
yılla,yylle
yılış,yylyso3
yırt,yyrbo2
yırtıl,yyrbo2l
yırtın,yyrbo2bo1
yığ,yyao1
yığdır,yyao1dyr
yığıl,yyao1l
zamkla,zo1mao1le
zamklan,zo1mao1lebo1
zamklat,zo1mao1lebo2
zammet,zo1m eybo2
zangırda,ro1ebo1ao1yrde
zannet,to1bo1 eybo2
zaptet,zo1bu1t eybo2
zayıfla,zo1ayfo1le
zayıflat,zo1ayfo1lebo2
zedele,ro1dh||l
zedelen,ro1dh||lbo1
zemmet,do1m eybo2
zenginle,ro1bo1ko7ybo1lh||
zevklen,do1wfo2lbo1
zevklendir,do1wfo2lbo1dyr
zevzeklen,ro1wro1klbo1
ziftle,ro1yfo1bo2lh||
ziftlen,ro1yfo1bo2lbo1
zincirle,ro1bo1xu1yrl
zincirlen,ro1bo1xu1yrlbo1
ziyadeleş,ro1yedh||lso3
ziyadeleşdir,ro1yedh||lso3dyr
ziynetle,ro1ybo1bo2lh||
ziynetlen,ro1ybo1bo2lbo1
zonkla,ro1wbo1fo2le
zorla,ro1wlh||
zıbar,ro1ybu1er
zıkkımlan,ro1fo2wmlebo1
zımbala,ro1ymbu1ele
zımbalat,ro1ymbu1elebo2
zıngırda,ro1ybo1ao1yrde
zıngırdat,ro1ybo1ao1yrdebo2
zırılda,ro1yrylde
çabala,xu3ebu1ele
çakdır,xu3efo2dyr
çakışdır,xu3efo2so3dyr
çaldır,xu3eldyr
çalka,xu3elfo2e
çalkan,xu3elfo2ebo1
çalkat,xu3elfo2ebo2
çalın,xu3elybo1
çalış,xu3elyso3
çalıştır,xu3elyso3dyr
çalışıl,xu3elyso3yl
çamurla,xu3emwrle
çamurlan,xu3emwrlebo1
çamurlat,xu3emwrlebo2
çangırda,xu3ebo1ao1yrde
çapaklan,xu3ebu3efo2lebo1
çapala,xu3ebu3ele
çapalan,xu3ebu3elebo1
çarp,xu3erbu3
çarpdır,xu3erbu3dyr
çarpıl,xu3erbu3yl
çarpış,xu3erbu3yso3
çarpıştır,xu3erbu3yso3dyr
çatdır,xu3ebo2dyr
çatla,xu3ebo2le
çatlat,xu3ebo2lebo2
çatış,xu3ebo2yso3
çatıştır,xu3ebo2yso3dyr
çayırla,xu3eyyr||le
çayırlat,xu3eyyrlebo2
çağrıl,xu3eao1ryl
çağrış,xu3eao1ryso3
çağılda,xu3eao1lde
çağır,xu3eao1r
çağırt,xu3eao1rbo2
çekdir,xu3kdyr
çekeme,xu3kh||mh||
çekil,xu3kyl
çekirdeklen,xu3kyrd||klh||bo1
çekiş,xu3kyso3
çekişdir,xu3kyso3dyr
çektil,xu3bo1bo2yl
çel,xu3l
çemberle,xu3bo1bu1r||lh||
çengelle,xu3bo1ko7llh||
çent,xu3bo1bo2
çentikle,xu3bo1bo2yklh||
çerezlen,xu3rro1lh||bo1
çerçevele,xu3rxu3ywh||lh||
çerçevelet,xu3rxu3ywh||lh||bo2
çetinleş,xu3bo2ybo1lh||so3
çevir,xu3wyr
çevirt,xu3wyrbo2
çevril,xu3wyryl
çeyrekle,xu3yrh||klh||
çeşitle,xu3so3ybo2lh||
çeşnilen,xu3so3bo1ylh||bo1
çiftele,xu3yfo1bo2h||lh||
çiftleş,xu3yfo1bo2lh||so3
çiftleştir,xu3yfo1bo2lso3dyr
çillen,xu3yllh||bo1
çimdikle,xu3ymdyklh||
çimenlendir,xu3ymbo1lbo1dyr
çimlen,xu3ymlh||bo1
çingeneleş,xu3bo1ko7ebo1h||lso3
çintil,xu3bo1bo2yl
çirişle,xu3yryso3lh||
çirişlen,xu3yryso3lh||bo1
çirkinle,xu3yrkybo1lh||
çirkinlen,xu3yrkybo1lbo1
çirkinlet,xu3yrkybo1lbo2
çirkinleş,xu3yrkybo1lso3
çirkinleşdir,xu3yrkybo1lso3dyr
çirkinse,xu3yrkybo1sh||
çisele,xu3ysh||lh||
çivile,xu3ywylh||
çivilen,xu3ywylh||bo1
çivitle,xu3ywybo2lh||
çizdir,xu3yro1dyr
çizil,xu3yro1yl
çiğne,xu3yko7bo1h||
çiğnen,xu3yko7bo1h||bo1
çocuklaş,xu3wxu1wfo2leso3
çomakla,xu3wmefo2le
çoğal,xu3wao1el
çoğalt,xu3wao1elbo2
çoğumsa,xu3wao1mse
çubukla,xu3wbu1wfo2le
çukurlan,xu3wfo2wrlebo1
çukurlaş,xu3wfo2wrleso3
çulla,xu3wlle
çullan,xu3wllebo1
çök,xu3wk
çökdür,xu3wkdwr
çökert,xu3wkrbo2
çömel,xu3wml
çömelt,xu3wmlbo2
çöplen,xu3wbu3lh||bo1
çöreklen,xu3wrh||klh||bo1
çözdür,xu3wro1dwr
çözül,xu3wro1wl
çürü,xu3wrw
çürüt,xu3wrwbo2
çürütül,xu3wrwbo2wl
çık,xu3yfo2
çıkart,xu3yfo2erbo2
çıkarıl,xu3yfo2eryl
çıkınla,xu3yfo2ybo1le
çıkışdır,xu3yfo2yso3dyr
çınla,xu3ybo1le
çırala,xu3yrele
çırp,xu3yrbu3
çırpdır,xu3yrbu3dyr
çırpın,xu3yrbu3ybo1
çırpış,xu3yrbu3yso3
çırpışdır,xu3yrbu3yso3dyr
öde,ewdh||
öden,ewdh||bo1
ödeş,ewdh||so3
öfkelen,ewfo1kh||lbo1
öksü,ewksw
öksür,ewkswr
ölç,ewlxu1
önle,ewlo5o3lh||
öp,ewbu3
öptür,ewbu3bo2wr
örsele,ewrsh||l
örselen,ewrsh||lbo1
ört,ewrbo2
örtün,ewrbo2wbo1k
örül,ewrwl
öt,ewbo2
öv,ewk
övüt,ewkwbo2
özle,ewro1lh||
özlen,ewro1lbo1
özleş,ewro1lso3
öğ,ewk
öğren,ewko7rbo1
öğren,ewko7rh||bo1
öğret,ewko7rh||bo2
öğür,ewko7wr
öğütle,ewko7wbo2lh||
üfle,ewfo1lh||
üfür,ewfo1wr
üleşdir,ewlso3dyr
ümidlen,emydlbo1
ünle,ewlo5o3lh||
üre,ewrh||
üret,ewrh||bo2
ürk,ewrk
ürküt,ewrkwbo2
ürper,ewrbu3r
ürü,ewrw
üstele,ewsbo2h||lh||
üstünle,ewsbo2wbo1lh||
üt,ewbo2
ütüle,ewbo2wl
üz,ewro1
üzül,ewro1l
üçle,ewxu1lh||
üşü,ewso3w
üşür,ewso3wr
üşüş,ewso3wso3
ıkın,efo2ybo1
ılı,eylyfo2
ılıt,eylybo2
ılışdır,eylyso3dyr
ımızgan,emyro1ao1ebo1
ısla,eyzle
ıslan,eyzlebo1
ıslat,eyzlebo2
ısmarla,ezmerle
ısın,eyzybo1
ısır,eyzyr
ısırt,eyzyrbo2
ısırıl,eyzyrl
ısıt,esybo2
ızzetle,aro1bo2lh||
ızzetlen,aro1bo2lbo1
ışı,eyso3y
ışıla,eyso3yle
ışılat,eyso3ylebo2
ışılda,eyso3ylde
şahlan,so3exo1lebo1
şakalaş,so3efo2eleso3
şakla,so3efo2le
şaklat,so3efo2lebo2
şakulla,so3efo2wlle
şakı,so3efo2y
şakırda,so3efo2yrde
şakırdat,so3efo2yrdebo2
şapla,so3ebu3le
şaplat,so3ebu3lebo2
şapırda,so3ebu3yrde
şapırdat,so3ebu3yrdebo2
şartet,so3rt eybo2
şartla,so3rtle
şartlaş,so3rtleso3
şarılda,so3erylde
şaş,so3eso3
şaşır,so3eso3yr
şa’şaalandır,so3aso3ah||lebo1dyr
şa’şalandır,so3aso3ah||lebo1dyr
şekerle,so3krl
şekerlen,so3krlbo1
şenlen,so3bo1lbo1
şenlendir,so3bo1lbo1dyr
şereflen,so3rfo1lbo1
şereflendir,so3rfo1lbo1dyr
şerhet,so3rx eybo2
şetaretlendir,so3terbo2lbo1dyr
şetmet,so3bo2m eybo2
şiddetlendir,so3dbo2lbo1dyr
şişir,so3yso3yr
şişiril,so3yso3yryl
şişirt,so3yso3yrbo2
şişle,so3yso3lh||
şişlen,so3yso3lh||bo1
şulelen,so3alh||lbo1
şulelendir,so3alh||lbo1dyr
şübhelen,so3bu1hh||lbo1
şübhelendir,so3bu1hh||lbo1dyr
şümullendir,so3mwllbo1dyr
şımar,so3ymer
şımart,so3ymerbo2
şımartıl,so3ymerbo2yl
şırla,so3yrle
şırılda,so3yrylde
