aban,F,eo6bu1ebo1
abart,F,
ac,T,!MULTIPLE VALUES
acı,F,!MULTIPLE VALUES
acık,F,eo6xu1yfo2
acındır,F,eo6xu1ybo1dyr
ada,F,!MULTIPLE VALUES
added,T,
addet,F,adeybo2
adımla,F,eo6dymle
afalla,F,eo6fo1elle
affed,T,
affet,F,
affol,F,
afsunla,F,
agula,F,
ahded,T,
ahdet,F,ahdebo2
ahla,F,
ak,F,!MULTIPLE VALUES
akla,F,
aksa,F,!MULTIPLE VALUES
aksat,F,eo6fo2sebo2
aksed,T,
akset,F,
aksır,F,eo6fo2syr
aktar,F,!MULTIPLE VALUES
akıt,F,eo6fo2ybo2
al,F,!MULTIPLE VALUES
alala,F,
alazla,F,
aldan,F,eo6ldebo1
aldat,F,eo6ldebo2
aldır,F,eo6ldyr
algıla,F,
alkışla,F,eo6lfo2yso3le
alla,F,
alçal,F,eo6lxu3el
alçalt,F,
alıkon,F,
alıkoy,F,
alın,F,!MULTIPLE VALUES
alış,F,!MULTIPLE VALUES
amaçla,F,
an,F,!MULTIPLE VALUES
anla,F,eo6lo5o3le
anlat,F,eo6lo5o3lebo2
anlaş,F,eo6lo5o3leso3
ansı,F,
antlaş,F,
anımsa,F,
anır,F,eo6lo5o3yr
apar,F,eo6bu3er
apış,F,!MULTIPLE VALUES
ara,F,!MULTIPLE VALUES
arakla,F,
arala,F,eo6rele
aran,F,eo6rebo1
araştır,F,eo6reso3dyr
ardıl,F,
art,F,!MULTIPLE VALUES
artakal,F,
arzed,T,
arzet,F,arzo1 eybo2
arzula,F,eo6rro1wle
arın,F,eo6rybo1
arıt,F,eo6rybo2
as,F,!MULTIPLE VALUES
aslol,F,
asıl,F,!MULTIPLE VALUES
at,F,!MULTIPLE VALUES
ata,F,!MULTIPLE VALUES
ateşle,F,eo6bo2so3l
atfed,T,
atfet,F,atfo1 eybo2
atla,F,eo6bo2le
atlat,F,
atıl,F,!MULTIPLE VALUES
atış,F,!MULTIPLE VALUES
atıştır,F,eo6bo2yso3dyr
avla,F,eo6wle
avun,F,eo6wwbo1
avut,F,eo6wwbo1
avuçla,F,eo6wwxu1le
ay,F,!MULTIPLE VALUES
ayarla,F,
ayart,F,eo6yerbo2
aydınlat,F,eo6ydybo1lebo2
ayrıl,F,eo6yryl
ayrımsa,F,
ayrış,F,
ayıkla,F,eo6yfo2le
ayıl,F,eo6yyl
ayılt,F,eo6yylbo2
ayıpla,F,aybu1le
ayır,F,eo6yyr
ayırded,T,
ayırdet,F,
ayırıver,F,
az,F,!MULTIPLE VALUES
azal,F,eo6ro1el
azarla,F,eo6ro1erle
azgınlaş,F,
azlolun,F,
azmed,T,
azmet,F,
azımsa,F,eo6ro1mse
azıt,F,eo6ro1ybo2
aç,F,!MULTIPLE VALUES
açıkla,F,eo6xu1yfo2le
açımla,F,
açın,F,
ağ,F,!MULTIPLE VALUES
ağar,F,eo6ao1er
ağla,F,eo6ao1le
ağna,F,eao1bo1y
ağrı,F,!MULTIPLE VALUES
ağın,F,
ağır,F,!MULTIPLE VALUES
ağırla,F,eo6ao1rle
ağırsa,F,
aş,F,eo6so3
aşağıla,F,eo6so3eao1yle
aşer,F,aso3r
aşıla,F,eo6so3yle
aşın,F,eo6so3ybo1
bahsed,T,
bahset,F,
bahşe^t,F,
bak,F,!MULTIPLE VALUES
bakakal,F,
bakın,F,
balkı,F,
ban,F,bu1ebo1
bandır,F,
bangırda,F,
barın,F,bu1erybo1
barış,F,bu1eryso3
bas,F,bu1ez
bat,F,bu1ebo2
bay,F,
bayatla,F,bu1eyebo2le
bayıl,F,bu1eyyl
bayındırlaş,F,
bağda,F,
bağdaş,F,bu1eao1deso3
bağla,F,
bağlan,F,bu1eao1lebo1
bağlaş,F,
bağrı,T,
bağır,F,bu1eao1r
bağışla,F,bu1eao1yso3le
başar,F,bu1eso3er
başed,T,
başet,F,
başgöster,F,
başkaldır,F,
başla,F,bu1eso3le
başvur,F,
becer,F,bu1xu1r
bekin,F,
bekit,F,
bekle,F,bu1klh||
beler,F,
belgele,F,
belir,F,bu1lyr
belirle,F,
belirt,F,
belle,F,bu1lh||
benilde,F,
benimse,F,bu1bo1msh||
benze,F,bu1lo5o3ro1h||
benzet,F,bu1lo5o3ro1h||bo2
benzeş,F,
berki,F,
bert,F,
besle,F,bu1slh||
betimle,F,
beyaned,T,
beyanet,F,
bez,F,!MULTIPLE VALUES
beze,F,!MULTIPLE VALUES
bezil,F,
beğen,F,bu1ko7bo1
bil,F,bu1yl
bildir,F,bu1yldyr
bile,F,!MULTIPLE VALUES
bileş,F,
bin,F,!MULTIPLE VALUES
birik,F,bu1ryk
birleş,F,bu1rlso3
bit,F,!MULTIPLE VALUES
bitiş,F,bu1ybo2yso3
biç,F,bu1yxu3
bocala,F,bu1wxu1ele
bodosla,F,
bohçala,F,bu1wao1xu3h||le
bokla,F,
bolal,F,bu1wlel
bolar,F,
bombala,F,
boya,F,bu1wye
boyala,F,bu1wyele
boyla,F,bu1wyle
boynuzla,F,
boz,F,bu1wro1
bozar,F,bu1wro1er
bozla,F,
bozuş,F,bu1wro1wso3
boğ,F,bu1wao1
boğasa,F,
boğazla,F,bu1wao1ero1le
boğumla,F,
boşa,F,bu1wso3e
boşal,F,bu1wso3el
boşan,F,bu1wso3ebo1
boşla,F,bu1wso3le
briketle,F,
buda,F,bu1wde
bul,F,bu1wl
bula,F,bu1wle
bulaş,F,bu1wleso3
bulgula,F,
bulun,F,bu1wlwbo1
bulundur,F,bu1wlwbo1dwr
bulutla,F,
buluş,F,bu1wlwso3
buna,F,!MULTIPLE VALUES
bunal,F,bu1wbo1el
bur,F,bu1wr
burgula,F,bu1wrao1wle
burk,F,
buruş,F,bu1wrwso3
buy,F,bu1wy
buyur,F,bu1wywr
buzağıla,F,
buğula,F,bu1wao1wle
böl,F,bu1wl
bölümle,F,
bölüş,F,bu1wlwso3
böğür,F,bu1wko7wr
bük,F,bu1wk
bükün,F,
bürü,F,bu1wrw
bütçele,F,
bütünle,F,bu1wbo2wbo1lh||
büyü,F,!MULTIPLE VALUES
büyükse,F,
büyüle,F,bu1wywlh||
büyült,F,
büz,F,!MULTIPLE VALUES
büzgüle,F,
büzüş,F,
büğe,F,
bık,F,bu1yfo2
bıngılda,F,
bırak,F,bu1refo2
bıçakla,F,bu1yxu3efo2le
camla,F,xu1emle
canlan,F,xu1ebo1lebo1
canlandır,F,xu1ebo1lebo1dyr
carla,F,
cavla,F,xu1ewle
cay,F,xu1ey
cayırda,F,xu1eyyr||de
cazırda,F,
celbet,F,
cereyaned,T,
cereyanet,F,
cevapla,F,
cilala,F,xu1lele
ciltle,F,
ciyakla,F,
copla,F,
coş,F,xu1wso3
cumbala,F,
cumbulda,F,xu1wmbu1wlde
cumburda,F,
cımbarla,F,
cımbızla,F,
cırla,F,xu1yrle
cırmala,F,
cırmıkla,F,
cırnakla,F,
cırtla,F,xu1yrbo2le
cırılda,F,xu1yrylde
cıvatala,F,
cıvı,F,
cıvılda,F,xu1ywylde
cıyakla,F,
cıyırda,F,xu1yyrde
cızla,F,xu1yro1le
cızırda,F,xu1yro1yrde
dadan,F,!MULTIPLE VALUES
dal,F,del
dala,F,!MULTIPLE VALUES
dalaş,F,teleso3
dalla,F,
damgala,F,
damla,F,!MULTIPLE VALUES
damıt,F,
dansed,T,
danset,F,
danış,F,!MULTIPLE VALUES
daral,F,!MULTIPLE VALUES
darbele,F,
darlaş,F,derleso3
darıl,F,!MULTIPLE VALUES
davran,F,dewrebo1
daya,F,deye
dayakla,F,deyefo2le
dayan,F,!MULTIPLE VALUES
dazla,F,
dağla,F,deao1le
dağıl,F,deao1yl
dağıt,F,!MULTIPLE VALUES
de,F,!MULTIPLE VALUES
debelen,F,dbu1h||lbo1
defed,T,
defet,F,dfo1a eybo2
defle,F,
defned,T,
defnet,F,dfo1bo1 eybo2
defnolun,F,
defol,F,
dehle,F,
del,F,dl
delir,F,dlyr
demetle,F,dmbo2lh||
demirle,F,
demle,F,
dene,F,!MULTIPLE VALUES
denetle,F,
deneyle,F,
dengele,F,
denkle,F,
denşir,F,
depola,F,
depren,F,
depreş,F,
der,F,dr
derecele,F,
deriş,F,
derle,F,
derpişed,T,
derpişet,F,
destekle,F,dsbo2klh||
destele,F,
devin,F,
devir,F,!MULTIPLE VALUES
devit,F,
devral,F,
devred,T,
devret,F,
devril,F,dwryl
devrol,F,
devşir,F,dwso3yr
değ,F,dko7
değerlendir,F,
değin,F,dko7ybo1
değir,F,
değiş,F,!MULTIPLE VALUES
değnekle,F,
deş,F,
deşele,F,
di,F,dy
didikle,F,dydyklh||
didin,F,dydybo1
didiş,F,dydyso3
dik,F,!MULTIPLE VALUES
dikel,F,
dikil,F,dykyl
dikizle,F,
dil,F,!MULTIPLE VALUES
dile,F,dylh||
dilen,F,dylbo1
dilimle,F,
din,F,!MULTIPLE VALUES
dinamitle,F,
dinel,F,
dingilde,F,
dinle,F,!MULTIPLE VALUES
dinlen,F,dyklbo1
diple,F,
dipçikle,F,
dire,F,
diren,F,dyrh||bo1
diret,F,
direş,F,
dirgenle,F,
diril,F,dyryl
dirilt,F,dyrylbo2
dirsekle,F,
diz,F,dyro1
dizginle,F,
dizile,F,
dizle,F,
dişe,F,
dişle,F,dyso3l
doku,F,!MULTIPLE VALUES
dokun,F,!MULTIPLE VALUES
dol,F,!MULTIPLE VALUES
dola,F,dwle
dolandır,F,dwlebo1dyr
dolaş,F,!MULTIPLE VALUES
doluk,F,
domal,F,
don,F,!MULTIPLE VALUES
dona,F,
donakal,F,
donat,F,!MULTIPLE VALUES
dorukla,F,
dosyala,F,
doy,F,!MULTIPLE VALUES
doyur,F,!MULTIPLE VALUES
doğ,F,!MULTIPLE VALUES
doğra,F,!MULTIPLE VALUES
doğrul,F,dwao1rwl
doğrula,F,dwao1rwle
doğur,F,!MULTIPLE VALUES
dumanla,F,dwmebo1le
dur,F,!MULTIPLE VALUES
durakla,F,!MULTIPLE VALUES
duraksa,F,
durala,F,
durul,F,!MULTIPLE VALUES
durula,F,dwrwle
duvakla,F,
duy,F,!MULTIPLE VALUES
duyul,F,dwywl
duyumsa,F,
duyur,F,dwywr
dök,F,dwk
dökün,F,
dölle,F,
dön,F,dwbo1
dönel,F,
dönen,F,dwbo1bo1
dönüş,F,!MULTIPLE VALUES
dörtle,F,
döv,F,
döğ,F,dwko7
döşe,F,dwso3h||
düdükle,F,
dür,F,dwr
dürt,F,dwrbo2
dürtükle,F,
dürümle,F,
düz,F,dwro1
düzel,F,dwro1h||l
düzelt,F,dwro1h||lbo2
düzenle,F,
düzle,F,dwro1lh||
düğ,F,
düğmele,F,dwko7mh||l
düğümle,F,dwko7wmlh||
düş,F,dwso3
düşle,F,
düşün,F,dwso3wbo1
dımbırdat,F,
dırlaş,F,
dışla,F,
ebele,F,
ebrula,F,
ed,T,
edil,F,eydl
edin,F,eydbo1
efsunla,F,
ek,F,ek
ekle,F,eklh||
eklemle,F,
eksil,F,eksyl
ekşi,F,!MULTIPLE VALUES
eldeed,T,
eldeet,F,
ele,F,elh||
elektrikle,F,
eleştir,F,
elkoy,F,
elle,F,eo5llh||
elver,F,eo5lwyr
em,F,eo5m
emayla,F,
emekle,F,emkl
empozeed,T,
empozeet,F,
emred,T,emrd
emret,F,
emreyle,F,
emzir,F,emro1yr
endazele,F,
endeksle,F,
ene,F,!MULTIPLE VALUES
engelle,F,
enikle,F,
ensele,F,elo5o3sh||l
epri,F,
er,F,!MULTIPLE VALUES
ergi,F,
erginle,F,
eri,F,ery
erin,F,
eriş,F,!MULTIPLE VALUES
ertele,F,eyrbo2h||lh||
es,F,es
esenle,F,
eser,F,ebo3r
esindir,F,
esinle,F,
esirge,F,eo5syrkh||
eski,F,!MULTIPLE VALUES
esne,F,esbo1h||
esri,F,
et,F,!MULTIPLE VALUES
etekle,F,ebo2klh||
eterle,F,
etiketle,F,
etki,F,
etkile,F,
ever,F,eo5wr
evir,F,eo5wyr
evlekle,F,
evlen,F,eo5wlh||bo1
evril,F,
evse,F,
eyerle,F,
eyle,F,eylh||
ez,F,ero1
ezberle,F,ero1bu1rlh||
eğ,F,
eğele,F,eko7h||l
eğerle,F,
eğil,F,
eğin,F,eko7ybo1
eğir,F,eko7r
eğit,F,
eğle,F,eko7lh||
eğlen,F,eko7lbo1
eğleş,F,
eğril,F,eko7rl
eğrit,F,
eş,F,!MULTIPLE VALUES
eşele,F,eo5so3h||lh||
eşin,F,eo5so3ybo1
eşitle,F,
eşle,F,
faksla,F,
farked,T,
farket,F,
farzed,T,
farzet,F,
farı,F,
faturala,F,
felfelle,F,
ferahla,F,
feshed,T,
feshet,F,fo1sxo1 eybo2
fethed,T,
fethet,F,
fidele,F,fo1ydh||l
fihristle,F,
filarizle,F,
filizle,F,fo1ylyro1lh||
fingirdeş,F,
firketele,F,
fiskele,F,fo1yskh||l
fitille,F,fo1bo2yllh||
fitle,F,fo1ybo2llh||
fitnele,F,
fiyatla,F,
fişle,F,
fişırdat,F,
flitle,F,
fondiple,F,
fosfatla,F,
fosla,F,
fosurda,F,
fotoğrafla,F,
frenle,F,
frezele,F,
fıkırda,F,fo1yfo2yrde
fırla,F,!MULTIPLE VALUES
fırçala,F,fo1yrxu3h||le
fırınla,F,
fısfısla,F,
fısla,F,fo1yzle
fısılda,F,fo1yzylde
fıçıla,F,
fışkıla,F,
fışkır,F,fo1yso3fo2yr
fışla,F,
fışılda,F,
gagala,F,ao1eao1ele
gakla,F,
galvanizle,F,
gammazla,F,
garantile,F,
garipse,F,
gayreted,T,
gayretet,F,
gazla,F,
geber,F,ko7bu1r
gecele,F,ko7yxu1h||l
gecik,F,ko7xu1yk
ged,F,
gedil,F,
gel,F,ko7l
geliş,F,!MULTIPLE VALUES
gemle,F,
gencel,F,ko7bo1xu1l
genelle,F,
genişle,F,ko7bo1yso3lh||
genleş,F,
ger,F,ko7r
gerek,F,ko7rk
gerekse,F,
gereksin,F,
gerile,F,
gerin,F,ko7rbo1
gerçekle,F,
gerçekleş,F,ko7rxu1klso3
getir,F,ko7bo2yr
gev,F,!MULTIPLE VALUES
gevele,F,
gevre,F,ko7wrh||
gevşe,F,ko7wso3h||
gez,F,ko7ro1
gezele,F,
gezin,F,ko7ro1ybo1
gezle,F,
geç,F,!MULTIPLE VALUES
geçerle,F,
geçgeçle,F,
geçin,F,ko7xu3ybo1
geçir,F,ko7xu3yr
geçiş,F,kxu3so3
geğir,F,kko7yr
gid,T,
gider,F,ko7ydr
gir,F,ko7yr
giriş,F,!MULTIPLE VALUES
git,F,ko7ybo2
giy,F,ko7yy
giyin,F,ko7yybo1
gizle,F,ko7yro1lh||
gocun,F,
gurkla,F,ao1wrfo2le
gurla,F,
gurulda,F,ao1wrwlde
göler,F,
gölgele,F,
göm,F,ko7wm
gömüle,F,
gönder,F,ko7wbo1dr
gönen,F,ko7wbo1ebo1
gönyele,F,
gör,F,ko7wr
görün,F,ko7wrwbo1
görüntüle,F,
görüş,F,ko7wrwso3
göster,F,ko7wsbo2r
götür,F,ko7wbo2wr
göver,F,
göy,F,
göynü,F,
gözardıed,T,
gözardıet,F,
gözardıol,F,
gözdengeçir,F,
göze,F,ko7wro1h||
gözet,F,ko7wro1bo2
gözetle,F,ko7wro1bo2lh||
gözle,F,ko7wro1lh||
gözlemle,F,
gözönündetut,F,
gözük,F,!MULTIPLE VALUES
göç,F,ko7wxu3
göçer,F,ko7wxu3r
göçür,F,ko7wxu3wr
göğüsle,F,ko7wko7slh||
gübrele,F,ko7wbu1rh||lh||
gücen,F,ko7wxu1bo1
güd,T,
güdümle,F,
gül,F,!MULTIPLE VALUES
gülümse,F,ko7wlwmsh||
gümbürde,F,ko7wmbu1wrdh||
gümle,F,
gümrükle,F,
gümüşle,F,ko7wmwso3lh||
güneşle,F,
günüle,F,ko7wbo1ylh||
güreş,F,!MULTIPLE VALUES
gürle,F,ko7wrlh||
gürülde,F,ko7wrwldh||
güt,F,ko7wbo2
güven,F,ko7wko7bo1
güzelleş,F,ko7wro1llso3
güzle,F,
gıcıkla,F,
gıcırda,F,ao1yxu1yrde
gıdıkla,F,ao1ydyfo2le
gırgırla,F,
haberleş,F,xo1bu1rlh||so3
hacamatla,F,
haczed,T,
haczet,F,
haddele,F,
hafifle,F,
hafifse,F,
hafızla,F,
haked,T,
haket,F,xk eybo2
hakked,T,
hakket,F,xfo2 eybo2
hakla,F,xfo2le
halkala,F,
halled,T,
hallet,F,xl eybo2
hallol,F,
hamla,F,xo1emle
hamurla,F,xo1mwrle
hançerle,F,
hapsed,T,
hapset,F,
hapsol,F,
hapşır,F,
harca,F,xo1rxu1e
harekele,F,xrkh||lh||
hareketed,T,
hareketet,F,
harla,F,xo1erle
harmanla,F,xo1rmebo1le
hasırla,F,xzyrle
hatılla,F,
hatırla,F,xo1etrle
havla,F,hewle
havuzla,F,xwzo1le
hayda,F,
haydala,F,heydele
haykır,F,heyfo2yr
hazmed,T,
hazmet,F,hzo1m eybo2
hazırla,F,xezo1rle
haçla,F,
haşla,F,xo1eso3le
haşılla,F,
hecele,F,hxu1el
hedefle,F,
helalleş,F,
hemfikirol,F,
herekle,F,
hesabed,T,
hesabet,F,
hesapla,F,
hidrojenle,F,
hissed,T,
hisset,F,!MULTIPLE VALUES
hizala,F,
hiçle,F,
hohla,F,
homurdan,F,
hopla,F,
hopurdat,F,
horgör,F,
horla,F,xo1wrle
hortla,F,xo1wrbo2le
hortumla,F,
hoşgör,F,
hoşlaş,F,xo1wso3leso3
hoşçakal,F,
höykür,F,
hükmed,T,
hükmet,F,
hırla,F,xo1yrle
hırpala,F,
hıçkır,F,hyxu3fo2yr
hışla,F,
hışırda,F,xo1yso3yrde
icabed,T,
icabet,F,!MULTIPLE VALUES
ifadeed,T,
ifadeet,F,
ihbarla,F,
ihlaled,T,
ihlalet,F,
ihtiyarla,F,exo1bo2yerle
ikile,F,eykylh||
ilaned,T,
ilanet,F,
ilaçla,F,
ilerisür,F,
ilerle,F,eylrylh||
ilet,F,eylbo2
ilikle,F,eylyklh||
ilintile,F,
iliş,F,eylyso3
ilmikle,F,
imgele,F,
imle,F,
imren,F,eymrh||bo1
imzala,F,emzo1ele
in,F,eybo1
inan,F,!MULTIPLE VALUES
incel,F,
incele,F,
incin,F,ebo1xu1ybo1
incit,F,ebo1xu1ybo2
indirge,F,
indükle,F,
inekle,F,
inilde,F,eylo5o3yldh||
inle,F,ebo1lo5o3lh||
ipile,F,
irdele,F,
irkil,F,eyrkyl
isle,F,eyslh||
ispatla,F,
ispiyonla,F,
iste,F,eysbo2h||
istifadeed,T,
istifadeet,F,
istifle,F,esbo2yfo1lh||
it,F,eybo2
itekle,F,
itele,F,
itiş,F,!MULTIPLE VALUES
izhared,T,
izharet,F,
izle,F,eyro1l
iç,F,eyxu3
içer,F,
içerle,F,
iğnele,F,eyko7bo1h||lh||
iğren,F,eyko7rh||bo1
iğretile,F,
işaretle,F,
işe,F,eyso3h||
işeyara,F,
işit,F,eyso3ybo2
işle,F,eyso3lh||
iştiraked,T,
iştiraket,F,
jurnalle,F,
kabakla,F,
kabar,F,!MULTIPLE VALUES
kadastrola,F,
kafesle,F,
kahred,T,
kahret,F,fo2hreybo2
kahreyle,F,
kahrol,F,
kak,F,fo2efo2
kakala,F,
kaked,T,
kaket,F,
kakı,F,
kakış,F,fo2efo2so3
kal,F,fo2el
kalafatla,F,
kalakal,F,
kalayla,F,fo2eleyle
kalburla,F,
kaldır,F,fo2eldyr
kalgı,F,
kalk,F,fo2elfo2
kalkın,F,fo2elfo2ybo1
kalkış,F,fo2elfo2yso3
kalıpla,F,fo2elbu1le
kamala,F,
kamaş,F,fo2emeso3
kamçıla,F,fo2emxu3yle
kan,F,!MULTIPLE VALUES
kana,F,fo2ebo1e
kancala,F,fo2ebo1xu1h||le
kangalla,F,
kanla,F,
kantarla,F,
kanık,F,
kanıksa,F,fo2ebo1yfo2se
kanır,F,fo2elo5o3yr
kanıtla,F,
kanıtsa,F,
kap,F,!MULTIPLE VALUES
kapa,F,!MULTIPLE VALUES
kapan,F,!MULTIPLE VALUES
kaparozla,F,
kapat,F,fo2ebu3ebo2
kapla,F,fo2ebu3le
kapsa,F,
kapıl,F,
kapış,F,fo2ebu3yso3
kar,F,!MULTIPLE VALUES
kara,F,!MULTIPLE VALUES
karala,F,fo2erele
karar,F,!MULTIPLE VALUES
kararla,F,fo2rerle
kararver,F,
karbonatla,F,
karbonla,F,
karele,F,
kargı,F,!MULTIPLE VALUES
kargıla,F,
kargışla,F,
karla,F,
karmaş,F,
kartal,F,!MULTIPLE VALUES
karı,F,fo2ery
karık,F,
karın,F,!MULTIPLE VALUES
karınla,F,
karış,F,!MULTIPLE VALUES
karışla,F,
karşıla,F,fo2erso3yle
karşıtla,F,
kas,F,fo2ez
kasala,F,
kasnakla,F,
kasted,T,
kastet,F,
kat,F,fo2ebo2
katalogla,F,
katarla,F,
kated,T,
katet,F,
katla,F,fo2ebo2le
katlan,F,fo2ebo2lebo1
katled,T,
katlet,F,
katranla,F,fo2trebo1le
katıkla,F,
katıl,F,fo2ebo2yl
katış,F,fo2ebo2yso3
kavgaed,T,
kavgaet,F,
kavla,F,fo2ewle
kavra,F,fo2ewre
kavrul,F,fo2ewrwl
kavur,F,!MULTIPLE VALUES
kavuş,F,fo2ewwso3
kay,F,!MULTIPLE VALUES
kayarla,F,
kaybed,T,
kaybet,F,
kaybol,F,fo2ebo5bu1 ewl
kayded,T,
kaydet,F,fo2yd eybo2
kaydol,F,
kaykıl,F,
kayna,F,fo2eybo1e
kaynat,F,fo2eybo1ebo2
kaynaş,F,fo2eybo1eso3
kaytar,F,
kayır,F,fo2eyyr
kayıtla,F,
kayşa,F,
kaz,F,fo2ero1
kazan,F,!MULTIPLE VALUES
kazı,F,fo2ero1y
kazıkla,F,fo2ero1yfo2le
kaç,F,!MULTIPLE VALUES
kaçıl,F,
kaçımsa,F,
kaçın,F,
kaçır,F,fo2exu3yr
kağşa,F,fo2eao1so3e
kaşan,F,
kaşağıla,F,fo2eso3eao1yle
kaşı,F,
kaşıkla,F,
kefele,F,kfo1h||l
kefenle,F,kfo1bo1l
kekele,F,kkh||l
keleple,F,
kelepçele,F,
kemerle,F,
kemir,F,kmyr
kemrele,F,
kenetle,F,kybo1bo2lh||
kepçele,F,
kert,F,krbo2
kertikle,F,
kes,F,ks
kesele,F,kysh||lh||
kesil,F,ksyl
kesin,F,
kesiş,F,ksyso3
keçele,F,
keşfed,T,
keşfet,F,
kilitle,F,klydlh||
kille,F,
kirala,F,krele
kireçle,F,
kireçsile,F,
kirizmala,F,
kirişle,F,kryso3l
kirlet,F,kyrlbo2
kişne,F,kyso3bo1h||
klorla,F,
koca,F,!MULTIPLE VALUES
kocal,F,fo2wxu1el
kodla,F,
kok,F,fo2wfo2
kokla,F,fo2wfo2le
kokut,F,fo2wfo2wbo2
kokuş,F,
kolala,F,fo2wlele
kolayla,F,fo2wleyle
kolla,F,fo2wlle
kolonyala,F,
koltukla,F,fo2wlbo2wfo2le
kon,F,fo2wbo1
konakla,F,
konukla,F,fo2wbo1wfo2le
konuş,F,fo2wbo1wso3
kop,F,fo2wbu3
kopyala,F,
kopçala,F,
kork,F,fo2wrfo2
korkala,F,
koru,F,fo2wrw
kotar,F,
kotla,F,
kov,F,fo2wao1
kovala,F,!MULTIPLE VALUES
kovla,F,
kovuştur,F,
koy,F,fo2wy
koyuver,F,fo2wywwyr
koyver,F,
koş,F,fo2wso3
koşamla,F,
koştur,F,
koşulla,F,
koşuş,F,fo2wso3so3
kredile,F,
kremle,F,
kubar,F,
kubaş,F,
kucakla,F,fo2wxu1ebo1le
kudur,F,fo2wdwr
kulaçla,F,fo2wlexu1le
kullan,F,fo2wllebo1
kulunla,F,
kumla,F,
kundakla,F,fo2wbo1defo2le
kur,F,!MULTIPLE VALUES
kurcala,F,fo2wrxu1ele
kurgula,F,
kurtar,F,fo2wrbo2er
kurtul,F,fo2wrbo2wl
kuru,F,!MULTIPLE VALUES
kurula,F,fo2wrwle
kurşunla,F,fo2wrso3wbo1le
kus,F,!MULTIPLE VALUES
kutla,F,
kutsa,F,
kutula,F,
kuvvetlen,F,fo2wbo2lbo1
kuzula,F,fo2wro1wle
kuşakla,F,fo2wso3efo2le
kuşan,F,fo2wso3ebo1
kuşat,F,fo2wso3ebo2
köhne,F,khbo1h||
kökle,F,kwklh||
köpekle,F,kwbu3klh||
köpüle,F,
köpür,F,kwbu3wr
körel,F,
körükle,F,
köstekle,F,kwsbo2klh||
kötüle,F,kwbo2wlh||
kötümse,F,
közle,F,
köşekle,F,
köşele,F,
küfred,T,
küfret,F,
kükre,F,ko7wkrh||
kükürtle,F,
külle,F,
kümele,F,
kündele,F,
küre,F,!MULTIPLE VALUES
kürele,F,kwrh||l
kürü,F,kwrw
küs,F,!MULTIPLE VALUES
küsüş,F,
kütle,F,!MULTIPLE VALUES
kütlet,F,
kütürded,T,
kütürdet,F,
küçül,F,kwxu3wl
küçümse,F,
kıkırda,F,
kıl,F,fo2yl
kılavuzla,F,fo2wleao1wro1le
kılağıla,F,
kılıfla,F,
kılıçla,F,
kımılda,F,fo2ylmylde
kına,F,!MULTIPLE VALUES
kınala,F,
kınla,F,fo2ybo1le
kıpra,F,
kıpırda,F,fo2ybu3rde
kır,F,fo2yr
kırbaçla,F,fo2yrbu1exu1le
kırk,F,!MULTIPLE VALUES
kırkla,F,fo2yrfo2le
kırp,F,
kırpış,F,
kırıkla,F,
kırıt,F,fo2yrbo2
kırış,F,fo2yrso3
kıs,F,fo2yz
kısal,F,fo2yzel
kıskan,F,fo2yzfo2ebo1
kıstır,F,fo2yzdyr
kısıl,F,fo2yzyl
kısımla,F,
kısırgan,F,
kısıtla,F,
kıtıkla,F,
kıtırda,F,
kıvra,F,fo2ywre
kıvran,F,fo2ywrebo1
kıvrat,F,
kıvrıl,F,fo2ywryl
kıvır,F,fo2ywyr
kıy,F,fo2yy
kıyasla,F,fo2yeslh||
kıyıla,F,
kıyın,F,
kız,F,fo2yro1
kızakla,F,
kızar,F,fo2yro1er
kızart,F,fo2yro1erbo2
kızış,F,fo2yro1yso3
kığıla,F,
kışkır,F,
kışkışla,F,
kışla,F,!MULTIPLE VALUES
lafla,F,
lambala,F,
lanetle,F,
lazımgel,F,
lağvol,F,
lehimle,F,lhymlh||
lekele,F,lkh||lh||
lifle,F,
limanla,F,lymebo1le
limonla,F,
listele,F,
lodosla,F,lwdwsle
loğla,F,
lökle,F,
lütfed,T,
lütfet,F,
lütfeyle,F,
lığla,F,
macunla,F,
mahkumed,T,
mahkumet,F,
mahmuzla,F,mehmwro1le
mahrumed,T,
mahrumet,F,
mahrumkal,F,
mahved,T,
mahvet,F,
mahvol,F,mxwewl
malakla,F,
malala,F,melele
malol,F,
mandalla,F,mebo1delle
manipüleed,T,
manipüleet,F,
mantarla,F,
markala,F,merfo2ele
maruzbırak,F,
maruzkal,F,
masajla,F,
maskele,F,
mayala,F,
mayınla,F,
mayış,F,
mazotla,F,
maşala,F,
mecburkal,F,
meczol,F,
melezle,F,
mened,T,
menet,F,mbo1a eybo2
merdanele,F,
merhemle,F,
methed,T,
methet,F,
mevzubahisol,F,
mimle,F,mymlh||
minele,F,mybo1h||l
modelle,F,
morar,F,mwrer
mortla,F,
motiveed,T,
motiveet,F,
mumla,F,
mumyala,F,
muştala,F,
muştula,F,
müdahaleed,T,
müdahaleet,F,
mühimse,F,
mührele,F,
mühürle,F,mhrl
müjdele,F,
mürekkeple,F,
müzevirle,F,
mıhla,F,myxo1le
mıknatısla,F,
mıncıkla,F,
mırıldan,F,myryldebo1
mızı,F,
mızıkla,F,
mızıklan,F,
mızıldan,F,
mızırdan,F,
naftalinle,F,
nakled,T,
naklet,F,bo1fo2l eybo2
nakışla,F,
nakşed,T,
nakşet,F,
nakşol,F,
nalla,F,bo1alle
nefesle,F,
neşred,T,
neşret,F,bo1so3reybo2
neşrolun,F,
neşterle,F,
nicele,F,
nikelle,F,
nitele,F,
nitelen,F,
niyetlen,F,
nişanla,F,
nodulla,F,
noktala,F,bo1fo2th||le
numarala,F,
nötrle,F,
nüksed,T,
nükset,F,bo1ks eybo2
odakla,F,
okkala,F,
okla,F,
okra,F,
oksijenle,F,
oksitle,F,
oku,F,ewfo2w
okşa,F,ewfo2so3e
ol,F,ewl
olagel,F,
olgunlaş,F,
oluş,F,
omuzla,F,ewmwro1le
on,F,ewbo1
ona,F,!MULTIPLE VALUES
onar,F,ewlo5o3er
onayla,F,
oralıol,F,
oranla,F,ewrebo1le
orsala,F,
ortala,F,ewrbo2h||le
ortaya,F,
osur,F,
ota,F,
otala,F,
otla,F,
otur,F,ewbo2wr
ov,F,!MULTIPLE VALUES
ovala,F,!MULTIPLE VALUES
ovuştur,F,ewao1wso3dwr
ovuştur:oğuştur,F,
oy,F,ewy
oyal,F,
oyala,F,ewyele
oyla,F,
oylumla,F,
oyna,F,ewybo1e
oynaş,F,ewybo1eso3
oyulga,F,
oyulgala,F,
oyumla,F,
oyver,F,
ozonla,F,
pahla,F,
paketle,F,
pakla,F,
palamutla,F,
palazla,F,bu3elero1le
panikle,F,
parafele,F,
parala,F,bu3erele
parla,F,bu3erle
parselle,F,
parçala,F,bu3erxu3ele
parılda,F,
paspasla,F,
patakla,F,bu3ebo2efo2le
patla,F,bu3ebo2le
patpatla,F,
payandala,F,
payla,F,bu3eyle
paylaş,F,bu3eyleso3
pazarla,F,
pehpehle,F,bu3h||h||bu3h||hlh||
pekit,F,
pekiş,F,bu3kyso3
pençele,F,bu3bo1xu3h||lh||
pepele,F,bu3h||bu3h||lh||
perdahla,F,bu3rdexle
perdele,F,bu3rdh||lh||
perçinle,F,bu3rxu3ybo1lh||
peydahla,F,
peyle,F,bu3ylh||
peçele,F,
pinekle,F,bu3ybo1klh||
pisle,F,bu3yslh||
piyazla,F,
piş,F,bu3yso3
planla,F,
planyala,F,
pohpohla,F,bu3wh||bu3whle
pompala,F,
ponzala,F,
porsu,F,bu3wzw
postala,F,
poyrazla,F,bu3wyrero1le
poşetle,F,
presle,F,
programla,F,
puanla,F,
pudrala,F,
pufla,F,!MULTIPLE VALUES
pulla,F,
pus,F,bu3ws
pusula,F,!MULTIPLE VALUES
pöfle,F,
pörsü,F,bu3wrsw
pörtle,F,
püfkür,F,
püfle,F,
püskür,F,bu3wskwr
pırla,F,
pırpırla,F,
pırtla,F,
pırılda,F,
pıtırda,F,
pışpışla,F,
rahatla,F,
rakamla,F,
rampala,F,
rapted,T,
raptet,F,rbu1t eybo2
raptiyele,F,
rasgel,F,resbo2 kl
raspala,F,
rastgel,F,
rastla,F,resbo2le
redded,T,
reddet,F,rdeybo2
reddeyle,F,
rehned,F,
rehnet,F,
rendele,F,rbo1dh||lh||
renkle,F,rbo1klh||
resimle,F,
resmed,T,
resmet,F,
rezele,F,
rimelle,F,
rujla,F,
röntgenle,F,
sabahla,F,zbu1exle
sabitle,F,
sabred,T,
sabret,F,
sabunla,F,zebu1wbo1le
sahipol,F,
sahnele,F,
sakatla,F,sfo2tle
sakinle,F,
sakla,F,zefo2le
sakın,F,!MULTIPLE VALUES
sal,F,!MULTIPLE VALUES
saldır,F,zeldyr
salgıla,F,
salla,F,zelle
salçala,F,
salın,F,zelybo1
salıver,F,zelywyr
san,F,zebo1
sancı,F,zebo1xu1y
sandıkla,F,
sangıla,F,
sanrıla,F,
sansürle,F,
sap,F,zebu3
sapla,F,zebu3le
sapta,F,
sapıt,F,zebu3ybo2
sar,F,!MULTIPLE VALUES
sarar,F,serer
sarfed,T,
sarfet,F,
sargıla,F,
sarhoşla,F,
sark,F,zerfo2
sarkaçla,F,
sarkıt,F,zerfo2ybo2
sarmala,F,
sarmaş,F,
sars,F,zerz
sarsala,F,
sarsıl,F,zerzyl
sarıl,F,zeryl
sarımsakla,F,
sarın,F,zerybo1
sası,F,zezy
sat,F,zebo2
sataş,F,zebo2eso3
satınal,F,zebo2wbo1 eo6l
sav,F,zew
savakla,F,
savatla,F,
savaş,F,zeweso3
savla,F,
savrul,F,zewrwl
savsa,F,
savsakla,F,zewsefo2le
savul,F,zewl
savun,F,
savur,F,zewwr
savuş,F,zewwso3
say,F,zey
saygıgöster,F,
saykalla,F,
sayla,F,
sayıkla,F,zeyyfo2le
sayıla,F,
sayımla,F,
saç,F,zexu3
saçala,F,
saçmala,F,zexu3mh||le
sağ,F,zeao1
sağal,F,
sağla,F,zeao1le
sağlamla,F,zeao1lemle
sağol,F,
sebepol,F,
sek,F,sk
sekile,F,
selametle,F,slembo2lh||
selamla,F,slemle
sembolizeed,T,
sembolizeet,F,
semerle,F,
semir,F,smyr
semizle,F,
sendele,F,sbo1dh||l
sentezle,F,
sepele,F,
sepetle,F,
sepile,F,
ser,F,sr
serbestle,F,
sergile,F,
serinle,F,srybo1l
serp,F,srbu3
serpele,F,
serpiştir,F,
sersemle,F,srsmlh||
sesle,F,sslh||
sev,F,sw
sevgigöster,F,
sevin,F,swybo1
seviş,F,swyso3
sevked,T,
sevket,F,swfo2 eybo2
seyir,F,syr
seyred,T,
seyrel,F,
seyret,F,syreybo2
seyreyle,F,
sez,F,sro1
sezinle,F,
seç,F,sxu3
seğir,F,sko7r
seğirt,F,sko7rbo2
sifonla,F,
siftahla,F,sfo1bo2exle
siftin,F,syfo1bo2ybo1
sigortala,F,
sik,F,
sikkele,F,
sil,F,syl
silahla,F,
silk,F,!MULTIPLE VALUES
silkele,F,
silkin,F,
silola,F,
simgele,F,
sin,F,!MULTIPLE VALUES
sindir,F,!MULTIPLE VALUES
sinirle,F,
sistirele,F,
sivril,F,sywryl
sobele,F,
sok,F,zwfo2
sokul,F,zwfo2wl
sokuştur,F,
sol,F,zwl
solla,F,
solu,F,zwlw
solukla,F,
somur,F,
somurt,F,zwmwrbo2
sondala,F,
sonuçla,F,
sopala,F,
sor,F,zwr
sorgula,F,
soruştur,F,
soy,F,zwy
soyun,F,zwywbo1
soyutla,F,
soğanla,F,
soğu,F,zwao1w
soğukla,F,zwao1wfo2le
soğul,F,
soğur,F,
soğut,F,zwao1wbo2
stokla,F,
sula,F,zwle
sumsukla,F,
sun,F,zwbo1
sus,F,zwz
susa,F,zwze
suvar,F,
suçla,F,
sök,F,swk
sölpü,F,
sömür,F,swmwr
sön,F,!MULTIPLE VALUES
sönümle,F,
söv,F,
söyle,F,swylh||
söze^t,F,
sözle,F,
sözleş,F,zwro1lso3
süblimleş,F,
südre,F,
sülfürle,F,
sümkür,F,swmkwr
sün,F,
sündür,F,
süngüle,F,
sünnetle,F,
süpür,F,swbu3wr
sür,F,swr
sürdür,F,swrdyr
süregel,F,
sürgüle,F,swrko7wl
sürgüned,T,
sürgünet,F,
sürmele,F,
sürt,F,swrbo2
sürtün,F,swrbo2bo1
sürtüş,F,swrbo2so3
sürç,F,
sürü,F,!MULTIPLE VALUES
sürükle,F,!MULTIPLE VALUES
sürün,F,swrwbo1
süsle,F,
süz,F,swro1
süzül,F,swro1wl
sıfırla,F,
sık,F,zyfo2
sıkıl,F,zyfo2yl
sıkıla,F,
sıkın,F,
sın,F,
sına,F,zybo1e
sınıfla,F,
sınırla,F,
sırala,F,zyrh||le
sırla,F,
sırnaş,F,
sırrol,F,
sırtar,F,zyrbo2er
sırtla,F,zyrbo2le
sırıkla,F,
sırıt,F,zyrybo2
sıva,F,!MULTIPLE VALUES
sıvala,F,zywele
sıvat,F,
sıvazla,F,zywero1le
sıvaş,F,
sıvın,F,
sıvış,F,sywyso3
sıyrıl,F,zyyryl
sıyır,F,zyyr
sız,F,zyro1
sızla,F,
sızıldan,F,
sıç,F,
sıçra,F,zyxu3re
sığ,F,zyao1
sığın,F,zyao1ybo1
sığış,F,zyao1yso3
taahhüted,T,
taahhütet,F,
tabakala,F,
tabakla,F,
tabiol,F,
tad,T,
tak,F,!MULTIPLE VALUES
takozla,F,
takın,F,tefo2ybo1
takış,F,
talanla,F,
talaşla,F,
taleped,T,
talepet,F,
tamamla,F,
tamamlan,F,
tamponla,F,
tanele,F,
tanla,F,
tanı,F,tebo1y
tanıkla,F,
tanıla,F,
tanımla,F,
tanıtla,F,
tap,F,tebu3
tapala,F,
tapanla,F,
tapula,F,
tapıkla,F,
tapın,F,tebu3ybo1
tapışla,F,
tara,F,tere
tarakla,F,terefo2le
tarazla,F,
taraşla,F,
tarhile,F,
tart,F,terbo2
tartakla,F,terbo2efo2le
tartış,F,terbo2yso3
tasarla,F,bo2eserle
tasarımla,F,
tasla,F,tesle
tasımla,F,
tat,F,!MULTIPLE VALUES
tatbiked,T,
tatbiket,F,
tavla,F,!MULTIPLE VALUES
tavsa,F,bo2ewse
tazele,F,bo2ero1h||lh||
taş,F,teso3
taşla,F,teso3le
taşı,F,teso3y
taşın,F,teso3ybo1
taşır,F,teso3yr
tedarikle,F,
tekerle,F,bo2krlh||
tekle,F,
tekmele,F,bo2kmh||lh||
tekmille,F,bo2kmyllh||
tekrarla,F,bo2krerle
telala,F,
telesi,F,
telle,F,!MULTIPLE VALUES
tembihle,F,
temizle,F,bo2myro1lh||
tep,F,bo2bu3
tepele,F,bo2bu3h||lh||
tepikle,F,
tepin,F,bo2bu3ybo1
tepirle,F,
tepki,F,
tepser,F,
terasla,F,
terazile,F,
tercümeed,T,
tercümeet,F,
terked,T,
terket,F,
terle,F,bo2rlh||
tersin,F,
tersle,F,bo2rslh||
tertiple,F,
testerele,F,
tetikle,F,
tevekle,F,
teyelle,F,bo2ko7llh||
tezle,F,
teşekküred,T,
teşekküret,F,
teşkiled,T,
teşkilet,F,
teşviked,T,
teşviket,F,
tiksin,F,!MULTIPLE VALUES
tipile,F,bo2ybu3ylh||
tiple,F,
titre,F,bo2ybo2rh||
titremle,F,
titreş,F,
tohumla,F,
tokatla,F,twfo2ebo2le
tokaçla,F,
tokurda,F,
tokuş,F,!MULTIPLE VALUES
tolereed,T,
tolereet,F,
tomrukla,F,
tomur,F,
tonla,F,
topakla,F,
topalla,F,twbu3elle
toparla,F,twbu3erle
topla,F,!MULTIPLE VALUES
toplan,F,twbu3lebo1
toprakla,F,twbu3refo2le
topukla,F,
torbala,F,
tornala,F,
torpille,F,twrbu3yllh||
tosla,F,
toz,F,bo2wro1
tozar,F,
tozu,F,
tozut,F,
tunçla,F,
turala,F,
turfala,F,
turkish_latin,needs_suffix,
turla,F,
tut,F,!MULTIPLE VALUES
tutamla,F,
tutkalla,F,twbo2fo2elle
tutukla,F,
tutun,F,twbo2wbo1
tutuş,F,!MULTIPLE VALUES
tuzakla,F,
tuzla,F,!MULTIPLE VALUES
tuşla,F,
tökezle,F,
törpüle,F,bo2wrbu3wlh||
töskür,F,
tüken,F,bo2wkh||bo1
tüket,F,bo2wkh||bo2
tükür,F,bo2wkwr
tükürükle,F,
tümle,F,
tüne,F,bo2wbo1h||
tünekle,F,bo2wbo1klh||
tüple,F,
türe,F,!MULTIPLE VALUES
türküle,F,
tüt,F,bo2wbo2
tütsüle,F,bo2wbo2swlh||
tüy,F,!MULTIPLE VALUES
tık,F,tyfo2
tıka,F,tyfo2e
tıkaçla,F,
tıkla,F,
tıksır,F,tyfo2yr
tıkın,F,
tıkırda,F,tyfo2yrde
tıkıştır,F,
tımarla,F,
tın,F,tybo1
tıngırda,F,tybo1ao1yrde
tınla,F,tybo1le
tıpala,F,
tıpırda,F,tybu3yrde
tıpışla,F,
tıraşla,F,
tırkazla,F,
tırla,F,
tırmala,F,!MULTIPLE VALUES
tırman,F,tyrmebo1
tırmıkla,F,tyrmyfo2le
tırnakla,F,
tırpanla,F,
tırs,F,
tırtıkla,F,
tırılla,F,
tısla,F,tysle
ucuzla,F,
ufal,F,ewfo1el
ufala,F,!MULTIPLE VALUES
ufla,F,
ula,F,!MULTIPLE VALUES
ulaş,F,ewleso3
ulu,F,ewlw
ulula,F,
um,F,ewm
umursa,F,
unla,F,
unut,F,ewbo1h||bo2
usan,F,ewzebo1
uslamla,F,
utan,F,!MULTIPLE VALUES
uy,F,ewy
uyan,F,ewyebo1
uyar,F,ewyer
uyarla,F,
uydur,F,ewydwr
uygula,F,
uylaş,F,
uyu,F,ewyw
uyukla,F,ewywfo2le
uyuş,F,ewywso3
uza,F,ewro1e
uzaksa,F,
uzan,F,ewro1ebo1
uzat,F,ewro1ebo2
uzlaş,F,ewro1leso3
uç,F,!MULTIPLE VALUES
uçukla,F,ewxu3wfo2le
uçuş,F,ewxu3wso3
uğra,F,ewao1re
uğrala,F,
uğrat,F,ewao1rebo2
uğraş,F,ewao1reso3
uğrula,F,
uğulda,F,ewao1wlde
uğun,F,
uğurla,F,ewao1wrle
uğursa,F,
vaded,T,
vadet,F,wad||eybo2
vakfed,T,
vakfet,F,wfo2fo1 eybo2
vakla,F,
vakumla,F,
vakvakla,F,
var,F,wer
varakla,F,wrfo2le
vared,T,
varet,F,wereybo2
varol,F,werewl
varsay,F,
vazelinle,F,
vazgeç,F,wero1kxu3
vazgeçir,F,
ver,F,wyr
vergile,F,
vernikle,F,
vidala,F,wydele
vitrinle,F,
viyakla,F,
voltala,F,
vur,F,wr
vurgula,F,
vıcıkla,F,
vıcırda,F,
vınla,F,
vırla,F,
vızla,F,wyro1le
vızılda,F,wyro1ylde
yabala,F,yebu1h||le
yabancıla,F,
yabansı,F,
yadsı,F,
yadırga,F,yedyrao1e
yaftala,F,
yak,F,yefo2
yakala,F,yefo2h||le
yakar,F,yefo2er
yaklaş,F,bo2efo2leso3
yakın,F,!MULTIPLE VALUES
yakınsa,F,
yakış,F,yefo2yso3
yala,F,yele
yalanla,F,
yalazla,F,
yaldızla,F,yeldyro1le
yalpala,F,
yalvar,F,yelwer
yalıt,F,
yama,F,!MULTIPLE VALUES
yamala,F,yemh||le
yamrul,F,
yamul,F,
yan,F,yebo1
yanaş,F,yebo1eso3
yankıla,F,yebo1fo2yle
yanla,F,
yanlışla,F,
yansı,F,
yansıla,F,
yanıl,F,!MULTIPLE VALUES
yanıtla,F,
yanşa,F,
yap,F,yebu3
yapış,F,!MULTIPLE VALUES
yar,F,!MULTIPLE VALUES
yara,F,!MULTIPLE VALUES
yarala,F,yerh||le
yaran,F,!MULTIPLE VALUES
yarat,F,yerebo2
yaratıl,F,yerebo2yl
yaraş,F,
yardımed,T,
yardımet,F,
yardımgör,F,
yargıla,F,yerao1yle
yarmala,F,
yarıla,F,yeryle
yarımla,F,yerymle
yarış,F,yeryso3
yasa,F,!MULTIPLE VALUES
yasakla,F,
yasla,F,
yassıla,F,
yassılt,F,yezo8ylbo2
yat,F,!MULTIPLE VALUES
yatış,F,yebo2yso3
yavaşla,F,
yavrula,F,yewrwle
yavukla,F,
yavşa,F,
yay,F,yey
yayla,F,!MULTIPLE VALUES
yayıkla,F,
yayıl,F,yeyyl
yayımla,F,
yayınla,F,
yaz,F,yero1
yazla,F,yero1le
yağ,F,yeao1
yağla,F,yeao1le
yağmala,F,
yağmurla,F,yeao1mwrle
yaşa,F,yeso3e
yaşar,F,yeso3er
yaşat,F,yeso3ebo2
ye,F,y
yedekle,F,
yekin,F,
yelekle,F,ylke
yelkenle,F,
yelle,F,yllh||
yelpazele,F,ylbu3ero1h||l
yelse,F,
yelten,F,ylbo2bo1
yemle,F,
yen,F,!MULTIPLE VALUES
yenile,F,ylo5o3ylh||
yeniş,F,
yer,F,yr
yeral,F,
yerin,F,yrybo1
yerinegetir,F,
yerleş,F,yrlso3
yestehle,F,
yet,F,ybo2
yetin,F,
yetiş,F,ybo2yso3
yeğle,F,
yeğnise,F,
yeşer,F,yso3yr
yinele,F,
yit,F,yybo2
yivle,F,
yoked,T,
yoket,F,ywfo2 eybo2
yokla,F,ywfo2le
yokol,F,
yokumsa,F,
yol,F,ywl
yolaç,F,
yolla,F,ywlle
yon,F,ywbo1
yongala,F,
yont,F,
yor,F,ywr
yorgala,F,
yorumla,F,
yoğrul,F,ywao1rwl
yoğur,F,
yoğurtla,F,
yudumla,F,
yuhala,F,
yum,F,ywm
yumrukla,F,ywmrwfo2le
yumul,F,ywml
yumurtla,F,ywmwrtle
yumuşa,F,
yurtsa,F,
yut,F,ywbo2
yutkun,F,ywbo2fo2wbo1
yuvala,F,ywwele
yuvarla,F,ywwerle
yuvgula,F,
yönel,F,
yönet,F,
yücel,F,ywxu1l
yükle,F,ywkl
yüksel,F,ywksl
yükseltge,F,
yüksün,F,
yükün,F,
yülü,F,
yürü,F,ywrw
yürüt,F,ywrwbo2
yüz,F,ywro1
yüzgözol,F,
yüzle,F,ywro1l
yüzleş,F,ywro1lso3
yık,F,yyfo2
yıka,F,yyfo2e
yıkış,F,
yıl,F,!MULTIPLE VALUES
yıldızla,F,
yılla,F,yylle
yılış,F,yylyso3
yıpran,F,
yıprat,F,
yırla,F,
yırt,F,yyrbo2
yırtın,F,yyrbo2bo1
yıvış,F,
yığ,F,yyao1
yığınakla,F,
zamanla,F,
zamkla,F,zo1mao1le
zangırdat,F,
zanned,T,
zannet,F,to1bo1 eybo2
zanneyle,F,
zannolun,F,
zap,F,
zapted,T,
zaptet,F,zo1bu1t eybo2
zarfla,F,
zayıfla,F,zo1ayfo1le
zağla,F,
zedele,F,ro1dh||l
zehirle,F,
zehrol,F,
zenginle,F,ro1bo1ko7ybo1lh||
ziftle,F,ro1yfo1bo2lh||
zikred,T,
zikret,F,
zincirle,F,ro1bo1xu1yrl
ziyaned,T,
ziyanet,F,
zonkla,F,ro1wbo1fo2le
zorla,F,ro1wlh||
zorlaş,F,
zorundabırak,F,
zorundakal,F,
zulmed,T,
zulmet,F,!MULTIPLE VALUES
zıbar,F,ro1ybu1er
zıhla,F,
zımbala,F,ro1ymbu1ele
zımparala,F,
zıpkınla,F,
zıpla,F,
zırla,F,
zırvala,F,
zırılda,F,ro1yrylde
çabala,F,xu3ebu1ele
çak,F,!MULTIPLE VALUES
çakıl,F,xu3efo2l
çakılda,F,
çakış,F,xu3efo2so3
çal,F,xu3el
çalkala,F,
çalkan,F,xu3elfo2ebo1
çalımla,F,
çalış,F,!MULTIPLE VALUES
çamurla,F,xu3emwrle
çap,F,xu3ebu3
çapala,F,xu3ebu3ele
çapla,F,
çaprazla,F,
çapraş,F,
çapulla,F,
çarp,F,xu3erbu3
çarpıt,F,
çarşafla,F,
çat,F,xu3ebo2
çatla,F,xu3ebo2le
çatın,F,
çatırda,F,
çatış,F,!MULTIPLE VALUES
çav,F,
çayırla,F,xu3eyyr||le
çağ,F,xu3eao1
çağla,F,xu3eao1le
çağrı,T,
çağılda,F,xu3eao1lde
çağır,F,xu3eao1r
çaşıtla,F,
çek,F,xu3k
çekele,F,
çekeme,F,xu3kh||mh||
çekil,F,xu3kyl
çekimle,F,
çekimsen,F,
çekin,F,xu3kybo1
çekiçle,F,
çekiş,F,!MULTIPLE VALUES
çekiştir,F,
çel,F,xu3l
çelikle,F,
çeliş,F,
çelmele,F,
çemberle,F,xu3bo1bu1r||lh||
çemenle,F,
çemkir,F,
çengelle,F,xu3bo1ko7llh||
çenile,F,
çent,F,xu3bo1bo2
çentikle,F,xu3bo1bo2yklh||
çerçevele,F,xu3rxu3ywh||lh||
çevir,F,xu3wyr
çevrele,F,
çevril,F,xu3wyryl
çevrile,F,
çevrin,F,
çeyrekle,F,xu3yrh||klh||
çeşitle,F,xu3so3ybo2lh||
çeşnile,F,
çiftele,F,xu3yfo1bo2h||lh||
çiftle,F,
çile,F,!MULTIPLE VALUES
çim,F,xu3ym
çimdikle,F,xu3ymdyklh||
çimentola,F,
çirişle,F,xu3yryso3lh||
çise,F,
çisele,F,xu3ysh||lh||
çit,F,xu3ybo2
çitile,F,
çitle,F,
çivile,F,xu3ywylh||
çivitle,F,xu3ywybo2lh||
çiyle,F,
çiz,F,xu3yro1
çizgile,F,
çiziktir,F,
çiçekle,F,
çiğne,F,xu3yko7bo1h||
çoksa,F,
çoğal,F,xu3wao1el
çoğulla,F,
çoğumsa,F,xu3wao1mse
çubukla,F,xu3wbu1wfo2le
çulla,F,xu3wlle
çuvalla,F,
çök,F,xu3wk
çökel,F,
çöker,F,
çöm,F,
çömel,F,xu3wml
çöz,F,xu3wro1
çözümle,F,
çözün,F,
çöğ,F,
çöğün,F,
çürü,F,xu3wrw
çürüt,F,xu3wrwbo2
çık,F,xu3yfo2
çıkagel,F,
çıkar,F,xu3yfo2er
çıkarsa,F,
çıkıla,F,
çıkınla,F,xu3yfo2ybo1le
çıkış,F,!MULTIPLE VALUES
çıldır,F,xu3yldyr
çıngırda,F,
çınla,F,xu3ybo1le
çırp,F,xu3yrbu3
çırpın,F,xu3yrbu3ybo1
çıtlat,F,
çıtçıtla,F,
çıtırda,F,
çığır,F,xu3yao1yr
çığırt,F,
öcal,F,
öde,F,ewdh||
ödünle,F,
öksür,F,ewkswr
öl,F,ewl
ölç,F,ewlxu1
ölçümle,F,
öncele,F,
önemse,F,
önemver,F,
öner,F,
öngör,F,
önle,F,ewlo5o3lh||
öp,F,ewbu3
ör,F,ewr
örgütle,F,
örkle,F,
örnek,F,ewrbo1k
örnekle,F,
örnekse,F,
örsele,F,ewrsh||l
ört,F,ewrbo2
örtün,F,ewrbo2wbo1k
öt,F,ewbo2
ötür,F,
öv,F,ewk
övün,F,ewko7wbo1
öyküle,F,
öykün,F,
öz,F,ewro1
özdeşle,F,
öze,F,
özen,F,ewro1bo1
özetle,F,
özgüle,F,
özle,F,ewro1lh||
özümle,F,
özümse,F,
öçal,F,
öğren,F,!MULTIPLE VALUES
öğret,F,ewko7rh||bo2
öğür,F,ewko7wr
öğürtle,F,
öğüt,F,!MULTIPLE VALUES
öğütle,F,ewko7wbo2lh||
üfle,F,ewfo1lh||
üfür,F,ewfo1wr
üleş,F,ewlso3
ünle,F,ewlo5o3lh||
üre,F,ewrh||
ürk,F,ewrk
ürper,F,ewrbu3r
ürü,F,ewrw
üstele,F,ewsbo2h||lh||
üsten,F,
üstlen,F,
üstüpüle,F,
üt,F,ewbo2
ütüle,F,ewbo2wl
üvey,F,ewwh||y
üyeol,F,
üz,F,ewro1
üzengile,F,
üzül,F,ewro1l
üçle,F,ewxu1lh||
üş,F,
üşen,F,ewso3bo1
üşü,F,ewso3w
üşüş,F,ewso3wso3
ıhla,F,
ıkın,F,efo2ybo1
ılga,F,
ılgarla,F,
ılı,F,eylyfo2
ıra,F,
ıraksa,F,
ıraksın,F,
ırala,F,
ırgala,F,
ıskala,F,esfo2elh||
ısla,F,eyzle
ıslıkla,F,
ısmarla,F,ezmerle
ısın,F,eyzybo1
ısır,F,eyzyr
ısıt,F,esybo2
ışı,F,eyso3y
ışıla,F,eyso3yle
ışılda,F,eyso3ylde
ışınla,F,
şakla,F,so3efo2le
şakra,F,
şakulle,F,
şakı,F,so3efo2y
şakırda,F,so3efo2yrde
şamarla,F,
şampuanla,F,
şapla,F,so3ebu3le
şarla,F,
şartla,F,so3rtle
şavkı,F,
şavulla,F,
şaş,F,so3eso3
şaşakal,F,
şaşala,F,
şaşır,F,so3eso3yr
şekerle,F,so3krl
şenel,F,
şerbetle,F,
şeritle,F,
şifle,F,
şifrele,F,
şinikle,F,
şiş,F,so3yso3
şişele,F,
şişin,F,
şişir,F,so3yso3yr
şişle,F,so3yso3lh||
şişmanla,F,
şokeed,T,
şokeet,F,
şokeol,F,
şorla,F,
şükred,T,
şükret,F,
şükreyle,F,
şımar,F,so3ymer
şıngırda,F,
şırla,F,so3yrle
