laakal,leefo2l
lâakal,leefo2l
lâakal,le eo5fo2l
lâakall,le eo5fo2l
lâalettâyin,lealy elbo2o8abu2bu2bo1
laalettayin,lealy elbo2o8ayybo1
laan-ilmin mualece etmek,leabo1 alm maelxu1h e
lâan-ilmin muâlece etmek,leabo1 alm maelxu1h e
la-an-kasden,leabo1 fo2zd
laan-kasdın,leabo1 fo2zd
labaratuar,lebu1wrebo2wer
labe,lebu1h||
lâbe,lebu1h
lâbisi,lebu1sy
labi̇s,lebu1s
labis,lebu1s
lâbis,lebu1s
labüd,lebu1d
lâbüd,lebu1d
lâbüd,le bu1o9d
lacerem,lexu1rm
lâcerem,lexu1rm
lâç'ın,lexu3ko3
laciverdi,lexu1wrdy
lâciverdî,lexu1wrdy
laciverd,lexu1wrd
lâciverd,lexu1wrd
lacivert,lexu1wrd
lâç,lexu3
lacverd,lexu1wrd
lâcverd,lexu1wrd
laden,ledbo1
lâden,ledbo1
lades,leds
lâdes,leds
ladik,ledyfo2
lâdik,ledyk
lâdînî,ledbu2bo1y
ladi̇ni̇,ledybo1y
ladini,ledybo1y
lâdinî,le dybo1y
lâdînî,ledybo1y
lâdînî,lo4edbu2bo1bu2
ladi̇ni̇,lo4ed۪ybo1۪y
ladini,lo4ed۪ybo1۪y
laedri,le edry
lâedri,le edry
lâedrî,le eo4do0ry
lâekall,leeo5fo2lo8
lâfa,lefo1h
la-fark,lefo1rfo2
lâ-fark,lefo1rfo2
lafazan,lefo1ro1bo1
lâfazan,lefo1ro1bo1
lafazanlık,lefo1ro1bo1lfo2
lâfazanlık,lefo1ro1bo1lfo2
laf etmek,lefo1 e
lafızca,lfo1to1xu1h
lafızdan,lfo1to1dbo1
lafızdır,lfo1to1dr
lafızlarıdır,lfo1to1lrydr
lafızları,lfo1to1lry
lafızlarına,lfo1to1lrybo1h
lafızlarını,lfo1to1lrybo1y
lafızlarının,lfo1to1lrybo1ko3
lafızların,lfo1to1lrko3
lafızlarla,lfo1to1lrlh
lafızlar,lfo1to1lr
lafiz,lfo1to1
lafız,lfo1to1
lâfız,lfo1to1
lafiz,lo4fo1u4to1o0
lafız,lo4fo1u4to1o0
lafızperestlere,lfo1to1||bu3rsbo2lrh
lafızperest,lfo1to1||bu3rsbo2
lafızperestlik,lfo1to1||bu3rsbo2lk
lafları,lefo1lry
lâflarına,lefo1lrybo1h
laf,lefo1
lâf,lefo1
lafügüzaf,lefo1 w ko7ro1efo1
lâfügüzâf,lefo1 w ko7ro1efo1
lafza-i,lfo1to1h||'u4
lafza,lfo1to1h
lafzan,lfo1to1eo44
lâfzan,lfo1to1eo44
lafzan,lfo1to1o44e
lâfzan,lfo1to1o44e
lafzan,lo4fo1o0to1o44e
lafz-be-lafz,lfo1to1 bu1lfo1to1
lafzen,lfo1teo44
lafzen,lfo1to1eo44
lafzen,lfo1to1o44e
lafz-i kafi̇r,lo4fo1o0to1u4 ko4efo1u4ro0
lafz-i kâfir,lo4fo1o0to1u4 ko4efo1u4ro0
lafz-ı kafir,lo4fo1o0to1u4 ko4efo1u4ro0
lafz-ı kâfir,lo4fo1o0to1u4 ko4efo1u4ro0
lafz-ı,lfo1to1u4
lâfz-ı,lfo1to1u4
lafzi̇,lfo1to1y
lafzi,lfo1to1y
lafzî,lfo1to1y
lafzı,lfo1to1y
lâfzî,lfo1to1y
lafzî,lo4fo1o0to1bu2
lafzi̇,lo4fo1o0to1۪y
lafzi,lo4fo1o0to1۪y
lafz-i ma'nidâr,lo4fo1o0to1u4 mo4ao0bo1bu2do4ero0
lafz-ı ma'nidâr,lo4fo1o0to1u4 mo4ao0bo1bu2do4ero0
lafz-i ma'ni̇dar,lo4fo1o0to1u4 mo4ao0bo1۪ydo4ero0
lafz-ı ma'nidar,lo4fo1o0to1u4 mo4ao0bo1۪ydo4ero0
lafz-i mücessem,lo4fo1o0to1u4 mo9xu1o4so4o8mo0
lafz-ı mücessem,lo4fo1o0to1u4 mo9xu1o4so4o8mo0
lafzına,lfo1to1bo1h
lafzındaki,lfo1to1bo1dh||ky
lâfzındaki,lfo1to1bo1dh||ky
lafzında,lfo1to1bo1dh
lâfzında,lfo1to1bo1dh
lafzından,lfo1to1bo1dbo1
lafzını,lfo1to1bo1y
lafzının,lfo1to1bo1ko3
lafzın,lfo1to1ko3
lafziyedir,lfo1to1yh||dr
lafziye,lfo1to1yh
lafzıye,lfo1to1yh
lafzıyenin,lfo1to1yh||bo1ko3
lafziyesine,lfo1to1yh||sbo1h
lafziyeye,lfo1to1yh||yh
lafziyeyi,lfo1to1yh||yy
lafzıyla,lfo1to1ylh
lâfziyle,lfo1to1ylh
lafz,lfo1to1
lafz-perdazane,lfo1to1bu3rdero1ebo1h
lafzullah'ı,lfo1to1 ello8hy
lafzullah'ın,lfo1to1 ello8hko3
lafzullahın,lfo1to1 ello8h||ko3
lafzullah,lfo1to1 eellh
lafzullahtaki,lfo1to1 ello8h||dh||ky
lafzullah'tan,lfo1to1 eellhdbo1
lagar,leao1r
lâgar,leao1r
lağımcı,lao1mxu1y
lâğımcı,lao1mxu1y
lağım deliği,lao1m dlky
lağımlamak,lao1mlmfo2
lağım,lao1m
lâğım,lao1m
lâğımlar,lao1mlr
lağım,leao1m
lağım süzgeci,lao1m swro1kxu3y
lağım yapmak,lao1m bu2ebu3mfo2
lağım yapmak,lao1m yebu3mfo2
lağvet,lao1w eybo2
lağv etmek,lao1we
lâğvetmek,lao1w ebu2bo2mk
lağvetmek,lao1w eybo2mk
lağv,lao1w
lâğv,lao1w
lağzi̇ş,lao1ro1so3
lağziş,lao1ro1so3
lağz,lao1ro1
lahana,lexbo1h<>
lâhana,lexbo1h||
lahana,lexo1ebo1e
lâhana,lexo1ebo1e
lahana,lxbo1h
lahana,lxbo1h||
lâhana,lxbo1h
lahd,lxd
lahid,lxd
lâhid,lxd
lâhika'da,lexfo2h||dh
lâhika'dan,lexfo2h||dbo1
lâhikalardaki,lexfo2h||lrdh||ky
lâhikalarda,lexfo2h||lrdh
lâhikaları,lexfo2h||lry
lâhikalarına,lexfo2h||lrybo1h
lâhikalarında,lexfo2h||lrbo1dh
lâhikalarından,lexfo2h||lrbo1dbo1
lâhikaların,lexfo2h||lrko3
lâhikalar,lexfo2h||lr
lahi̇ka,lexfo2h||
lahika,lexfo2h
lahika,lexfo2h||
lâhika,lexfo2h
lâhika,lexfo2h||
lahi̇ka,lo4exu4fo2o4h||
lahika,lo4exu4fo2o4h||
lâhika,lo4exu4fo2o4h
lâhika'nın,lexfo2h||bo1ko3
lâhikasıdır,lexfo2h||sydr
lâhikası-ı'de,lexfo2h||sy n1 dh
lâhikası-ıı,lexfo2h||sy n2
lâhikası-ı,lexfo2h||sy n1
lâhikası,lexfo2h||sy
lâhikasındadır,lexfo2h||sbo1dh||dr
lâhikası'ndan,lexfo2h||sbo1dbo1
lâhikasından,lexfo2h||sbo1dbo1
lâhikasını,lexfo2h||sbo1y
lâhikasının,lexfo2h||sbo1ko3
lâhikasıyla,lexfo2h||sylh
lâhika'ya,lexfo2h||yh
lâhikaya,lexfo2h||yh
lâhika'yı,lexfo2h||yy
lâhikayı,lexfo2h||yy
lahik,lexfo2
lâhik,lexfo2
lahi̇k,lo4exu4fo2
lahik,lo4exu4fo2
lâhik,lo4exu4fo2
lahim,lxm
lâhim,lxm
lahin,lxbo1
lâhin,lxbo1
lâhiyane,lehyebo1h
lahmden,lxmdbo1
lâhmden,lxmdbo1
lahme,lxmh
lâhme,lxmh
lahm-ı,lxmu4
lâhm-ı,lxmu4
lahm,lxm
lahm-ül-hınzır,lxm elxo1bo1ro1bu2r
lahm-ül-hınzır,lxm elxo1bo1ro1yr
lahn,lxbo1
lâhor'da,lehwrdh
lahore,lehwrh
lahor,lehwr
lâhor,lehwr
laht,lxo1bo2
lahutîden,lehwbo2ydbo1
lahutîdir,lehwbo2ydr
lahuti̇,lehwbo2y
lahuti,lehwbo2y
lahutî,lehwbo2y
lâhûtî,lehwbo2y
lâhûtî,leo4ho9wbo2bu2
lahuti̇,leo4ho9wbo2۪y
lahuti,leo4ho9wbo2۪y
lahutînin,lehwbo2ybo1ko3
lahut,lehwbo2
lâhut,lehwbo2
lâhût,lehwbo2
lahza,lxto1h
lahza,lxto1h||
lâhza,lxto1h
lahzası,lxto1h||sy
lâhzasında,lxto1h||sbo1dh
laiha,lebo5xh||
lâiha,lebo5xh
lâik,lebo5bu2k
laik,lebo5yk
lâik,leyo5k
lâikliğe,leyo5klko7h
lâikliğin,leyo5klko7ko3
lâiklik,leyo5klk
lâilahe,leo4 eu4lo99hh
lâimden,leyo5mdbo1
lainin,laybo1ko3
laîn,labu2bo1
lâin,labu2bo1
lai̇n,laybo1
lain,laybo1
laîn,laybo1
lakabı,lfo2bu1y
lâkabı,lfo2bu1y
lâkabımla,lfo2bu1mlh
lâkabına,lfo2bu1bo1h
lakabını,lfo2bu1bo1y
lâkabını,lfo2bu1bo1y
lakabıyla,lfo2bu1ylh
lâkabıyla,lfo2bu1ylh
lakabiyle,lfo2bu1ylh
lakabla,lfo2bu1lh
lâkabla,lfo2bu1lh
lâkablandırmışlardır,lfo2bu1lebo1dyrmso3lrdr
lakabların,lfo2bu1lrko3
lâkabların,lfo2bu1lrko3
lakab,lfo2bu1
lâkab,lfo2bu1
lâkaydane,lefo2ydebo1h
lâkaydâne,lefo2ydebo1h
lâkayddı,lefo2yddy
lâkayddır,lefo2yddr
lâkaydî,lefo2bu2dy
lakaydi̇,lefo2ydy
lakaydi,lefo2ydy
lâkaydları,lefo2ydlry
lâkaydlar,lefo2ydlr
lâkayd,lefo2bu2d
lakayd,lefo2yd
lâkayd,lefo2yd
lâkaydlığa,lefo2ydlao1h
lâkaydlığı,lefo2ydlao1y
lâkaydlığımı,lefo2ydlao1my
lâkaydlığını,lefo2ydlao1bo1y
lâkaydlığınızdan,lefo2ydlao1ko3ro1dbo1
lâkaydlıkla,lefo2ydlfo2lh
lâkaydlıkları,lefo2ydlfo2lry
lâkaydlıklarına,lefo2ydlfo2lrybo1h
lâkaydlıklarından,lefo2ydlfo2lrbo1dbo1
lâkaydlık,lefo2ydlfo2
lâkaydlıkta,lefo2ydlfo2dh
lâkaydlıktan,lefo2ydlfo2dbo1
lâkaydlıktır,lefo2ydlfo2dr
lâkaydsan,lefo2ydsh||ko3
lâkaydsın,lefo2ydsko3
lakerda,lekrdh
lakerda,lekrdh||
lakin,lekbo1
lâkin,lekbo1
laki̇n,lkbo1
lakin,lkbo1
lâkin,lkbo1
lâkin,lo99kbo1
lakırdı anlatmak,lfo2rdy eklebo2mfo2
lâkırdıcı,lefo2bu2rdbu2xu1y
lakırdıcı,lefo2yrdyxu1y
lakırdıda ehemmiyyet vermek,lfo2rdbu2dh ehmbu2bo2 wbu2rmk
lakırdıda ehemmiyyet vermek,lfo2rdydh ehmybo2 wyrmk
lakırdı etmek,lfo2rdy e
lakırdıları,lefo2yrdylry
lâkırdı,lefo2bu2rdy
lakırdı,lefo2rdy
lakırdı,lefo2yrdy
lakırdı,lfo2rdy
lakırdı öğretmek,lfo2rdy ewkrbo2mk
lakırdısını açmak,lfo2rdbu2sbo1y exu3mfo2
lakırdısını açmak,lfo2rdysbo1y exu3mfo2
lakırdısını esirgemez,lfo2r dbu2sbo1y esrkmero1
lakırdısını esirgemez,lfo2r dysbo1y esrkmero1
lakırdısını etmek,lfo2rdbu2sbo1y e
lakırdısını etmek,lfo2rdysbo1y e
lakırdısını sakınmaz,lefo2rdbu2sbo1y zefo2bo1mro1
lakırdısını sakınmaz,lefo2rdysbo1y zefo2bo1mro1
lakita,lfo2yth
lakîta,lfo2yth
laklaka,lfo2lfo2h
laklaka,lfo2lfo2h||
lâklâkıyat,lfo2lfo2bu2ebo2
laklakıyat,lfo2lfo2yebo2
laklak,lfo2lefo2
laklâk,lfo2lefo2
lâksatif,lefo2sebo2bu2fo1
laksatif,lefo2sebo2yfo1
lala,lele
lalalık,lelelfo2
la,le
lâ,le
laleka,lelke
lâlekâ,lelke
lale,lelh||
lâle,lelh
lâlesinin,lelh||sbo1ko3
lâlettayin,le aly elbo2abu2bu2bo1
lalettayi̇n,le aly elbo2ayybo1
lalettayin,le aly elbo2ayybo1
lalezar,lelh ro1er
lâlezar,lelh ro1er
lâlezinciri,lelh||ro1bo1xu1bu2ry
lalezinciri,lelh<>ro1bo1xu1yry
la,lh
la'l,lal
la’l,lal
lal,lal
lâ’l,lal
lal,lel
lâl,lel
lâllığına,lellao1bo1h
lamartin'in,lemerbo2ybo1ko3
lâmbadır,lembu1edr
lâmbalara,lembu1elrh
lâmbalarda,lembu1elrdh
lâmbaları,lembu1elry
lâmbalarını,lembu1elrybo1y
lâmbalarının,lembu1elrybo1ko3
lâmbalarıyla,lembu1elrylh
lâmbalarla,lembu1elrlh
lâmbalar,lembu1elr
lamba,lembu1e
lâmba,lembu1e
lambalı,lembu1ely
lâmbalı,lembu1ely
lâmbamdır,lembu1emdr
lâmba-misal,lembu1embo3el
lâmbam,lembu1em
lâmbanın,lembu1ebo1ko3
lâmbasıdır,lembu1esydr
lâmbası,lembu1esy
lâmbasına,lembu1esbo1h
lâmbasının,lembu1esbo1ko3
lâmbasıyla,lembu1esylh
lâmbasiyle,lembu1esylh
lâmbaya,lembu1eyh
lâmbayı,lembu1eyy
lâmdır,lemdr
lamehale,lemxelh||
lâmehâle,lemxelh
lâmekânîsine,lemkebo1ysbo1h
lamekan,lemkebo1
lâmekan,lemkebo1
lame,lemh||
lâme,lemh
lâm-elif,lem eo5lfo1
lameşru',lemso3rwa
lâmeşru',lemso3rwa
lami̇a,lemah||
lamia,lemah||
lâmia,lemah
lami̇',lema
lami',lema
lami’,lema
lâmi',lema
lâmi’,lema
lâm-ı,lemu4
lâmı,lemy
lâm'ın,lemko3
lami̇se,lemsh||
lamise,lemsh||
lâmise,lemsh
lam,l
lâm,l
lâmlar,lemlr
lâmsız,lemsro1
lâmüdrike,lemo9do0ru4kh
lane,lebo1h||
lâne,lebo1h
la'nenin,labo1h||bo1ko3
lanete,labo1bo2h
lanet etmek,labo1bo2 e
lanetinden,labo1bo2bo1dbo1
lanetini,labo1bo2bo1y
la'net,labo1bo2
la’net,labo1bo2
lanet,labo1bo2
lâ’net,labo1bo2
lanetlediler,labo1bo2ldylr
la’netle,labo1bo2lh<>
lanetle,labo1bo2lh
la’netlemek,labo1bo2lh<>mk
lâ’netlemek,labo1bo2lh||mk
la’netleme,labo1bo2lh<>mh||
lâ’netleme,labo1bo2lh||mh
lanetler,labo1bo2lr
lanetli,labo1bo2ly
lanet okumak,labo1bo2 ewfo2wmfo2
lanetten,labo1bo2dbo1
lângırlûngur,lebo1ao1bu2rlwbo1ao1wr
langırlungur,lebo1ao1yrlwbo1ao1wr
lâ'nın,lebo1ko3
lânolin,lebo1wlbu2bo1
lanolin,lebo1wlybo1
lapacı,lebu3h<>xu1y
lâpacı,lebu3h||xu1y
lapadak,lebu3h dfo2
lapa gibi heyet,lebu3h kbu1y hbu2bo5bo2
lapa gibi heyet,lebu3h kbu1y hybo5bo2
lapa,lebu3h
lapa,lebu3h||
lâpa,lebu3h
lapa vurmak,lebu3h ewrmfo2
lapçin,lebu3xu3bu2bo1
lâpcın,lebu3xu3bu2bo1
lapcın,lebu3xu3ybo1
lapçin,lebu3xu3ybo1
lap içeri girmek,lebu3 ebu2xu3rw kbu2rmk
lap içeri girmek,lebu3 eyxu3rw kyrmk
laplap,lebu3<>lebu3
lâplâp,lebu3||lebu3
lapseki,lebu3sky
lara,lrh
larda,lrdh
lardan,lrdbo1
largo,lerao1w
lârgo,lerao1w
ları,lry
larımı,lrymy
larından,lrbo1dbo1
larını,lrybo1y
ların,lrko3
larla,lrlh
lar,lr
larpadak,lerbu3edefo2
lârpadak,lerbu3edefo2
laşehar,leso3h xo1wer
lâşehâr,leso3h xo1wer
lâşeleri,leso3h||lry
lâşelerini,leso3h||lrybo1y
laşe (leş),leso3h||
lâşe (leş),leso3h
laşe,leso3h
laşe,leso3h||
lâşe,leso3h
lâşey,leso3y
la-şey makulesi,leso3y mfo2wlh sy
laşey makulesi,leso3y mfo2wlh sy
lâ-şey makûlesi,leso3y mfo2wlh sy
lâşey makûlesi,leso3y mfo2wlh sy
lâ'sı,lesy
lasiyyemalardaki,lesyo8melrdh||ky
lâsiyyemalardaki,lesyo8melrdh||ky
lasiyyemalarla,lesyo8melrlh
lâsiyyemalar,lesyo8melr
lâsiyyema,lesbu2me
lasi̇yyema,lesyme
lasiyyema,lesyme
lasiyyema,lesyo8me
lâsiyyema,lesyo8me
laşka,leso3fo2h||
lâşka,leso3fo2h
lâstik,lesbo2bu2k
lastik,lesbo2yk
lâstikli,lesbo2bu2kly
lastikli,lesbo2ykly
la-tail,letebo5l
lâ-tâil,letebo5l
lata,leth||
lâta,leth
lâ-tefnasındaki,lebo2fo1bo1esbo1dh||ky
latifane,ltyfo1ebo1h
lâtifâne,ltyfo1ebo1h
latifdir,ltyfo1dr
latîfeci,ltbu2fo1h||xu1y
latîfeci,ltbu2fo1h xu1y
latifeci,ltyfo1h<>xu1y
latifeci,ltyfo1h xu1y
latifede,ltyfo1h||dh
lâtifede,ltyfo1h||dh
latifedendir,ltyfo1h||dbo1dr
latifeden,ltyfo1h||dbo1
latifedir,ltyfo1h||dr
latîfe etmek,ltbu2fo1h e
latife etmek,ltyfo1h e
latifegû,ltbu2fo1h ko7w
latîfe-gû,ltbu2fo1h kw
lati̇fegu,ltyfo1h ko7w
latifegu,ltyfo1h ko7w
latife-gu,ltyfo1h kw
latife-i,ltyfo1h'u4
lâtife-i,ltyfo1h'u4
latifelerdir,ltyfo1h||lrdr
latifeleri,ltyfo1h||lry
latifelerim,ltyfo1h||lrm
latifelerine,ltyfo1h||lrybo1h
latifelerini,ltyfo1h||lrybo1y
latifelerinin,ltyfo1h||lryko3ko3
latifelerin,ltyfo1h||lrko3
latifeler,ltyfo1h||lr
lâtifeler,ltyfo1h||lr
latifeliği,ltyfo1h||lko7y
latîfe,lo4tbu2fo1o4h
lati̇fe,lo4t۪yfo1o4h||
latife,lo4t۪yfo1o4h||
latife,ltbu2fo1h
latîfe,ltbu2fo1h
lati̇fe,ltyfo1h||
latife,ltyfo1h
latife,ltyfo1h||
latifenin,ltyfo1h||bo1ko3
lâtifenin,ltyfo1h||bo1ko3
latifesidir,ltyfo1h||sydr
latifesi,ltyfo1h||sy
latifesindendir,ltyfo1h||sbo1dbo1dr
latifesini,ltyfo1h||sbo1y
latifesiyle,ltyfo1h||sylh
latifeye,ltyfo1h||yh
latifeyi,ltyfo1h||yy
lâtifeyi,ltyfo1h||yy
latif-i,ltyfo1u4
latifi,ltyfo1y
lâtifi,ltyfo1y
latifinden,ltyfo1bo1dbo1
latiflerini,ltyfo1lrybo1y
lâtiflerini,ltyfo1lrybo1y
latiflerin,ltyfo1lrko3
latifleşir,ltyfo1lso3yr
lâtifleşir,ltyfo1lso3yr
latifleştiren,ltyfo1lso3dyrbo1
latifleştiriyor,ltyfo1lso3dyryywr
latifliği,ltyfo1lko7y
latifliğine,ltyfo1lko7bo1h
latiflikleri,ltyfo1lklry
latîf,lo4tbu2fo1o0
lati̇f,lo4t۪yfo1o0
latif,lo4t۪yfo1o0
latif,ltbu2fo1
latîf,ltbu2fo1
lati̇f,ltyfo1
latif,ltyfo1
lâtif,ltyfo1
latiften,ltyfo1dbo1
latiftir,ltyfo1dr
latince,lebo2ybo1xu1h
lâtinçiçeği,lebo2bu2bo1 xu3bu2xu3ky
latinçiçeği,lebo2ybo1 xu3yxu3ky
latinî,lebo2ybo1y
lâtin,lebo2bu2bo1
latin,lebo2ybo1
lâtinyelkeni,lebo2bu2bo1 bu2lkbo1y
latinyelkeni,lebo2ybo1 ylkbo1y
latme,ltmh
latme,ltmh||
lâübalicesine,leebu1elyxu1h||sbo1h
laubali̇,leebu1ely
laubali,leebu1ely
laübali,leebu1ely
lâubali,leebu1ely
lâübali,leebu1ely
lâübalilere,leebu1elylrh
lâübalilerin,leebu1elylrko3
lâübaliler,leebu1elylr
lâübaliliğe,leebu1elylko7h
lâübalilik,leebu1elbu2lk
laübalilik,leebu1elylk
lâübalilik,leebu1elylk
lâübaliliklerle,leebu1elylklrlh
lâübaliyane,leebu1elyebo1h
lavabo,lewebu1w
lâvabo,lewebu1w
lavanda,lwebo1dh
lavanda,lwebo1dh||
lavanta,lewebo1te
lâvanta,lewebo1te
lavlar,lewlr
lav,lew
lâv,lew
lâya'kılane,leyafo2lebo1h
laya'ki̇l,leyafo2l
laya'kil,leyafo2l
laya’kil,leyafo2l
laya'kıl,leyafo2l
lâya'kil,leyafo2l
lâya'kıl,leyafo2l
lâ-yankati',lebu2bo1fo2ta
la-yankati',leybo1fo2ta
layelpur,leylbu3wr
lâyemutane,le ymwbo2ebo1h
lâyemûtane,le ymwbo2ebo1h
lâyemûtâne,le ymwbo2ebo1h
lâyemut,lebu2mwbo2
lâ-yemût,lebu2mwbo2
la-yemut,leymwbo2
layemut,leymwbo2
lâyemut,leymwbo2
lâyemut,le ymwbo2
lâyemût,leymwbo2
lâyemût,lo4ebu2o4mo9wbo2o0
layemut,lo4eyo4mo9wbo2o0
lâyemuttur,le ymwbo2dr
lâyemut'u,le ymwbo2y
lâyemut'un,le ymwbo2ko3
lâ-yenkati,lebu2bo1fo2ta
lâ-yenkati',lebu2bo1fo2ta
la-yenkati,leybo1fo2ta
la-yenkati',leybo1fo2ta
layenkati,leybo1fo2ta
layenkatı,leybo1fo2ta
layenkatı',le ybo1fo2ta
lâyenkati,leybo1fo2ta
lâyenkatı,leybo1fo2ta
lâyenkatı',le ybo1fo2ta
lâyeş'ur,leyso3ar
lâ-yetecezzadaki,leybo2xu1ro1o8edh||ky
layetecezza,leybo2xu1ro1e
lâyetecezza,leybo2xu1ro1e
lâ-yetecezza,leybo2xu1ro1o8e
lâ-yetefellel,leyo4bo2o4fo1o4lo8lo0
lâyetegayyer,leybo2ao1bu2r
lâ-yetegayyer,leybo2ao1yo8r
layetegayyer,leybo2ao1yr
lâ-yetenaha,leybo2bo1ehy
layetenahi̇,le ybo2bo1ehy
layetenahi,le ybo2bo1ehy
layetenahî,leybo2bo1ehy
lâ-yetenahî,leybo2bo1ehy
lâyetenâhi,le ybo2bo1ehy
lâ-yetenahîliğin,leybo2bo1ehylko7ko3
lâ-yetenahîlik,leybo2bo1ehylk
lâ-yetezelzel,leybo2ro1lro1l
layetezelzül,le ybo2ro1lro1l
lâyetezelzül,le ybo2ro1lro1l
lâyezal'e,le yro1elh
lâyezâl'e,le yro1elh
lâyezalî'den,leyro1elydbo1
lâyezalîdir,le yro1elydr
lâyezâlîdir,le yro1elydr
lâyezalî,le yro1ely
layezal'in,le yro1elko3
lâyezal'in,le yro1elko3
lâyezâl'in,le yro1elko3
lâyezalîsi,le yro1elysy
lâyezalîye,le yro1ely||yh
lâyezâlîye,le yro1ely||yh
lâyezalî'yi,le yro1ely||yy
lâyezalîyi,le yro1ely||yy
lâyezâlîyi,leyro1ely||yy
lâyezal,le yro1el
layihadır,leyxh||dr
lâyihadır,leyxh||dr
layiha-i,leyxh'u4
lâyiha-i,leyxh'u4
layihalarımız,leyxh||lrymro1
layıha,lebo5xh||
lâyıha,lebo5xh
lâyiha,lebu2xh
layi̇ha,leyxh||
layiha,leyxh||
lâyiha,leyxh
lâyiha,lo4ebu2u4xo4h
layi̇ha,lo4eyu4xo4h||
layiha,lo4eyu4xo4h||
lâyihamı,leyxh||my
lâyihanın,leyxh||bo1ko3
lâyihasıdır,leyxh||sydr
layihası,leyxh||sy
lâyihası,leyxh||sy
lâyihasından,leyxh||sbo1dbo1
lâyihasını,leyxh||sbo1y
layiha-yı,leyxh'u4'u4
lâyıkasını,leyfo2h||sbo1y
lâyık-ı,leyfo2u4
lâyıkı,leyfo2y
lâyıkına,leyfo2bo1h
lâyıkınca,leyfo2bo1xu1h
lâyıkını,leyfo2bo1y
lâyıkıyla,leyfo2ylh
lâyıklara,leyfo2lrh
layık,lebu2fo2
lâyık,lebu2fo2
layık,leyfo2
lâyık,leyfo2
lâyıklı,leyfo2ly
lâyıksa,leyfo2sh
lâyıksınız,leyfo2sko3ro1
lâyıksın,leyfo2sko3
layıksız,lebu2fo2sro1
lâyıksız,lebu2fo2sro1
layıksız,leyfo2sro1
lâyıktırlar,leyfo2drlr
lâyıktır,leyfo2dr
lay,ley
lây,ley
lâ-yuadd,lebu2ad
lâyüadd,leo4 yo9ao4do8
la-yuadd,leyad
lâ-yüadd,le yad
lâ-yuadd velâ yuhsâ,lebu2adwlebu2xze
la-yuadd vela yuhsa,leyadwleyxze
lâyüad,lebu2ad
layuad,leyad
layüad,leyad
lâyuad,leyad
lâ-yü'ad,le yad
layüad,le yado8
lâyuhadd,leyxdo8
lâyuhad,le yo9xo4do8
lâyühad,le yxd
lâyuhsadır,leo4 yo9xo0zo99y||dr
lâ-yuhsâ,lebu2xze
lâyuhsa,leo4yo9xo0zo99y
la-yuhsa,leyxze
lâ-yuhsa,le yxzy
lâyuhtî,leyxo1ty
lâyüs'eldir,le ysyo5ldr
lazeval,lero1wel
lâzevâl,lero1wel
lâzıma,lero1me
lâzımcılıktan,lero1mxu1ylfo2dbo1
lâzımdı,lero1mdy
lâzımdırlar,lero1mdrlr
lâzımdır,lero1mdr
lâzımedir,lero1mh||dr
lâzime-i,lero1mh'u4
lâzıme-i,lero1mh'u4
lâzımeleri,lero1mh||lry
lazime,lero1mh||
lazıme,lero1mh||
lâzime,lero1mh
lâzıme,lero1mh
lâzimenin,lero1mh||bo1ko3
lâzımesidir,lero1mh||sydr
lâzımeye,lero1mh||yh
lâzımgeldiği,lero1m ko7ldyko7y
lâzımgeldiğini,lero1m ko7ldyko7bo1y
lâzımgeldiğinin,lero1m ko7ldyko7bo1ko3
lâzımgeldi,lero1m ko7ldy
lâzımgeleceğini,lero1m ko7lh||xu1ko7bo1y
lâzımgelen,lero1m ko7lbo1
lâzımgelirken,lero1m ko7lyrkbo1
lâzımgelir,lero1m ko7lyr
lâzımgeliyor,lero1m ko7lyywr
lazım gelmek,lero1m klmk
lâzım gelmek,lero1m klmk
lâzımgelmiş,lero1m ko7lmso3
lâzımgelse,lero1m ko7lsh
lâzımıdır,lero1mydr
lâzım-ı,lero1mu4
lâzımı,lero1my
lâzımına,lero1mbo1h
lâzımını,lero1mbo1y
lâzımının,lero1mbo1ko3
lâzımın,lero1mko3
lâzim-i zarûrî,lo4ero1u4mu4 zo1o4ro9wrbu2
lâzım-ı zarûrî,lo4ero1u4mu4 zo1o4ro9wrbu2
lazim-i zaruri̇,lo4ero1u4mu4 zo1o4ro9wr۪y
lazım-ı zaruri,lo4ero1u4mu4 zo1o4ro9wr۪y
lâzımken,lero1mkbo1
lâzımla,lero1mlh
lâzımları,lero1mlry
lâzımlarını,lero1mlrybo1y
lazim,lero1m
lazım,lero1m
lâzim,lero1m
lâzım,lero1m
lâzımmış,lero1mmso3
lazım olmak,lero1m ew
lâzım olmak,lero1m ew
lâzımsa,lero1msh
lâzımsın,lero1msko3
lâzım-ül,lero1m el
lâzım-üt,lero1m el
lazların,lero1lrko3
laz,lero1
leali̇,lbo5ely
leali,lbo5ely
leâli,lbo5ely
lebaleb,lbu1elbu1
lebâleb,lbu1elbu1
lebâleb,lo4bu1elo4bu1
lebbeyke,lbu1o8yk
lebbeyk,lbu1bu2k
lebbeyk,lbu1o8yk
lebbeyk,lbu1yk
lebbeyk-zendir,lbu1o8yk||ro1bo1dr
lebbeykzen,lbu1o8yk||ro1bo1
leben,lbu1bo1
leb-i̇ derya,lbu1 drye
leb-i derya,lbu1 drye
lebid-i,lbu1ydu4
lebid'in,lbu1ydko3
lebid,lbu1yd
leb,lbu1
leblebici,lbu1lbu1bu2xu1y
leblebici,lbu1lbu1yxu1y
leblebi,lbu1lbu1y
leblebiye,lbu1lbu1y||yh
lecacet,lxu1exu1bo2
lecâcet,lxu1exu1bo2
lecuc,lxu1wxu1
lecûc,lxu1wxu1
ledün,ldbo1
ledün,lo4do9bo1
ledünni̇,ldbo1y
ledünni,ldbo1y
ledünnî,ldbo1y
ledünniyât,ldbo1bu2ebo2
ledünniyat,ldbo1o8yebo2
ledünniyat,ldbo1yebo2
ledünniye'de,ldbo1o8yh||dh
leffan,lfo1eo44
leffen,lfo1e
leffen,lfo1eo44
leffen,lfo1o8o44e
leffen,lo4fo1o44o8e
leff etmek,lfo1 e
leğen,lkbo1
leğen,lko7bo1
lehce,lhxu1h
lehce,lhxu1h||
leheb'in,lhbu1ko3
leheb,lhbu1
lehe,lhh
lehfemi,lhfo1h||my
lehi,lhy
lehimde,lhmdh
lehime,lhmh
lehimizdedir,lhmro1dh||dr
lehimizdeki,lhmro1dh||ky
lehimizde,lhmro1dh
lehimize,lhmro1h
lehimle,lhymlh<>
lehimlemek,lhbu2mlh||mk
lehimlemek,lhbu2mlmk
lehîmlemek,lhbu2mlmk
lehimlemek,lhymlh<>mk
lehimlemek,lhymlmk
lehimlen,lhymlbo1
lehimlenmek,lhbu2mlbo1mk
lehîmlenmek,lhbu2mlbo1mk
lehimlenmek,lhymlbo1mk
lehimlet,lhymlbo2
lehimletmek,lhbu2mlbo2mk
lehimletmek,lhymlbo2mk
lehim,lhbu2m
lehîm,lhbu2m
lehim,lhym
lehimli,lhbu2mly
lehimli,lhymly
lehindeki,lhbo1dh||ky
lehinde,lhbo1dh
lehine,lhbo1h
lehin,lhko3
lehistan,lhsbo2ebo1
lehivden,lhwdbo1
lehlerindedir,lhlrbo1dh||dr
lehlerinde,lhlrbo1dh
lehlerine,lhlrybo1h
leh,lh
leh,lh||
lehli,lhly
leh,lo4ho9
lehte,lhdh
lehü,lh
lehülhamd,lo4ho9 elo0xo4mo0do9
lehülhamdü,lh elxmd
lehülkelâmdan,lh elklemdbo1
lehül-kelâmın,lo4ho9 elo0klemko3
lehül,lh el
lehülmülkü,lo4ho9 elo0mo9lo0ko9
lehvi,lhwy
lehviyat-ı,lhwyebo2u4
lehviyatı,lhwyebo2y
lehviyatıyla,lhwyebo2ylh
lehviyatları,lhwyebo2lry
lehviyatlarını,lhwyebo2lrybo1y
lehviyatlar,lhwyebo2lr
lehviyat,lhwyebo2
lehviyyât-ı,lhwyebo2u4
lehviyyat,lhwyebo2
lehv,lhw
leîmâne,lbo5bu2mebo1h
lei̇mane,lbo5ymebo1h||
leimane,lbo5ymebo1h||
leim,lbo5bu2m
leîm,lbo5bu2m
lei̇m,lbo5ym
leim,lbo5ym
leîm,lyo5ym
lekad,lfo2d
lekeci,lkh<>xu1y
lekeci,lkh||xu1y
lekedar,lkh||der
lekedar,lkh der
lekedâr,lkh der
lekeden,lkh||dbo1
leked,lkd
leke etmek,lkh e
leke-i,lkh'u4
lekeledi,lkh||ldy
lekele,lkh<>lh<>
lekelemek,lkh<>lh<>mk
lekelemek,lkh||lh||mk
lekelemek,lkh lmk
lekelendiren,lkh||lbo1dyrbo1
lekelendirmeğe,lkh||lbo1dyrmko7h
lekelendirmek,lkh lbo1drmk
lekelen,lkh<>lbo1
lekelenmek,lkh<>lbo1mk
lekelenmek,lkh||lbo1mk
lekelenmek,lkh lbo1mk
lekelerden,lkh||lrdbo1
lekeleri,lkh||lry
lekeleriyle,lkh||lrylh
lekelet,lkh<>lbo2
lekeletmek,lkh<>lbo2mk
lekeletmek,lkh||lbo2mk
lekeli,lkh lw
lekeli,lkh<>ly
lekeli,lkh||ly
leke,lkh
leke,lkh||
lekenin,lkh||bo1ko3
lekesi,lkh||sy
lekesini,lkh||sbo1y
lekesinin,lkh||sbo1ko3
lekesizlik,lkh<>sro1lk
lekesizlik,lkh||sro1lk
lekesiz,lkh<>sro1
lekesiz,lkh||sro1
lekeyi,lkh||yy
le,lh
lemaan-ı,lmaebo1u4
lemaan,lmaebo1
lemaat'a,lmaebo2h
lemaatıdır,lmaebo2ydr
lemaat-ı,lmaebo2u4
lemaat'ı,lmaebo2y
lemaatı,lmaebo2y
lemaatına,lmaebo2bo1h
lemaatındandır,lmaebo2bo1dbo1dr
lemaatından,lmaebo2bo1dbo1
lemaatını,lmaebo2bo1y
lemaatının,lmaebo2bo1ko3
lemaat'ınızda,lmaebo2ko3ro1dh
lemaat'ın,lmaebo2ko3
lemaatın,lmaebo2ko3
lemaatlarına,lmaebo2lrybo1h
lemaat,lmaebo2
lemaat'taki,lmaebo2dh||ky
lemaat'ta,lmaebo2dh
lemaat'tan,lmaebo2dbo1
lem'acığına,lmah||xu1ao1bo1h
lem'acığının,lmah||xu1ao1bo1ko3
lem'acık,lmah||xu1fo2
lem'adaki,lmah||dh||ky
lem'ada,lmah||dh
lem'adan,lmah||dbo1
lem'adır,lmah||dr
lem'a-i,lmah'u4
lem'alar'a,lmah||lrh
lem'alara,lmah||lrh
lem'alardaki,lmah||lrdh||ky
lem'alarda,lmah||lrdh
lem'alar'dan,lmah||lrdbo1
lem'alardan,lmah||lrdbo1
lem'alarıdır,lmah||lrydr
lem'alar'ı,lmah||lry
lem'aları,lmah||lry
lem'alarına,lmah||lrybo1h
lem'alarında,lmah||lrbo1dh
lem'alarından,lmah||lrbo1dbo1
lem'alarını,lmah||lrybo1y
lem'alar'ın,lmah||lrko3
lem'aların,lmah||lrko3
lem'alarıyla,lmah||lrylh
lem'alariyle,lmah||lrylh
lem'alarla,lmah||lrlh
lem'alar,lmah||lr
lem'a,lmah
lem'a,lmah||
lem’a,lmah
lem’a,lmah||
lem'a'nın,lmah||bo1ko3
lem'anın,lmah||bo1ko3
lem'a-nisar,lmah||bo1bo3er
leman,lmaebo1
lem'asıdır,lmah||sydr
lem'ası,lmah||sy
lem'asına,lmah||sbo1h
lem'asındaki,lmah||sbo1dh||ky
lem'ası'nda,lmah||sbo1dh
lem'asında,lmah||sbo1dh
lem'asından,lmah||sbo1dbo1
lem'asını,lmah||sbo1y
lem'asının,lmah||sbo1ko3
lem'asısın,lmah||sysko3
lem'asıyla,lmah||sylh
lem'aya,lmah||yh
lem'a-yı,lmah'u4
lem'ayı,lmah||yy
lemean,lmaebo1
lemeân,lmaebo1
lemeat,lmaebo2
lemeât,lmaebo2
lemeat,lo4mo4ao4ebo2o0
lemeât,lo4mo4ao4ebo2o0
lemhada,lmxh||dh
lemha,lmxh||
lem'-i,lmau4
lems,lms
lemyezel'e,lm yro1lh
lemyezel'i,lm yro1ly
lemyezel'in,lm yro1lko3
lemyezelî'ye,lm yro1ly||yh
lemyezel,lm yro1l
lem-yezil,lm bu2ro1l
lem-yezil,lm yro1l
lenfa,lbo1fo1e
lenfavi,lbo1fo1ewy
lenfavî,lbo1fo1ewy
lenfisam,leo4 ebo1o0fo1u4zo4emo0
lenger-endazdır,lo4bo1o0ko7o4ro0||eo4bo1o0do4ero1o0dr
lenger-endaz,lo4bo1o0ko7o4ro0||eo4bo1o0do4ero1o0
lenger,lbo1ko7r
lenger,lbo1kr
leng,lbo1ko7
lenin'den,lbo1ybo1dbo1
lenpal'in,lbo1bu3elko3
leonard'ın,lwo5bo1erdko3
lepiska,lbu3sfo2h
lepiska,lbu3sfo2h||
lepiska,lbu3so3fo2h
lepiska,lbu3so3fo2h||
lerde,lrdh
lerden,lrdbo1
lere,lrh
leri,lry
lerin,lrko3
lerle,lrlh
ler,lr
lerzan,lrro1ebo1
lerzân,lrro1ebo1
lerzan olmak,lrro1ebo1 ew
lerzân olmak,lrro1ebo1 ew
lerze,lrro1h
lerze,lrro1h||
lerzenak,lrro1h bo1ek
lerzenâk,lrro1h bo1ek
lerze-nak olmak,lrro1h bo1ek ew
lerze-nâk olmak,lrro1h bo1ek ew
lerzeye,lrro1h||yh
lerzi̇ş,lrro1so3
lerziş,lrro1so3
leşkerlerini,lso3krlrybo1y
leşker,lso3kr
leş,lso3
letafetçe,ltefo1bo2xu1h
letâfetçe,ltefo1bo2xu1h
letafete,ltefo1bo2h
letâfete,ltefo1bo2h
letafet-i,ltefo1bo2u4
letafeti,ltefo1bo2y
letafetinde,ltefo1bo2bo1dh
letafetinden,ltefo1bo2bo1dbo1
letafetine,ltefo1bo2bo1h
letafetini,ltefo1bo2bo1y
letâfetini,ltefo1bo2bo1y
letafetinin,ltefo1bo2bo1ko3
letâfetinin,ltefo1bo2bo1ko3
letafetin,ltefo1bo2ko3
letafetiyle,ltefo1bo2ylh
letafetlendiren,ltefo1bo2lbo1dyrbo1
letafetlendiriyor,ltefo1bo2lbo1dyryywr
letafetlendirmek,ltefo1bo2lbo1dyrmk
letafetleri,ltefo1bo2lry
letafetlerinden,ltefo1bo2lrbo1dbo1
letafetlerine,ltefo1bo2lrybo1h
letafetler,ltefo1bo2lr
letafetlidir,ltefo1bo2lydr
letafetli,ltefo1bo2ly
letâfetli,ltefo1bo2ly
letafetliyim,ltefo1bo2ly||ym
letafet,lo4to4efo1o4bo2o0
letâfet,lo4to4efo1o4bo2o0
letafet,ltefo1bo2
letâfet,ltefo1bo2
letafetnüma,ltefo1bo2||bo1me
letafetsiz,ltefo1bo2sro1
letafette,ltefo1bo2dh
letafetten,ltefo1bo2dbo1
letaife,lteyo5fo1h
letaif-i,lteyo5fo1u4
letâif-i,lteyo5fo1u4
letaifi,lteyo5fo1y
letâifi,lteyo5fo1y
letaifimin,lteyo5fo1mko3
letaifim,lteyo5fo1m
letaifindendir,lteyo5fo1bo1dbo1dr
letaifinden,lteyo5fo1bo1dbo1
letâifinden,lteyo5fo1bo1dbo1
letaifine,lteyo5fo1bo1h
letaifini,lteyo5fo1bo1y
letâifini,lteyo5fo1bo1y
letaifinin,lteyo5fo1bo1ko3
letaifin,lteyo5fo1ko3
letaifiyle,lteyo5fo1ylh
letâifiyle,lteyo5fo1ylh
letaifle,lteyo5fo1lh
letaifleri,lteyo5fo1lry
letâifleri,lteyo5fo1lry
letaiflerim,lteyo5fo1lrm
letaiflerini,lteyo5fo1lryko3y
letaiflerinin,lteyo5fo1lrybo1ko3
letaiflerin,lteyo5fo1lrko3
letaifleriyle,lteyo5fo1lrylh
letâifleriyle,lteyo5fo1lrylh
letai̇f,ltebo5fo1
letaif,ltebo5fo1
letâif,ltebo5fo1
letaif,lteyo5fo1
letâif,lteyo5fo1
letaifte,lteyo5fo1dh
letaiften,lteyo5fo1dbo1
levahik,lwexfo2
levahık,lwexfo2
levâhik,lwexfo2
levâhık,lwexfo2
levahıktan,lwexfo2dbo1
levaih-i,lweyo5xu4
levayi̇h,lweyx
levayih,lweyx
levâyih,lweyx
levazaune,lwero1wbo1
levazaune'un,lwero1ebo1ko3
levâzimât-i arziye,lo4wo4ero1u4mo4ebo2u4 eo4ro0zo1u4bu2o4h
levâzımât-ı arziye,lo4wo4ero1u4mo4ebo2u4 eo4ro0zo1u4bu2o4h
levazimat-i arzi̇ye,lo4wo4ero1u4mo4ebo2u4 eo4ro0zo1u4yo4h||
levazımat-ı arziye,lo4wo4ero1u4mo4ebo2u4 eo4ro0zo1u4yo4h||
levazımat-ı,lwero1mebo2u4
levâzımat-ı,lwero1mebo2u4
levazımatı,lwero1mebo2y
levâzımatı,lwero1mebo2y
levâzımâtı,lwero1mebo2y
levazımatına,lwero1mebo2bo1h
levâzımatına,lwero1mebo2bo1h
levazımatından,lwero1mebo2bo1dbo1
levazımatını,lwero1mebo2bo1y
levâzımatını,lwero1mebo2bo1y
levâzımâtını vermek,lwero1mebo2bo1y wbu2rmk
levazımatını vermek,lwero1mebo2bo1y wyrmk
levazımatınız,lwero1mebo2ko3ro1
levazımatıyla,lwero1mebo2ylh
levazımatla doldurmak,lwero1mebo2lh twldrmfo2
levâzımatla doldurmak,lwero1mebo2lh twldrmfo2
levazımatlarına,lwero1mebo2lrybo1h
levazımatlarını,lwero1mebo2lrybo1y
levazımatlarıyla,lwero1mebo2lrylh
levazimat,lo4wo4ero1u4mo4ebo2o0
levazımat,lo4wo4ero1u4mo4ebo2o0
levâzimât,lo4wo4ero1u4mo4ebo2o0
levâzımât,lo4wo4ero1u4mo4ebo2o0
levazımat,lwero1mebo2
levâzımat,lwero1mebo2
levâzımât,lwero1mebo2
levazımattan,lwero1mebo2dbo1
levazım-ı,lwero1mu4
levazımı,lwero1my
levazımına,lwero1mbo1h
levazımını,lwero1mbo1y
levazımının,lwero1mbo1ko3
levazımın,lwero1mko3
levazımıyla,lwero1mylh
levazim,lo4wo4ero1u4mo0
levazım,lo4wo4ero1u4mo0
levâzım,lo4wo4ero1u4mo0
levazim,lwero1m
levazım,lwero1m
levâzim,lwero1m
levâzım,lwero1m
levendlik,lwbo1dlk
levend,lwbo1d
levger,lwko7r
levhadaki,lwxh||dh||ky
levhada,lwxh||dh
levhadır,lwxh||dr
levha-i,lwxh'u4
levhalarda,lwxh||lrdh
levhaları,lwxh||lry
levhalarımı,lwxh||lrymy
levhalarında,lwxh||lrbo1dh
levhalarından,lwxh||lrbo1dbo1
levhalarını,lwxh||lrybo1y
levhaların,lwxh||lrko3
levhalarıyla,lwxh||lrylh
levhalar,lwxh||lr
levha,lwxh
levha,lwxh||
levhanda,lwxh||ko3dh
levhanın,lwxh||bo1ko3
levhası,lwxh||sy
levhasına,lwxh||sbo1h
levhasında,lwxh||sbo1dh
levhasından,lwxh||sbo1dbo1
levhasını,lwxh||sbo1y
levhasının,lwxh||sbo1ko3
levhaya,lwxh||yh
levha-yı,lwxh||yu4
levhayı,lwxh||yy
levh-i ezelî,lo4wo0xu4 eo4ro1o4lbu2
levh-i̇ ezeli̇,lo4wo0xu4 eo4ro1o4l۪y
levh-i ezeli,lo4wo0xu4 eo4ro1o4l۪y
levh-i,lwxu4
levh-i̇ mahfuz,lo4wo0xu4 mo4xo0fo1o9wto1o0
levh-i mahfuz,lo4wo0xu4 mo4xo0fo1o9wto1o0
levh-i mahfûz,lo4wo0xu4 mo4xo0fo1o9wto1o0
levhimahfuz,lwx mxfo1wto1
levhimahfûz,lwx mxfo1wto1
levh-i̇ mahfuz-u a'zam,lo4wo0xu4 mo4xo0fo1o9wto1u4 eo4ao0to1o4mo0
levh-i mahfuz-u a'zam,lo4wo0xu4 mo4xo0fo1o9wto1u4 eo4ao0to1o4mo0
levh-i mahfûz-u a'zam,lo4wo0xu4 mo4xo0fo1o9wto1u4 eo4ao0to1o4mo0
levh-i̇ mahv u i̇sbat,lo4wo0xu4 mo4xo0wo9 w eu4bo3o0bu1o4ebo2o0
levh-i mahv u isbat,lo4wo0xu4 mo4xo0wo9 w eu4bo3o0bu1o4ebo2o0
levh-i mahv u isbât,lo4wo0xu4 mo4xo0wo9 w eu4bo3o0bu1o4ebo2o0
levh-i misâlî,lo4wo0xu4 mu4bo3o4elu4bu2
levh-i̇ mi̇sali̇,lo4wo0xu4 mu4bo3o4elu4y
levh-i misali,lo4wo0xu4 mu4bo3o4elu4y
levhiyeyi,lwxyh||yy
levhiyyeyi,lwxyh||yy
levh,lwx
levh-ül,lwx el
levlâke,lo4wo0leo4ko4
levlâk'i,lo4wo0leo4ky
levlak'i,lwleky
levlâk'in,lwlekko3
levlâk,lo4wo0leo4ko4
levmet,lwm eybo2
levm etmek,lwm e
levmetmek,lwm ebu2bo2mk
levmetmek,lwm eybo2mk
levmetsin,lwm eybo2sybo1
levm-i,lo4wo0mu4
levm,lo4wo0m
levm,lwm
levni,lo4wo0bo1y
levn-i,lwbo1u4
levnine,lo4wo0bo1bo1h
levninin,lwbo1ybo1ko3
levnin,lwbo1bo1
levnler,lwbo1lr
levn,lo4wo0bo1
levn,lo4wo0bo1o0
levn,lwbo1
levrek,lwrk
levs-i,lwo0bo3u4
levs,lwbo3
levvameye,lwo8emh||yh
levze,lwro1h
levze,lwro1h||
leyalide,lyelydh
leyali-i,lyelyo5u4
leyâlî,lbu2ely
leyali̇,lyely
leyali,lyely
leyladan,lyledbo1
leylâk,lbu2lefo2
leylâk,lbu2lek
leylak,lylefo2
leylak,lylek
leyla,lyle
leylâ,lyle
leyla-yı,lyleyu4
leyle-i kadir,lo4bu2o0lo4u4 fo2o4du4ro0
leyle-i̇ kadi̇r,lo4yo0lo4ۀu4 fo2o4du4ro0
leyle-i kadir,lo4yo0lo4ۀu4 fo2o4du4ro0
leyle-i,lylh'u4
leylekfırtınası,lko7lk fo1wrtbo1h<>sy
leylekfırtınası,lko7lk fo1wrtbo1h||sy
leylek,lklk
leylek,lko7lk
leyle,lbu2lh
leyle,lylh||
leylîdir,lylydr
leylî,lbu2ly
leyli,lo4bu2o0lu4bu2
leyli̇,lo4yo0lu4y
leyli,lo4yo0lu4y
leyl-i,lylu4
leyli̇,lyly
leyli,lyly
leyl-i münevver,lo4bu2o0lu4 mo9bo1o4wo4o8ro0
leyl-i̇ münevver,lo4yo0lu4 mo9bo1o4wo4o8ro0
leyl-i münevver,lo4yo0lu4 mo9bo1o4wo4o8ro0
leyl,lbu2l
leyl,lyl
leylünehâr,lbu2l w bo1her
leylünehar,lyl w bo1her
leyte,lo4yo0bo2o4
leyyindir,lyo8bo1dr
leyyin,lbu2bo1
leyyi̇n,lybo1
leyyin,lybo1
leyyin,lyo8bo1
lezaizde,ldo1eyo5do1dh
lezaize,ldo1eyo5do1h
lezaiz-i,ldo1eyo5do1u4
lezâiz-i,ldo1eyo5do1u4
lezaizi,ldo1eyo5do1y
lezaizimizi,ldo1eyo5do1ymro1y
lezaizine,ldo1eyo5do1ybo1h
lezaizini,ldo1eyo5do1ybo1y
lezaizinin,ldo1eyo5do1ybo1ko3
lezaizin,ldo1eyo5do1ko3
lezaiziyle,ldo1eyo5do1ylh
lezaiz,ldo1ebo2
lezai̇z,ldo1ebo5do1
lezaiz,ldo1ebo5do1
lezâiz,ldo1ebo5do1
lezaiz,ldo1eyo5do1
lezaizle,ldo1eyo5do1lh
lezizane,ldo1ydo1ebo1h
lezîz bulmak,ldo1bu2do1 bu1wlmfo2
leziz bulmak,ldo1ydo1 bu1wlmfo2
lezizdir,ldo1ydo1dr
lezizeden,ldo1ydo1h||dbo1
lezize,ldo1ydo1h
lezizi,ldo1ydo1y
leziziyenin,ldo1ydo1yh||bo1ko3
leziz,ldo1bu2do1
lezîz,ldo1bu2do1
lezi̇z,ldo1ydo1
leziz,ldo1ydo1
lezîz,ldo1ydo1
lezizlerini,ldo1ydo1lrybo1y
lezizleriyle,ldo1ydo1lrylh
leziz,lo4do1bu2do1o0
lezi̇z,lo4do1۪ydo1o0
leziz,lo4do1۪ydo1o0
lezîz,lro1bu2ro1
leziz,lro1yro1
lezzat-ı,ldo1o8ebo2u4
lezzat,ldo1ebo2
lezzât,ldo1ebo2
lezzat,ldo1o8o4ebo2
lezzattır,ldo1o8ebo2dr
lezzete,ldo1o8bo2h
lezzet-elem,ldo1o8bo2 eo5lm
lezzet-i,ldo1o8bo2u4
lezzeti,ldo1o8bo2y
lezzet-i̇ ma'ri̇fet,lo4do1o4o8bo2u4 mo4ao0ru4fo1o4bo2o0
lezzet-i ma'rifet,lo4do1o4o8bo2u4 mo4ao0ru4fo1o4bo2o0
lezzetinde,ldo1o8bo2bo1dh
lezzetinden,ldo1o8bo2bo1dbo1
lezzetine,ldo1o8bo2bo1h
lezzetini,ldo1o8bo2bo1y
lezzetinin,ldo1o8bo2bo1ko3
lezzetin,ldo1o8bo2ko3
lezzeti olmak,ldo1bo2y ew
lezzet-i rûhâni,lo4do1o4o8bo2u4 ro9wxo4ebo1u4bu2o4h
lezzet-i̇ ruhani̇,lo4do1o4o8bo2u4 ro9wxo4ebo1u4yo4h||
lezzet-i ruhani,lo4do1o4o8bo2u4 ro9wxo4ebo1u4yo4h||
lezzet-i şeytaniye,lo4do1o4o8bo2u4 so3o4bu2o0to4ebo1u4bu2o4h
lezzet-i̇ şeytani̇ye,lo4do1o4o8bo2u4 so3o4yo0to4ebo1u4yo4h||
lezzet-i şeytaniye,lo4do1o4o8bo2u4 so3o4yo0to4ebo1u4yo4h||
lezzetiyle,ldo1o8bo2ylh
lezzet,ldo1bo2
lezzet,ldo1o8bo2
lezzetle,ldo1o8bo2lh
lezzetlendiren,ldo1o8bo2lbo1dyrbo1
lezzetlendir,ldo1bo2lbo1dyr
lezzetlendirmek,ldo1bo2lbo1dbu2rmk
lezzetlendirmek,ldo1bo2lbo1dyrmk
lezzetlendirmek,ldo1o8bo2lbo1dyrmk
lezzetlenir,ldo1o8bo2lh||bo1yr
lezzetlen,ldo1bo2lbo1
lezzetlenmek,ldo1bo2lbo1mk
lezzetlenmek,ldo1o8bo2lbo1mk
lezzetlerde,ldo1o8bo2lrdh
lezzetlerden,ldo1o8bo2lrdbo1
lezzetlerdir,ldo1o8bo2lrdr
lezzetlere,ldo1o8bo2lrh
lezzetleridir,ldo1o8bo2lrydr
lezzetleri,ldo1o8bo2lry
lezzetlerinde,ldo1o8bo2lrbo1dh
lezzetlerinden,ldo1o8bo2lrbo1dbo1
lezzetlerine,ldo1o8bo2lrybo1h
lezzetlerini,ldo1o8bo2lrybo1y
lezzetlerinin,ldo1o8bo2lrybo1ko3
lezzetlerinizin,ldo1o8bo2lryko3ro1ko3
lezzetlerin,ldo1o8bo2lrko3
lezzetleriyle,ldo1o8bo2lrylh
lezzetler,ldo1o8bo2lr
lezzetlidir,ldo1o8bo2lydr
lezzetli,ldo1bo2ly
lezzetli,ldo1o8bo2ly
lezzetmiş,ldo1o8bo2mso3
lezzetperestlerin,ldo1o8bo2||bu3rsbo2lrko3
lezzetsizdir,ldo1o8bo2sro1dr
lezzetsiz,ldo1bo2sro1
lezzetsiz,ldo1o8bo2sro1
lezzetsizlik,ldo1bo2sro1lk
lezzette,ldo1o8bo2dh
lezzetten,ldo1o8bo2dbo1
lezzettir,ldo1o8bo2dr
liab,laebu1
libasa,lbu1esh
libas-ı,lbu1esu4
libası,lbu1esy
libasımla,lbu1esmlh
libasına,lbu1esbo1h
libasında,lbu1esbo1dh
libasından,lbu1esbo1dbo1
libasındır,lbu1esko3dr
libasını,lbu1esbo1y
libasının,lbu1esbo1ko3
libasın,lbu1esko3
libasla,lbu1eslh
libaslardan,lbu1eslrdbo1
libasları,lbu1eslry
libaslarını,lbu1eslrybo1y
libaslar,lbu1eslr
li̇bas,lbu1es
libas,lbu1es
libâs,lbu1es
libaslı,lbu1esly
li̇bas,lu4bu1o4eso0
libas,lu4bu1o4eso0
libâs,lu4bu1o4eso0
libastan,lbu1esdbo1
libastır,lbu1esdr
libra,lbu2bu1rh
libra,lybu1rh||
libre,lbu2bu1rh
libre,lybu1rh||
licama,lxu1emh
licamdır,lxu1emdr
li̇cam,lxu1em
licam,lxu1em
licâm,lxu1em
liçe,lyxu1h||
lideri,lydh||ry
lider'in,lydrko3
lider,lbu2dh||r
liderlere,lydrlrh
liderleri,lydrlry
liderlik,lbu2dh||rlk
liderlik,lydh<>rlk
lider,lydh<>r
lieb,leo5bu1
lieclillah,u4lexu1lu4 eellh
li̇fafe,lfo1efo1h||
lifafe,lfo1efo1h||
lifâfe,lfo1efo1h
lif gibi,lbu2fo1 kbu1y
lif gibi,lyfo1 kbu1y
lifi,lbu2fo1y
lifi,lyfo1y
lif,lbu2fo1
lif,lyfo1
li̇gam,lko7em
ligam,lko7em
ligâm,lko7em
ligayrihîdir,lao1yrh||dr
ligayrihi,lu4ao1yrh
ligayrihî,lu4ao1yrh
li̇haf,lxefo1
lihaf,lxefo1
lihâf,lxefo1
lihikmetin,lu4xkmho2
lihye-i,lxyh'u4
lihye,lxbu2h
li̇hye,lxyh||
lihye,lxyh||
lika-i,lfo2ecu4
li̇ka,lfo2e
lika,lfo2e
likâ,lfo2e
lika,lfo2ec
likasından,lfo2esbo1dbo1
likaullaha,lfo2ec  ello8h||h
likayı,lfo2eyy
likit,lbu2kbu2bo2
likit,lykybo2
lîk,lbu2k
lik,lk
li̇k,lyk
lik,lyk
likör,lbu2kwr
likör,lykwr
likte,lkdh
lil'aceb,lu4lo0axu1bu1
lil-âlemîn'e,lu4lo0aelmybo1h
lil-âlemîn'in,lu4lo0aelmybo1ko3
lil'âlemîn,llaelmybo1
lil-âlemîn,lu4lo0aelmybo1
lil'ekser,lu4leo5kbo3r
lil-ekser,lu4leo5o4kbo3o4ru4
lil-faide,lu4lo0fo1eyo5dh
lil-galib,lu4lo0ao1elbu1
lillahilhamd,u4ellh elxmd
lillahilhamdü,u4ellh elo0xo4mo0do9
lillahi,u4ellhu4
li̇llah,llo8ٰh||
lillah,llo8h
lillah,llo8ٰh||
lillah,u4ellh
lillâh,u4ellh
lil-umum,lylamwm
limâ,lme
lima,lu4mo4e
limanla,lymebo1le
limanlamak,lbu2mebo1lemfo2
limanlamak,lymebo1lemfo2
liman,lbu2mebo1
limanlık,lbu2mebo1lfo2
limanlık,lymebo1lfo2
liman,lymebo1
limanodası,lbu2mebo1 ewth||sy
limanodası,lymebo1 ewth<>sy
limanreisi,lbu2mebo1 rbo5bu2sy
limanreisi,lymebo1 rbo5ysy
liman reyisi paşa,lbu2mebo1 reo5bu2sy bu3eso3e
liman reyisi paşa,lymebo1 reo5ysy bu3eso3e
lime,lbu2mh
lîme,lbu2mh
li̇me,lymh||
lime,lymh||
limen,lu4mo4bo1o0
limmîdir,lmo8ydr
limmî'dir,lu4mo8ydr
limmî,lmo8y
limmiyet,lmo8u4yo4bo2
limonatacı,lbu2mwbo1eth||xu1y
limonatacı,lymwbo1eth<>xu1y
limonata,lbu2mwbo1eth
limonata,lymwbo1eth||
limonayvası,lbu2mwbo1 eo6bu2wesy
limonayvası,lymwbo1 eo6ywesy
limon,lbu2mwbo1
limonluk,lbu2mwbo1lfo2
limonluk,lymwbo1lfo2
limonlu,lbu2mwbo1ly
limonlu,lymwbo1ly
limon,lymwbo1
limontuzu,lbu2mwbo1 bo2wro1y
limontuzu,lymwbo1 bo2wro1y
limontuzu,lymwbo1 twro1y
lîmû,lbu2mw
li̇mu,lymw
limu,lymw
lînet,lbu2bo1bo2
lînetlice,lbu2bo1bo2lw xu1h
linetlice,lybo1bo2lw xu1h||
linet,lybo1bo2
lînet vermek,lbu2bo1bo2 wbu2rmk
linet vermek,lybo1bo2 wyrmk
link gitmek,lbo1k kbo2mk
link,lbo1k
link,lbu2bo1k
linklemek,lbo1klmk
linkleme,lbo1klmh
linkleme,lbo1klmh||
link,lybo1k
linni'me,lu4lbo1amh
linotipi,lbu2bo1wbo2bu2bu3y
linotipi,lybo1wbo2ybu3y
linotip,lbu2bo1wbo2bu2bu3
linotip,lybo1wbo2ybu3
linyit,lbu2bo1bu2bo2
linyit,lybo1ybo2
liradan,lyredbo1
liradır,lyredr
liraları,lyrelry
lira,lbu2re
lira,lbu2rh
liralık,lbu2relfo2
liralık,lyrelfo2
liralıktır,lyrelfo2dr
lira,lyre
lira,lyrh||
liranı,lyreko3y
liranın,lyrebo1ko3
lirasından,lyresbo1dbo1
lirasını,lyresbo1y
liraya,lyreyh
lirayı,lyreyy
lisana getirmek,lsebo1h kbo2wrmk
lisâna getirmek,lsebo1h kbo2wrmk
lisana,lsebo1h
lisanaşınas,lsebo1 eo6so3bo1e
lisandaki,lsebo1dh||ky
lisanda,lsebo1dh
lisandan,lsebo1dbo1
lisandır,lsebo1dr
lisanen,lsebo1o44e
lisânen,lsebo1o44e
li̇san-i dua,lu4so4ebo1u4 do9ao4e
lisan-ı dua,lu4so4ebo1u4 do9ao4e
lisân-i duâ,lu4so4ebo1u4 do9ao4e
lisân-ı duâ,lu4so4ebo1u4 do9ao4e
lisân-ı hâl ile ihâfe etmek,lsebo1 xel ebu2lh exo1efo1h e
lisan-ı hal ile ihafe etmek,lsebo1 xel eylh exo1efo1h e
lisân-ı hâl ile,lsebo1 xel ebu2lh
lisan-ı hal ile,lsebo1 xel eylh||
lisanıhal,lsebo1 xel
lisânıhâl,lsebo1 xel
li̇san-i hal,lu4so4ebo1u4 xo4elo0
lisan-ı hal,lu4so4ebo1u4 xo4elo0
lisân-i hâl,lu4so4ebo1u4 xo4elo0
lisân-ı hâl,lu4so4ebo1u4 xo4elo0
lisan-ı,lsebo1u4
lisan–ı,lsebo1u4
lisân-ı,lsebo1u4
li̇sani̇,lsebo1y
lisani,lsebo1y
lisanî,lsebo1y
lisanı,lsebo1y
lisâni,lsebo1y
lisânı,lsebo1y
li̇san-i mahsus,lu4so4ebo1u4 mo4xo1o0zo9wzo0
lisan-ı mahsus,lu4so4ebo1u4 mo4xo1o0zo9wzo0
lisân-i mahsûs,lu4so4ebo1u4 mo4xo1o0zo9wzo0
lisân-ı mahsûs,lu4so4ebo1u4 mo4xo1o0zo9wzo0
lisanıma,lsebo1mh
li̇san-i ma'na,lu4so4ebo1u4 mo4ao0bo1o4e
lisan-ı ma'na,lu4so4ebo1u4 mo4ao0bo1o4e
lisân-i ma'nâ,lu4so4ebo1u4 mo4ao0bo1o4e
lisân-ı ma'nâ,lu4so4ebo1u4 mo4ao0bo1o4e
lisanımda,lsebo1mdh
lisanımdan,lsebo1mdbo1
lisanımın,lsebo1mko3
lisanımızı,lsebo1mro1y
lisanımızın,lsebo1mro1ko3
lisanımızla,lsebo1mro1lh
lisanımız,lsebo1mro1
lisanımla,lsebo1mlh
lisanım,lsebo1m
lisân-i nahvî,lu4so4ebo1u4 bo1o4xo0wbu2
lisân-ı nahvî,lu4so4ebo1u4 bo1o4xo0wbu2
li̇san-i nahvi̇,lu4so4ebo1u4 bo1o4xo0w۪y
lisan-ı nahvi,lu4so4ebo1u4 bo1o4xo0w۪y
lisanına,lsebo1bo1h
lisanındaki,lsebo1bo1dh||ky
lisanında,lsebo1bo1dh
lisanından,lsebo1bo1dbo1
lisanını,lsebo1bo1y
lisanının,lsebo1bo1ko3
lisanınız,lsebo1ko3ro1
lisanın,lsebo1ko3
li̇san-i nübüvvet,lu4so4ebo1u4 bo1o9bu1o9wo4o8bo2o0
lisan-ı nübüvvet,lu4so4ebo1u4 bo1o9bu1o9wo4o8bo2o0
lisân-i nübüvvet,lu4so4ebo1u4 bo1o9bu1o9wo4o8bo2o0
lisân-ı nübüvvet,lu4so4ebo1u4 bo1o9bu1o9wo4o8bo2o0
lisaniye,lsebo1yh
lisaniyesi,lsebo1yh||sy
lisanıyladır,lsebo1ylh||dr
lisanıyla,lsebo1ylh
lisaniyledir,lsebo1ylh||dr
lisaniyle,lsebo1ylh
lisâniyyat,lsebo1bu2ebo2
li̇sani̇yyat,lsebo1yebo2
lisaniyyat,lsebo1yebo2
lisaniyyesi,lsebo1yh||sy
lisanla,lsebo1lh
lisanlara,lsebo1lrh
lisanlarda,lsebo1lrdh
lisanlardan,lsebo1lrdbo1
lisanları,lsebo1lry
lisanlarına,lsebo1lrybo1h
lisanlarındaki,lsebo1lrbo1dh||ky
lisanlarında,lsebo1lrbo1dh
lisanlarından,lsebo1lrbo1dbo1
lisanlarını,lsebo1lrybo1y
lisanlarının,lsebo1lrybo1ko3
lisanların,lsebo1lrko3
lisanlarıyla,lsebo1lrylh
lisanlariyle,lsebo1lrylh
lisanlarla,lsebo1lrlh
lisanlar,lsebo1lr
li̇san,lsebo1
lisan,lsebo1
lisân,lsebo1
li̇san,lu4so4ebo1o0
lisan,lu4so4ebo1o0
lisân,lu4so4ebo1o0
lisans,lbu2sebo1s
lisans,lysebo1s
lisan-ül-gayb,lsebo1 elao1ybu1
lisan-ül,lsebo1 el
li̇se,lbo3h||
lise,lbo3h
lise,lbo3h||
lise,lbu2sh
liselerde,lysh||lrdh
liseliler,lysh||lylr
lise,lysh
lise,lysh||
lisesi,lysh||sy
lisesine,lysh||sbo1h
lisesi'ni,lysh||sbo1y
listede,lysbo2h||dh
listedir,lysbo2h||dr
listeleri,lysbo2h||lry
liste,lysbo2h
listemizi,lysbo2h||mro1y
listem,lysbo2h||m
listenin,lysbo2h||bo1ko3
listesi,lysbo2h||sy
listesinden,lysbo2h||sbo1dbo1
listesini,lysbo2h||sbo1y
listeye,lysbo2h||yh
listeyi,lysbo2h||yy
litoğrafi,lbu2bo2wao1rfo1y
litoğrafi,lybo2wao1rfo1y
litoğraf,lbu2bo2wao1refo1
litoğraf,lybo2wao1refo1
litoğrafyacı,lbu2bo2wao1refo1bu2exu1y
litoğrafyacı,lybo2wao1refo1yexu1y
litoğrafya,lbu2bo2wao1refo1bu2e
litoğrafya,lybo2wao1refo1ye
litre,lbu2bo2rh
litrelik,lbu2bo2rh||lk
litrelik,lybo2rh<>lk
litre,lybo2rh||
li-ümm,lem
livalık,lwelfo2
livâlık,lwelfo2
li̇va,lu4wo4e
liva,lu4wo4e
livâ,lu4wo4e
liva,lw
livâ,lw
li̇va,lwe
liva,lwe
livâ,lwe
livasından,lwesbo1dbo1
li̇vata,lweth||
livata,lweth
livata,lweth||
liva-ül,lwec el
liva-yı,lweyu4
livechillah,lu4wxu1h eellh
livechillâh,lu4wxu1h eellh
livechillahtır,lu4wxu1h eellhdr
liyakatı,lyefo2bo2y
liyakatımın,lyefo2bo2mko3
liyakatımız,lyefo2bo2mro1
liyakatim,lyefo2bo2m
liyakatım,lyefo2bo2m
liyakatına,lyefo2bo2bo1h
liyakatini,lyefo2bo2bo1y
liyakatını,lyefo2bo2bo1y
liyakatınızı,lyefo2bo2ko3ro1y
liyakatıyla,lyefo2bo2ylh
liyakatla,lyefo2bo2lh
liyâkatla,lyefo2bo2lh
liyakatları,lyefo2bo2lry
liyakat,lbu2efo2bo2
liyâkat,lbu2efo2bo2
liyâkatli,lbu2efo2bo2ly
liyakatli,lyefo2bo2ly
liyâkat,lu4bu2o4efo2o4bo2o0
li̇yakat,lu4yo4efo2o4bo2o0
liyakat,lu4yo4efo2o4bo2o0
li̇yakat,lyefo2bo2
liyakat,lyefo2bo2
liyakatsızı,lyefo2bo2sro1y
liyâkatsiz,lbu2efo2bo2sro1
liyakatsizliğimiz,lyefo2bo2sro1lko7mro1
liyakatsızlığımla,lyefo2bo2sro1lko7mlh
liyâkatsizlik,lbu2efo2bo2sro1lk
liyakatsizlik,lyefo2bo2sro1lk
liyakatsiz,lyefo2bo2sro1
liyakatsız,lyefo2bo2sro1
liynet,lbu2bo1bo2
liynet,lybo1bo2
lizâtihâ,lu4do1ebo2he
lizâtihîdirler,lu4do1ebo2h||drlr
lizâtihîdir,lu4do1ebo2h||dr
lizâtihî,lu4do1ebo2h
lizâtihi,lu4do1o4ebo2u4hu4
lizol,lbu2ro1wl
lizol,lyro1wl
l,l
löbon,lwbu1wbo1
locada,lwxu1h||dh
localarına,lwxu1h||lrybo1h
loca,lwxu1h
loca,lwxu1h||
locasında,lwxu1h||sbo1dh
lodosla,lwdwsle
lodoslamak,lwdwslemfo2
lodos,ldws
lodos,lwdws
lodospoyraz,lwdws bu3wbu2rero1
lodospoyraz,lwdws bu3wyrero1
logaritma,lao1erbo2mh
logaritma,lao1erbo2mh||
logaritme,lwao1erbu2bo2mh
logaritme,lwao1erybo2mh||
löğusalık,lxo1wzh<>lfo2
löğusalık,lxo1wzh||lfo2
loğusalık vakti,lwao1wsh lfo2 wfo2bo2y
lögusa,lxo1wzh
lögusa,lxo1wzh||
lohusa,lxo1wzh
loid,lwyd
lokali,lwfo2ely
lokantacılık,lwfo2bo1th||xu1bu2lfo2
lokantacılık,lwfo2bo1th<>xu1ylfo2
lokantacı,lwfo2bo1th<>xu1y
lokantacı,lwfo2bo1th||xu1y
lokanta,lwfo2bo1th
lokanta,lwfo2bo1th||
lokanta,lwfo2ebo1dh
lokanta,lwfo2ebo1dh||
lokanta,lwfo2ebo1th<>
lokanta,lwfo2ebo1th||
lokavt,lwfo2eo6wbo2
lokmacı,lfo2mh<>xu1y
lokmacı,lfo2mh||xu1y
lokmadan,lfo2mh||dbo1
lokmalardan,lfo2mh||lrdbo1
lokmaları,lfo2mh||lry
lokmaların,lfo2mh||lrko3
lokmalar,lfo2mh||lr
lokma,lfo2mh
lokma,lfo2mh||
lokman'daki,lfo2mebo1dh||ky
lokman'dan,lfo2mebo1dbo1
lokman'ın,lfo2mebo1ko3
lokman,lfo2mebo1
lokman ruhu,lfo2mebo1 rwxy
lokmanruhu,lfo2mebo1 rwxy
lokmanrûhu,lfo2mebo1 rwxy
lokman'sınız,lfo2mebo1sko3ro1
lokmayı,lfo2mh||yy
lokomotif,lwfo2wmwbo2bu2fo1
lokomotif,lwfo2wmwbo2yfo1
lokumcu,lfo2wmxu1y
lokum,lfo2wm
lokum,lwfo2wm
lombar,lwmbu1er
lonca,lwbo1xu1h
lonca,lwbo1xu1h||
londra'daki,lwbo1drh||dh||ky
londra'da,lwbo1drh||dh
londra,lwbo1drh
londra,lwbo1drh||
löparle,lw bu3erlh
lopbadak,lwbu3bu3edefo2
loplop,lwbu3<>lwbu3
loplop,lwbu3||lwbu3
lop,lwbu3
lopurlopur,lwbu3wr<>lwbu3wr
lopurlopur,lwbu3wr||lwbu3wr
lord,lwrd
lorpeyniri,lwrbu3bu2bo1bu2ry
lorpeyniri,lwrbu3ybo1yry
loşluk,lwso3lfo2
loş,lwso3
losyon,lwsbu2wbo1
losyon,lwsywbo1
lövazon,lwwero1wbo1
loyd,lwyd
lozan'da,lwro1ebo1dh
lozan'ın,lwro1ebo1ko3
lozan,lwro1ebo1
lüab-âlûd,laebu1||eo6lwd
luab,laebu1
luâb,laebu1
lüab,laebu1
lüâb,laebu1
lübbdür,lbu1o8dr
lübbi,lbu1y
lübbî,lbu1y
lübb-i,lo9bu1o8u4
lübb,lbu1
lübb,lbu1o8
lübbü,lbu1o8y
lübbünü,lbu1o8bo1y
lübdür,lbu1o8dr
lu'betbaz,labu1bo2 bu1ero1
lu’betbaz,labu1bo2 bu1ero1
lu'bet,labu1bo2
lu’bet,labu1bo2
lu'b,labu1
lüb,lbu1
lüb,lbu1o8
lübleri,lbu1lry
lüb,lo9bu1o0
lübnan'da,lbu1bo1ebo1dh
lübnan,lbu1bo1ebo1
lücce,lxu1h
lücce,lxu1h||
lüeyy'in,lo9wo5o4y||ko3
lüeyy,lo9wo5y
lüfer,lwfo1r
lügal,lo9ao1el
lügatından,lao1bo2bo1dbo1
lügatın,lao1bo2ko3
lugat kitabı,lao1ebo2 kbo2ebu1y
lugât kitâbı,lao1ebo2 kbo2ebu1y
lugat,lao1bo2
lügat,lao1bo2
lugat,lao1ebo2
lugât,lao1ebo2
lügatlardır,lao1bo2lrdr
lügatların,lao1bo2lrko3
lügatnamenin,lao1bo2||bo1emh||bo1ko3
lügatnamesini,lao1bo2||bo1emh||sbo1y
lügatta,lao1ebo2dh
lugavi,lao1wy
lugavî,lao1wy
lügavi,lao1wy
lügavîsi,lo9ao1o4wysy
lügavîsinden,lo9ao1o4wysbo1dbo1
lügaviyenin,lo9ao1o4wyh||bo1ko3
lugaz,lao1ro1
lukman-ı,lfo2mebo1u4
lukman,lfo2mebo1
lukme,lfo2mh
lukme,lfo2mh||
lüknet,lkbo1bo2
lükslerini,lwkslrybo1y
lüks,lwks
lüküs,lwkws
lüküstür,lwkwsdr
lüleburgaz,lwlh<>bu1wrao1ero1
lüleci çamuru,lwlh xu1y xu3emwry
lüleciçamuru,lwlh<>xu1y xu3emwry
lüleciçamuru,lwlh||xu1y xu3emwry
lüleci,lwlh<>xu1y
lüleci,lwlh||xu1y
lule,lwlh||
lûle,lwlh
lüle,lwlh
lüle,lwlh||
lületaşı,lwlh<>teso3y
lületaşı,lwlh||teso3y
lü'lü,lwo5lwo5
lü’lü,lwo5lwo5
lülü,lwo5lwo5
lü'lü-misal,lwo5lwo5||mbo3el
lu,ly
lumbar kapağı,lwmbu1erfo2bu3eao1y
lumbar,lwmbu1er
lümey'a,lmyah
lümey'a,lmyah||
lümme-i,lmo8h'u4
lümmesi,lmo8h||sy
lüsuk,lswfo2
lüsûk,lswfo2
lütfa,ltfo1h
lütfeden,ltfo1 eydbo1
lütfederse,ltfo1 eydrsh
lütfedilen,ltfo1 eydylbo1
lutfen,ltfo1eo44
lütfen,ltfo1o44e
lütfet,ltfo1 eybo2
lutf etmek,ltfo1 e
lütfetmek,ltfo1 eybo2mk
lütfetmiş,ltfo1 eybo2mso3
lütfettiği,ltfo1 eybo2dyko7y
lütfettiğiniz,ltfo1 eybo2dyko7ko3ro1
lütfi,ltfo1y
lütfi'nin,ltfo1ybo1ko3
lütfiye'leri,ltfo1yh||lry
lütfiye'ler,ltfo1yh||lr
lütfiye,ltfo1yh
lütfiye'yi,ltfo1yh||yy
lutfkar,ltfo1ker
lutfkâr,ltfo1ker
lutf,ltfo1
lütf,ltfo1
lütfü'dür,ltfo1ydr
lütfü'leri,ltfo1ylry
lütfü'ler,ltfo1ylr
lütfüler,ltfo1ylr
lütf-u,ltfo1u4
lütfu,ltfo1y
lütfü,ltfo1y
lütfuna,ltfo1bo1h
lütfunda,ltfo1bo1dh
lütfunu,ltfo1bo1y
lütfunun,ltfo1bo1ko3
lütfü'nün,ltfo1ybo1ko3
lütfunuza,ltfo1ko3ro1h
lütfü'ye,ltfo1y||yh
lütf-u yezdân,lo9to0fo1o9 bu2o4ro1o0do4ebo1o0
lütf-u yezdan,lo9to0fo1o9 yo4ro1o0do4ebo1o0
lütfuyla,ltfo1ylh
lutf ve inâyet-âmîz,ltfo1 w abo1ebu2bo2 embu2ro1
lutf ve inayet-amiz,ltfo1 w abo1eybo2 emyro1
lut,lwt
lût,lwt
lutufdi̇de,ltfo1 dydh||
lutufdide,ltfo1 dydh||
lutufdîde,ltfo1 dydh
lütufkârane,ltfo1kerebo1h
lutufkar,ltfo1ker
lutufkâr,ltfo1ker
lütufkâr,ltfo1ker
lütufla,ltfo1lh
lütuflarda,ltfo1lrdh
lütufları,ltfo1lry
lütuflarına,ltfo1lrybo1h
lütuflarından,ltfo1lrbo1dbo1
lütuflarını,ltfo1lrybo1y
lütufların,ltfo1lrko3
lütuflarıyla,ltfo1lrylh
lütuflariyle,ltfo1lrylh
lütuflar,ltfo1lr
lütuf,lo9to9fo1o0
lütûf,lo9to9fo1o0
lutuf,ltfo1
lûtuf,ltfo1
lütuf,ltfo1
lütufname-i,ltfo1bo1emh'u4
lütufnamelerini,ltfo1bo1emh||lrybo1y
lütufnamelerinin,ltfo1bo1emh||lrybo1ko3
lütufnamenizi,ltfo1bo1emh||ko3ro1y
lütuftan,ltfo1dbo1
lütuftur,ltfo1dr
lut'un,lwtko3
lüzucet,lro1wxu1bo2
lüzûcet,lro1wxu1bo2
lüzûciyyetli,lro1wxu1bu2bo2ew
lüzuciyyetli,lro1wxu1ybo2ew
lüzumî,lro1wmy
lüzumla,lro1wmlh
lüzumları,lro1wmlry
lüzumların,lro1wmlrko3
lüzum,lro1wm
lüzûm,lro1wm
lüzumludur,lro1wmlydr
lüzumlu,lro1wmly
lüzümlu,lro1wmly
lüzumsuzdur,lro1wmsro1dr
lüzumsuz,lro1wmsro1
lüzumsuzluk,lro1wmsro1lfo2
lüzumudur,lro1wmydr
lüzum-u,lro1wmu4
lüzumu,lro1wmy
lüzûmu,lro1wmy
lüzumuna,lro1wmbo1h
lüzumunda,lro1wmbo1dh
lüzumundan,lro1wmbo1dbo1
lüzumun,lro1wmko3
lüzumunu,lro1wmbo1y
lüzûmunu,lro1wmbo1y
lüzumu olmak,lro1wmy ew
lüzûmu olmak,lro1wmy ew
