o aralık,ewl erelfo2
oba,ewbu1h
oba,ewbu1h||
objektif,ewbu1ro3h||kbo2bu2fo1
objektif,ewbu1ro3h||kbo2yfo1
objektif,ewbu1ro3kbo2yfo1
o,bo5w
obur,abu1wr
obur,ewbu1wr
obüs,ewbu1ws
ocağa,ewxu1eao1h
ocağı,ewxu1eao1y
ocağından,ewxu1eao1bo1dbo1
ocağının,ewxu1eao1bo1ko3
ocakçı,ewxu1efo2xu1y
ocak,ewxu1efo2
ocaklarının,ewxu1efo2lrybo1ko3
ocak süpüren,ewxu1efo2 sbu3wrebo1
odabaşı,ewth||bu1eso3y
odabaşı,ewth||bu1eso3y
odacı,ewth||xu1y
odacı,ewth||xu1y
odacık,ewth xu1fo2
odacıkta,ewth||xu1fo2dh
odada,ewth||dh
odadaki,ewth||dh||ky
odadan,ewth||dbo1
oda,ewde
oda,ewth
oda,ewth||
oda,ewth||
odalarda,ewth||lrdh
odaları,ewth||lry
odalarında,ewth||lrbo1dh
odalarından,ewth||lrbo1dbo1
odalarını,ewth||lrybo1y
odalarının,ewth||lrybo1ko3
odalık,ewth||lfo2
odalık,ewth||lfo2
odalık,ewth lfo2
odama,ewth||mh
odamda,ewth||mdh
odamdan,ewth||mdbo1
odam,ewth||m
odamı,ewth||my
odamın,ewth||mko3
odamıza,ewth||mro1h
odamızda,ewth||mro1dh
odamızın,ewth||mro1ko3
odan,ewth||ko3
odanı,ewth||ko3y
odanın,ewth||bo1ko3
odası,ewth||sy
odasına,ewth||sbo1h
odasında,ewth||sbo1dh
odasından,ewth||sbo1dbo1
odasını,ewth||sbo1y
odasının,ewth||sbo1ko3
odaya,ewth||yh
odayı,ewth||yy
odeon,ewdh||ewbo1
odeon,ewdh||ewbo1
od,ewd
odise,ewdbu2sh
odise,ewdysh||
odlubağa,ewdlwbu1ao1h
odlubağa,ewdlwbu1ao1h||
odun ateşinin korları,ewtwbo1 ebo2so3bo1k fo2wrlry
oduncu,ewdwbo1xu1y
oduncusu,ewdwbo1xu1ysy
odundan,ewdwbo1dbo1
odun,ewdwbo1
odun,ewtwbo1
odun kömür,ewtwbo1 kmwr
odunlara,ewdwbo1lrh
odunlarda,ewdwbo1lrdh
odunlar,ewdwbo1lr
odunları,ewdwbo1lry
odunların,ewdwbo1lrko3
odunluk,ewdwbo1lfo2
odunluktan,ewdwbo1lfo2dbo1
odunsuz,ewdwbo1sro1
odunu,ewdwbo1y
odununu,ewdwbo1bo1y
o'dur,ewdr
odur,ewdr
o esnada,ewl ebo3bo1edh||
o esnâda,ewl ebo3bo1edh
o,eu9
o,ew
o,ewl
of,ewfo1
ofisinde,ewfo1ysbo1dh
ofislerde,ewfo1yslrdh
ofla,ewfo1le
oflamak,ewfo1lemfo2
oflarımı,ewfo1lrymy
ofların,ewfo1lrko3
oğala,ewao1ele
oğalamak,ewao1elemfo2
oğan,ewao1ebo1
oğdu,ewao1dy
oğ,ewao1
oğlağından,ewao1leao1bo1dbo1
oğlağın,ewao1leao1ko3
oğlak,ewao1lefo2
oğlaktan,ewao1lefo2dbo1
oğlan,ewao1lebo1
oğlu,ewao1ly
oğlum,ewao1lm
oğlumu,ewao1lmy
oğluna,ewao1lbo1h
oğlundan,ewao1lbo1dbo1
oğlun,ewao1lko3
oğlunu,ewao1lbo1y
oğlunun,ewao1lbo1ko3
oğlunuza,ewao1lko3ro1h
oğlunuz,ewao1lko3ro1
oğlunuzu,ewao1lko3ro1y
oğlunuzun,ewao1lko3ro1ko3
oğluyla,ewao1lylh
oğluyum,ewao1ly||ym
oğmak,ewao1mfo2
oğri,ewao1ry
oğulda,ewao1ldh
oğul,ewao1l
oğullarıdır,ewao1llrydr
oğulları,ewao1llry
oğullarından,ewao1llrbo1dbo1
oğullarının,ewao1llrybo1ko3
oğullarıyla,ewao1llrylh
oğulluğundan,ewao1llao1bo1dbo1
o gün,ewl kwbo1
oğuşturabilse,ewao1wso3dyrebu1ylsh
oğuştur,ewao1wso3dwr
oğuşturmak,ewao1wso3dwrmfo2
oh,ewxo1
ohu,ewxo1y
o kadar,ewlfo2dr
ok atmak,ewfo2 ebo2mfo2
okdan,ewfo2debo1
okdanlık,ewfo2debo1lfo2
ok,ewfo2
okıyye,eo9wfo2yo8h
okıyyeyi,ewfo2yo8h||yy
okkadan,ewfo2o8h||dbo1
okka,eo9wfo2o4o8h
okka,eo9wfo2o4o8h||
okka,ewfo2h
okka,ewfo2h||
okka,ewfo2o8h
okkalık,ewfo2o8h||lfo2
okkası,ewfo2o8h||sy
okkaya,ewfo2o8h||yh
oklara,ewfo2lrh
oklardan,ewfo2lrdbo1
oklar,ewfo2lr
okları,ewfo2lry
oklarına,ewfo2lrybo1h
oklarını,ewfo2lrybo1y
oklava,ewfo2lewe
oklu,ewfo2ly
oklu kirpi,ewfo2lw krbu3y
okşadı,ewfo2so3edy
okşadığı,ewfo2so3edyao1y
okşadığını,ewfo2so3edyao1bo1y
okşadım,ewfo2so3edm
okşa,ewfo2so3e
okşamadır,ewfo2so3emh||dr
okşamak,ewfo2so3emfo2
okşamak,ewxo1so3emfo2
okşamakla,ewfo2so3emfo2lh
okşamaktan,ewfo2so3emfo2dbo1
okşamaktır,ewfo2so3emfo2dr
okşamalar,ewfo2so3emelr
okşamaları,ewfo2so3emelry
okşaması,ewfo2so3emesy
okşamasına,ewfo2so3emesbo1h
okşamasını,ewfo2so3emesbo1y
okşamaya,ewfo2so3emh||yh
okşamış,ewfo2so3emso3
okşandığı,ewfo2so3ebo1dyao1y
okşanılmaz,ewfo2so3ebo1ylmero1
okşar,ewfo2so3er
okşasa,ewfo2so3esh
okşayacak,ewfo2so3eyh||xu1fo2
okşayan,ewfo2so3eyebo1
okşayarak,ewfo2so3eyh||rfo2
okşayarak yalvarmak,ewxo1so3ebu2h rfo2 bu2elwermfo2
okşayarak yalvarmak,ewxo1so3eyh rfo2 yelwermfo2
okşayıcı,ewfo2so3eyxu1y
okşayıp,ewfo2so3eywbu1
oksid,ewfo2sbu2d
oksid,ewfo2syd
oksijen,ewfo2sbu2ro3h||bo1
oksijen,ewfo2syro3bo1
oksijen,ewfo2syro3h||bo1
okşuyor,ewfo2so3yywr
oktant,ewfo2bo2ebo1bo2
oktav,ewfo2bo2ew
oktur,ewfo2dr
okudu,ewfo2wdy
okuduğu,ewfo2wdyao1y
okuduğuma,ewfo2wdyao1mh
okuduğum,ewfo2wdyao1m
okuduğumu,ewfo2wdyao1my
okuduğuna,ewfo2wdyao1bo1h
okuduğun,ewfo2wdyao1ko3
okuduğunu,ewfo2wdyao1ko3y
okuduğunuz,ewfo2wdyao1ko3ro1
okudukça,ewfo2wdfo2xu1h
okuduk,ewfo2wdfo2
okudukları,ewfo2wdfo2lry
okuduklarıma,ewfo2wdfo2lrymh
okuduklarımı,ewfo2wdfo2lrymy
okuduklarını,ewfo2wdfo2lrybo1y
okuduktan,ewfo2wdfo2dbo1
okudular,ewfo2wdylr
okudum,ewfo2wdm
oku,ewfo2w
okulu,ewfo2wly
okumadan,ewfo2wmdbo1
okumadı,ewfo2wmdy
okumadığı,ewfo2wmdyao1y
okumadığım,ewfo2wmdyao1m
okumadığımı,ewfo2wmdyao1my
okumadım,ewfo2wmdm
okumadınız,ewfo2wmdyko3ro1
okuma,ewfo2wme
okumağa,ewfo2wmao1h
okumak,ewfo2wmfo2
okumakla,ewfo2wmfo2lh
okumaklığıma,ewfo2wmfo2lao1mh
okumaklığımı,ewfo2wmfo2lao1my
okumaklığımız,ewfo2wmfo2lao1mro1
okumaksızın,ewfo2wmfo2sro1ybo1
okumakta,ewfo2wmfo2dh
okumaktaki,ewfo2wmfo2dh||ky
okumaktan,ewfo2wmfo2dbo1
okumaktır,ewfo2wmfo2dr
okumak-yazmaktan,ewfo2wmfo2 yero1mfo2dbo1
okumaları,ewfo2wmelry
okumalarına,ewfo2wmelrybo1h
okumalarını,ewfo2wmelrybo1y
okumalarıyla,ewfo2wmelrylh
okumalıdır,ewfo2wmelydr
okumalıdırlar,ewfo2wmelydrlr
okumalı,ewfo2wmely
okumalısınız,ewfo2wmelysko3ro1
okumamak,ewfo2wmemfo2
okumaması,ewfo2wmemsy
okumam,ewfo2wmh||m
okumamı,ewfo2wmh||my
okumamış,ewfo2wmh||mso3
okumamışlar,ewfo2wmh||mso3lr
okumamıştım,ewfo2wmemso3dm
okumamıştır,ewfo2wmemso3dr
okumanın,ewfo2wmebo1ko3
okumasalar,ewfo2wmesh||lr
okuması,ewfo2wmesy
okumasına,ewfo2wmesbo1h
okumasında,ewfo2wmesbo1dh
okumasından,ewfo2wmesbo1dbo1
okumasın,ewfo2wmesybo1
okumasını,ewfo2wmesbo1y
okumasının,ewfo2wmesbo1ko3
okumasıyla,ewfo2wmesylh
okumaya,ewfo2wmao1h
okumayan,ewfo2wmyebo1
okumayarak,ewfo2wmyerfo2
okumayı,ewfo2wmeyy
okumayınız,ewfo2wmeyko3ro1
okumayıp,ewfo2wmeywbu1
okumaz,ewfo2wmero1
okumazsa,ewfo2wmero1sh
okumıyarak,ewfo2wmyerfo2
okumuş,ewfo2wmso3
okumuşlardır,ewfo2wmso3lrdr
okumuşlar,ewfo2wmso3lr
okumuşsam,ewfo2wmso3sh||m
okumuşsun,ewfo2wmso3sko3
okumuşsunuzdur,ewfo2wmso3sko3ro1dr
okumuştu,ewfo2wmso3dy
okumuştum,ewfo2wmso3dm
okumuştur,ewfo2wmso3dr
okumuşum,ewfo2wmso3m
okumuyordum,ewfo2wmyywrdm
okunabilen,ewfo2wbo1h||bu1ylebo1
okunabilir,ewfo2wbo1h||bu1ylyr
okunacağı,ewfo2wbo1h||xu1ao1y
okunacağını,ewfo2wbo1h||xu1ao1bo1y
okunacak,ewfo2wbo1h||xu1fo2
okunacaktır,ewfo2wbo1h||xu1fo2dr
okunaklı,ewfo2wbo1efo2lw
okunaklı,ewfo2wbo1efo2ly
okunan,ewfo2wbo1ebo1
okundu,ewfo2wbo1dy
okunduğu,ewfo2wbo1dyao1y
okunduğuna,ewfo2wbo1dyao1bo1h
okunduğundan,ewfo2wbo1dyao1bo1dbo1
okundukça,efo2wbo1dfo2xu1h
okun,ewfo2ko3
okun,ewfo2wbo1
okunmadığından,ewfo2wbo1mdyao1bo1dbo1
okunmağa,ewfo2wbo1mao1h
okunmak,ewfo2wbo1mfo2
okunmakla,ewfo2wbo1mfo2lh
okunmaktadır,ewfo2wbo1mfo2dh||dr
okunmakta,ewfo2wbo1mfo2dh
okunmalıdır,ewfo2wbo1mh||lydr
okunmalı,ewfo2wbo1mely
okunmamak,ewfo2wbo1memfo2
okunmamalı,ewfo2wbo1memly
okunmaması,ewfo2wbo1memsy
okunmamış,ewfo2wbo1memso3
okunmasıdır,ewfo2wbo1mesydr
okunması,ewfo2wbo1mesy
okunmasına,ewfo2wbo1mesbo1h
okunmasında,ewfo2wbo1mesbo1dh
okunmasını,ewfo2wbo1mesbo1y
okunmasının,ewfo2wbo1mesbo1ko3
okunmasıyla,ewfo2wbo1mesylh
okunmayacak,ewfo2wbo1myh||xu1fo2
okunmaya,ewfo2wbo1meyh
okunmayan,ewfo2wbo1myebo1
okunmayanlar,ewfo2wbo1myebo1lr
okunmaz,ewfo2wbo1mero1
okunmuş,ewfo2bo1mso3
okunmuş,ewfo2wbo1mso3
okunmuyor,ewfo2wbo1myywr
okunsa,ewfo2wbo1sh
okunsun,ewfo2wbo1swbo1
okununca,ewfo2wbo1bo1xu1h
okunup,ewfo2wbo1wbu1
okunur,ewfo2wbo1wr
okunurken,ewfo2wbo1wrkbo1
okunursa,ewfo2wbo1wrsh
okunuşudur,ewfo2wbo1wso3ydr
okunuşunda,ewfo2wbo1wso3bo1dh
okunuyor,ewfo2wbo1wywr
okurdu,ewfo2wrdy
okurduk,ewfo2wrdfo2
okurdum,ewfo2wrdm
okur,ewfo2wr
okurken,ewfo2wrkbo1
okurlar,ewfo2wrlr
okursa,ewfo2wrsh
okursak,ewfo2wrsh||fo2
okursam,ewfo2wrsh||m
okursanız,ewfo2wrsh||ko3ro1
okursunuz,ewfo2wrsko3ro1
okuruz,ewfo2wrro1
okuryazar,ewfo2wrbu2ero1er
okur-yazar,ewfo2wr yero1er
okuryazar,ewfo2wryero1er
okusa,ewfo2wsh
okusam,ewfo2wsh||m
okusan,ewfo2wsh||ko3
okusanız,ewfo2wsh||ko3ro1
okusun,ewfo2wswbo1
okusunlar,ewfo2wswbo1lr
okutacağınıza,ewfo2wbo2h||xu1ao1ko3ro1h
okutacak,ewfo2wbo2h||xu1fo2
okutacaksın,ewfo2wbo2h||xu1fo2sko3
okutan,ewfo2wbo2ebo1
okutarak,ewfo2wbo2h||rfo2
okut,ewfo2wbo2
okutmağa,ewfo2wbo2mao1h
okutmak,ewfo2wbo2mfo2
okutmakla,ewfo2wbo2mfo2lh
okutmakta,ewfo2wbo2mfo2dh
okutmaktır,ewfo2wbo2mfo2dr
okutmamak,ewfo2wbo2memfo2
okutmam,ewfo2wbo2mem
okutmanı,ewfo2wbo2meko3y
okutmanın,ewfo2wbo2mebo1ko3
okutması,ewfo2wbo2mesy
okutmasına,ewfo2wbo2mesbo1h
okutmasını,ewfo2wbo2msbo1y
okutmasıyla,ewfo2wbo2mesylh
okutmayı,ewfo2wbo2mao1y
okutmazsak,ewfo2wbo2mero1sh||fo2
okutmuş,ewfo2wbo2mso3
okutmuşlardır,ewfo2wbo2mso3lrdr
okutsunlar,ewfo2wbo2swbo1lr
okuttuğu,ewfo2wbo2dyao1y
okuttuklarını,ewfo2wbo2dfo2lrybo1y
okuttular,ewfo2wbo2dylr
okutturabilir,ewfo2wbo2dyrh||bu1ylyr
okutturacağım,ewfo2wbo2dyrh||xu1ao1m
okutturacak,ewfo2wbo2dyrh||xu1fo2
okutturan,ewfo2wbo2dyrebo1
okutturarak,ewfo2wbo2dyrh||rfo2
okutturdu,ewfo2wbo2dyrdy
okutturduğu,ewfo2wbo2dyrdyao1y
okutturmadığı,ewfo2wbo2dyrmdyao1y
okutturmağa,ewfo2wbo2dyrmao1h
okutturmak,ewfo2wbo2dyrmfo2
okutturması,ewfo2wbo2dyrmesy
okutturmasın,ewfo2wbo2dyrmesybo1
okutturmasının,ewfo2wbo2dyrmesbo1ko3
okutturmasıyla,ewfo2wbo2dyrmesylh
okutturmuş,ewfo2wbo2dyrmso3
okuttursa,ewfo2wbo2dyrsh
okuttursanız,ewfo2wbo2dyrsh||ko3ro1
okutturulan,ewfo2wbo2dyrylebo1
okutturulmakla,ewfo2wbo2dyrylmfo2lh
okutturulmakta,ewfo2wbo2dyrylmfo2dh
okutturulması,ewfo2wbo2dyrylmesy
okutturulmasının,ewfo2wbo2dyrylmesbo1ko3
okutturulur,ewfo2wbo2dyrylyr
okutturup,ewfo2wbo2dyrwbu1
okutturur,ewfo2wbo2dyrr
okutturursanız,ewfo2wbo2dyrrsh||ko3ro1
okuttururum,ewfo2wbo2dyryrm
okutturuyor,ewfo2wbo2dyryywr
okutturuyorlar,ewfo2wbo2dyryywrlr
okutulan,ewfo2wbo2ylebo1
okutulmasında,ewfo2wbo2ylmesbo1dh
okutulmaya,ewfo2wbo2ylmao1h
okutun,ewfo2wbo2ko3
okutup,ewfo2wbo2wbu1
okuturdu,ewfo2wbo2wrdy
okutur,ewfo2wbo2wr
okutuyor,ewfo2wbo2wywr
okuyabildim,ewfo2wyh||bu1yldm
okuyabilecek,ewfo2wyh||bu1ylh||xu1k
okuyabilen,ewfo2wyh||bu1ylbo1
okuyabilir,ewfo2wyh||bu1ylyr
okuyabilirim,ewfo2wyh||bu1ylyrm
okuyabiliriz,ewfo2wyh||bu1ylyrro1
okuyabilirler,ewfo2wyh||bu1ylyrlr
okuyabilirsin,ewfo2wyh||bu1ylyrsko3
okuyabilirsiniz,ewfo2wyh||bu1ylyrsko3ro1
okuyabilmek,ewfo2wyh||bu1ylmk
okuyabilmenin,ewfo2wyh||bu1ylmh||bo1ko3
okuyabilseniz,ewfo2wyh||bu1ylsh||ko3ro1
okuyacağı,ewfo2wyh||xu1ao1y
okuyacağım,ewfo2wyh||xu1ao1m
okuyacağınız,ewfo2wyh||xu1ao1ko3ro1
okuyacağız,ewfo2wyh||xu1ao1ro1
okuyacak,ewfo2wyh||xu1fo2
okuyacaklardı,ewfo2wyh||xu1fo2lrdy
okuyacaklardır,ewfo2wyh||xu1fo2lrdr
okuyacaklarını,ewfo2wyh||xu1fo2lrybo1y
okuyacaksın,ewfo2wyh||xu1fo2sko3
okuya,ewfo2wyh
okuyalım,ewfo2wyelm
okuyamadı,ewfo2wyh||mdy
okuyamadıkları,ewfo2wyh||mdfo2lry
okuyamadım,ewfo2wyh||mdm
okuyamamasıyla,ewfo2wyememsylh
okuyamamış,ewfo2wyememso3
okuyamaz,ewfo2wyemero1
okuyamıyorsak,ewfo2wyh||myywrsh||fo2
okuyamıyorsan,ewfo2wyh||myywrsh||ko3
okuyamıyorsun,ewfo2wyh||myywrsko3
okuyamıyorum,ewfo2wyh||myywrm
okuyana,ewfo2wyebo1h
okuyan,ewfo2wyebo1
okuyanı,ewfo2wyebo1y
okuyanın,ewfo2wyebo1ko3
okuyanlara,ewfo2wyebo1lrh
okuyanlarca,ewfo2wyebo1lrxu1h
okuyanlarda,ewfo2wyebo1lrdh
okuyanlardan,ewfo2wyebo1lrdbo1
okuyanlar,ewfo2wyebo1lr
okuyanları,ewfo2wyebo1lry
okuyanların,ewfo2wyebo1lrko3
okuyarak,ewfo2wyh||rfo2
okuyayım,ewfo2wyh||ym
okuyordu,ewfo2wywrdy
okuyorduk,ewfo2wywrdfo2
okuyordular,ewfo2wywrdylr
okuyordum,ewfo2wywrdm
okuyordunuz,ewfo2wywrdyko3ro1
okuyor,ewfo2wywr
okuyorlardı,ewfo2wywrlrdy
okuyorlar,ewfo2wywrlr
okuyormuşuz,ewfo2wywrmso3ro1
okuyorsun,ewfo2wywrsko3
okuyorsunuz,ewfo2wywrsko3ro1
okuyorum,ewfo2wywrm
okuyoruz,ewfo2wywrro1
okuyucu,ewfo2wbu2xu1y
okuyucu,ewfo2wywxu1y
okuyucu,ewfo2wyxu1y
okuyuculara,ewfo2wywxu1ylrh
okuyucuları,ewfo2wywxu1ylry
okuyucularımıza,ewfo2wywxu1ylrymro1h
okuyucularına,ewfo2wywxu1ylrybo1h
okuyucuların,ewfo2wywxu1ylrko3
okuyucularını,ewfo2wywxu1ylrybo1y
okuyucularının,ewfo2wywxu1ylrybo1ko3
okuyucunun,ewfo2wywxu1ybo1ko3
okuyucusu,ewfo2wywxu1ysy
okuyucusunu,ewfo2wywxu1ysbo1y
okuyunca,ewfo2wybo1xu1h
okuyun,ewfo2wyko3
okuyunuz,ewfo2wyko3ro1
okuyup,ewfo2wywbu1
okuyuş,ewfo2wyso3
okuyuşlarımda,ewfo2wywso3lrmdh
okuyuşta,ewfo2wywso3dh
okuyuşumda,ewfo2wywso3mdh
okuyuver,ewfo2wywwyr
okuyuvermek,ewfo2wywwyrmk
okyanus,efo2bu2ebo1ws
okyanus,efo2yebo1ws
okyanus,ewfo2bu2ebo1ws
okyanus,ewfo2yebo1ws
okyanus'u,ewfo2yebo1wsy
okyanusu,ewfo2yebo1wsy
okyanusya,ewfo2yebo1wsye
olabildi,ewlebu1yldy
olabildiği,ewlebu1yldyko7y
olabildiğim,ewlebu1yldyko7m
olabildiğimiz,ewlebu1yldyko7mro1
olabildiğini,ewlebu1yldyko7bo1y
olabileceği,ewlebu1ylh||xu1ko7y
olabileceğine,ewlebu1ylh||xu1ko7bo1h
olabileceğini,ewlebu1ylh||xu1ko7bo1y
olabileceğiz,ewlebu1ylh||xu1ko7ro1
olabilecek,ewlebu1ylh||xu1k
olabilelim,ewlebu1ylh||lm
olabilen,ewlebu1ylbo1
olabilesin,ewlebu1ylh||sybo1
olabilirdi,ewlebu1ylyrdy
olabilir,ewlebu1ylyr
olabilirim,ewlebu1ylyrm
olabiliriz,ewlebu1ylyrro1
olabilirken,ewlebu1ylyrkbo1
olabilirler,ewlebu1ylyrlr
olabilirsen,ewlebu1ylyrsh||ko3
olabilirsin,ewlebu1ylyrsko3
olabilirsiniz,ewlebu1ylyrsko3ro1
olabilmek,ewlebu1ylmk
olabilmeniz,ewlebu1ylmko3ro1
olabilmesi,ewlebu1ylmh||sy
olabilmesine,ewlebu1ylmh||sbo1h
olabilmeye,ewlebu1ylmko7h
olabilmiş,ewlebu1ylmso3
olabilmiştir,ewlebu1ylmso3dr
olabilse,ewlebu1ylsh
olabilseler,ewlebu1ylsh||lr
olabilsin,ewlebu1ylsybo1
olacağı,ewlexu1ao1y
olacağıma,ewlexu1ao1mh
olacağım,ewlexu1ao1m
olacağımı,ewlexu1ao1my
olacağımıza,ewlexu1ao1mro1h
olacağımız,ewlexu1ao1mro1
olacağına,ewlexu1ao1bo1h
olacağında,ewlexu1ao1bo1dh
olacağından,ewlexu1ao1bo1dbo1
olacağını,ewlexu1ao1bo1y
olacağının,ewlexu1ao1bo1ko3
olacağınıza,ewlexu1ao1ko3ro1h
olacağınızdan,ewlexu1ao1ko3ro1dbo1
olacağınız,ewlexu1ao1ko3ro1
olacağınızı,ewlexu1ao1ko3ro1y
olacağız,ewlexu1ao1ro1
olacak,ewlexu1fo2
olacak,ewlh||xu1fo2
olacak,ewlh||xu1fo2
olacak,ewlh xu1fo2
olacaklardı,ewlexu1fo2lrdy
olacaklardır,ewlexu1fo2lrdr
olacaklar,ewlexu1fo2lr
olacakları,ewlexu1fo2lry
olacaklarına,ewlexu1fo2lrybo1h
olacaklarını,ewlexu1fo2lrybo1y
olacaklarının,ewlexu1fo2lrybo1ko3
olacakmış,ewlexu1fo2mso3
olacaksın,ewlexu1fo2sko3
olacaksınız,ewlexu1fo2sko3ro1
olacaktı,ewlexu1fo2dy
olacaktık,ewlexu1fo2dfo2
olacaktılar,ewlexu1fo2dylr
olacaktır,ewlexu1fo2dr
ola,ewlh
olağan,ewleao1ebo1
olalar,ewlelr
olalım,ewlelm
olamadı,ewlemdy
olamadığı,ewlemdyao1y
olamadığıma,ewlemdyao1mh
olamadığımdan,ewlemdyao1mdbo1
olamadığım,ewlemdyao1m
olamadığımı,ewlemdyao1my
olamadığımız,ewlemdyao1mro1
olamadığına,ewlemdyao1bo1h
olamadığından,ewlemdyao1bo1dbo1
olamadığın,ewlemdyao1ko3
olamadığını,ewlemdyao1bo1y
olamadık,ewlemdfo2
olamadıkları,ewlemdfo2lry
olamadılar,ewlemdylr
olamadım,ewlemdm
olamadın,ewlemdko3
olamadınız,ewlemdyko3ro1
olamamaktan,ewlememfo2dbo1
olamamasının,ewlememsbo1ko3
olamam,ewlemem
olamamış,ewlememso3
olamamışız,ewlememso3ro1
olamamışlardı,ewlememso3lrdy
olamamıştım,ewlememso3dm
olamamıştır,ewlememso3dr
olamayacağı,ewlemyh||xu1ao1y
olamayacağımdan,ewlemyh||xu1ao1mdbo1
olamayacağım,ewlemyh||xu1ao1m
olamayacağımı,ewlemyh||xu1ao1my
olamayacağına,ewlemyh||xu1ao1bo1h
olamayacağının,ewlemyh||xu1ao1bo1ko3
olamayacağız,ewlemyh||xu1ao1ro1
olamayacaklardır,ewlemyh||xu1fo2lrdr
olamayacakları,ewlemyh||xu1fo2lry
olamayacaktı,ewlemyh||xu1fo2dy
olamayan,ewlemyebo1
olamayanlara,ewlemyebo1lrh
olamayanlar,ewlemyebo1lr
olamayarak,ewlemyh||rfo2
olamayıp,ewlemeywbu1
olamayız,ewlemeyro1
olamazdı,ewlemero1dy
olamazdım,ewlemero1dm
olamaz,ewlemero1
olamazlar,ewlemero1lr
olamazsa,ewlemero1sh
olamazsın,ewlemero1sko3
olamazsınız,ewlemero1sko3ro1
olamıyan,ewlemyebo1
olamıyordu,ewlemyywrdy
olamıyordum,ewlemyywrdm
olamıyor,ewlemyywr
olamıyorum,ewlemyywrm
olamıyoruz,ewlemyywrro1
olana,ewlebo1h
olanca,ewlebo1xu1h
olanda,ewlebo1dh
olandan,ewlebo1dbo1
olandır,ewlebo1dr
olan,ewlebo1
olan hey'et,ewlebo1 hbu2bo5bo2
olan hey'et,ewlebo1 hybo5bo2
olanıdır,ewlebo1ydr
olanı,ewlebo1y
olanın,ewlebo1ko3
olanla,ewlebo1lh
olanlara,ewlebo1lrh
olanlarca,ewlebo1lrxu1h
olanlarda,ewlebo1lrdh
olanlardan,ewlebo1lrdbo1
olanlardır,ewlebo1lrdr
olanlar,ewlebo1lr
olanları,ewlebo1lry
olanlarımız,ewlebo1lrymro1
olanlarına,ewlebo1lrybo1h
olanlarından,ewlebo1lrbo1dbo1
olanların,ewlebo1lrko3
olanlarını,ewlebo1lrybo1y
olanlarının,ewlebo1lrybo1ko3
olanlarıyla,ewlebo1lry eylh
olanlarla,ewlebo1lrlh
olarak,ewlerfo2
olası,ewlesy
olasın,ewlesko3
olasınız,ewlesko3ro1
olaydı,ewleydy
olaydım,ewleydm
olayım,ewleym
oldu,ewldy
olduğudur,ewldyao1ydr
olduğu,ewldyao1y
olduğuma,ewldyao1mh
olduğumdan,ewldyao1mdbo1
olduğum,ewldyao1m
olduğumu,ewldyao1my
olduğumun,ewldyao1mko3
olduğumuza,ewldyao1mro1h
olduğumuzdan,ewldyao1mro1dbo1
olduğumuzdur,ewldyao1mro1dr
olduğumuz,ewldyao1mro1
olduğumuzu,ewldyao1mro1y
olduğuna,ewldyao1bo1h
olduğunda,ewldyao1bo1dh
olduğundandır,ewldyao1bo1dbo1dr
olduğundan,ewldyao1bo1dbo1
olduğun,ewldyao1ko3
olduğunu,ewldyao1bo1y
olduğunun,ewldyao1bo1ko3
olduğunuza,ewldyao1ko3ro1h
olduğunuzdan,ewldyao1ko3ro1dbo1
olduğunuz,ewldyao1ko3ro1
olduğunuzu,ewldyao1ko3ro1y
oldukca,ewldfo2xu1h
oldukca,ewldfo2xu1h||
oldukça,ewldfo2xu1h
oldukça,ewld fo2xu1h
oldukça,ewld fo2xu1h||
oldukça iyi,ewldfo2xu1h ebu2w
oldukça iyi,ewldfo2xu1h eyw
olduk,ewldfo2
olduklarıdır,ewldfo2lrydr
oldukları,ewldfo2lry
olduklarına,ewldfo2lrybo1h
olduklarındandır,ewldfo2lrbo1dbo1dr
olduklarından,ewldfo2lrbo1dbo1
olduklarını,ewldfo2lrybo1y
olduklarının,ewldfo2lrybo1ko3
olduklarınız,ewldfo2lryko3ro1
olduktan,ewldfo2dbo1
oldular,ewldylr
oldum,ewldm
oldun,ewldko3
oldunuz,ewldyko3ro1
oldurmak,ewldrmfo2
ol,ewl
olgun,ewlao1wbo1
olgunluğa,ewlao1wbo1lao1h
oligarşi,ewlbu2ao1erso3y
oligarşi,ewlyao1erso3y
olimpiyat,ewlbu2mbu3bu2ed
olimpiyat,ewlymbu3yed
olmada,ewlmedh
olmadan,ewlmedbo1
olmadı,ewlmedy
olmadığı,ewlmedyao1y
olmadığımdan,ewlmedyao1mdbo1
olmadığımdır,ewlmedyao1mdr
olmadığım,ewlmedyao1m
olmadığımı,ewlmedyao1my
olmadığımıza,ewlmedyao1mro1h
olmadığımız,ewlmedyao1mro1
olmadığımızı,ewlmedyao1mro1y
olmadığına,ewlmedyao1bo1h
olmadığında,ewlmedyao1bo1dh
olmadığından,ewlmedyao1bo1dbo1
olmadığın,ewlmedyao1ko3
olmadığını,ewlmedyao1bo1y
olmadığının,ewlmedyao1bo1ko3
olmadığınıza,ewlmedyao1ko3ro1h
olmadığınız,ewlmedyao1ko3ro1
olmadıkça,ewlmedfo2xu1h
olmadık,ewlmdfo2
olmadık,ewlmedfo2
olmadıkları,ewlmedfo2lry
olmadıklarına,ewlmedfo2lrybo1h
olmadıklarından,ewlmedfo2lrbo1dbo1
olmadıklarını,ewlmedfo2lrybo1y
olmadılar,ewlmedylr
olmadım,ewlmedm
olmadın,ewlmedko3
olmadınız,ewlmedyko3ro1
olma,ewlmh
olmağa,ewlmao1h
olmak,ewlmfo2
olmakla,ewlmfo2lh
olmaklığı,ewlmfo2lao1y
olmaklığıma,ewlmfo2lao1mh
olmaklığımdır,ewlmfo2lao1mdr
olmaklığım,ewlmfo2lao1m
olmaklığımızdır,ewlmfo2lao1mro1dr
olmaklığımızı,ewlmfo2lao1mro1y
olmaklığımla,ewlmfo2lao1mlh
olmaklığın,ewlmfo2lao1ko3
olmaklığınızı,ewlmfo2lao1ko3ro1y
olmaksızın,ewlmfo2sro1ybo1
olmaktadır,ewlmfo2dh||dr
olmaktadırlar,ewlmfo2dh||drlr
olmakta,ewlmfo2dh
olmaktan,ewlmfo2dbo1
olmaktansa,ewlmfo2dbo1sh
olmaktı,ewlmfo2dy
olmaktır,ewlmfo2dr
olmak,wlmfo2
olmalarıdır,ewlmelrydr
olmaları,ewlmelry
olmalarına,ewlmelrybo1h
olmalarından,ewlmelrbo1dbo1
olmalarını,ewlmelrybo1y
olmalarının,ewlmelrybo1ko3
olmalarıyla,ewlmelrylh
olmalıdır,ewlmelydr
olmalıdırlar,ewlmelydrlr
olmalı,ewlmely
olmalısın,ewlmelysko3
olmalısınız,ewlmelysko3ro1
olmalıyız,ewlmely||yro1
olmamağa,ewlmemao1h
olmamak,ewlmemfo2
olmamakla,ewlmemfo2lh
olmamaklığımla,ewlmemfo2lao1mlh
olmamaktır,ewlmemfo2dr
olmamalarına,ewlmh||mlrybo1h
olmamalarını,ewlmemlrybo1y
olmamalıdır,ewlmemlydr
olmamalı,ewlmemly
olmamalıyım,ewlmemly||ym
olmamalıyız,ewlmemly||yro1
olmamanızı,ewlmemko3ro1y
olmamasıdır,ewlmemsydr
olmaması,ewlmemsy
olmamasına,ewlmemsbo1h
olmamasından,ewlmemsbo1dbo1
olmamasını,ewlmemsbo1y
olmamasının,ewlmemsbo1ko3
olmamasıyla,ewlmemsylh
olmamayı,ewlmemao1y
olmam,ewlmem
olmamış,ewlmemso3
olmamışlardır,ewlmemso3lrdr
olmamışlar,ewlmemso3lr
olmamıştı,ewlmemso3dy
olmamıştır,ewlmemso3dr
olmamıza,ewlmemro1h
olmamız,ewlmemro1
olmamızı,ewlmemro1y
olmanı,ewlmeko3y
olmanın,ewlmebo1ko3
olmanızdır,ewlmeko3ro1dr
olmanız,ewlmeko3ro1
olmanızı,ewlmeko3ro1y
olmanızla,ewlmeko3ro1lh
olmasa,ewlmesh
olmasalar,ewlmesh||lr
olmasaydı,ewlmesh eydy
olmasaydım,ewlmesh||ydm
olmasaydın,ewlmesh||ydko3
olmasaydınız,ewlmesh eydyko3ro1
olmasıdır,ewlmesydr
olması,ewlmesy
olmasına,ewlmesbo1h
olmasındadır,ewlmesbo1dh||dr
olmasında,ewlmesbo1dh
olmasındaki,ewlmesbo1dh||ky
olmasındandır,ewlmesbo1dbo1dr
olmasından,ewlmesbo1dbo1
olmasın,ewlmesybo1
olmasını,ewlmesbo1y
olmasının,ewlmesbo1ko3
olmasınlar,ewlmesybo1lr
olmasıyla,ewlmesylh
olmayacağı,ewlmyh||xu1ao1y
olmayacağına,ewlmyh||xu1ao1bo1h
olmayacağız,ewlmyh||xu1ao1ro1
olmayacak,ewlmyh||xu1fo2
olmayacaklar,ewlmyh||xu1fo2lr
olmayacakları,ewlmyh||xu1fo2lry
olmayacaktı,ewlmyh||xu1fo2dy
olmayacaktık,ewlmyh||xu1fo2dfo2
olmayacaktın,ewlmyh||xu1fo2dko3
olmayacaktır,ewlmyh||xu1fo2dr
olmaya,ewlmao1h
olmayalım,ewlmyh||lm
olmayana,ewlmyebo1h
olmayanda,ewlmyebo1dh
olmayan,ewlmyebo1
olmayanı,ewlmyebo1y
olmayanın,ewlmyebo1ko3
olmayanlara,ewlmyebo1lrh
olmayanlardan,ewlmyebo1lrdbo1
olmayanlar,ewlmyebo1lr
olmayanları,ewlmyebo1lry
olmayanların,ewlmyebo1lrko3
olmayanlarını,ewlmeyebo1lrybo1y
olmayarak,ewlmyh||rfo2
olmayasın,ewlmeyesko3
olmayayım,ewlmeyeym
olmayı,ewlmeyy
olmayınca,ewlmeybo1xu1h
olmayın,ewlmeyko3
olmayınız,ewlmeyko3ro1
olmayıp,ewlmeywbu1
olmazdan,ewlmero1dbo1
olmazdı,ewlmero1dy
olmazdım,ewlmero1dm
olmaz,ewlmero1
olmazlardı,ewlmero1lrdy
olmazlar,ewlmero1lr
olmazlarsa,ewlmero1lrsh
olmazsa,ewlmero1sh
olmazsan,ewlmero1sh||ko3
olmazsanız,ewlmero1sh||ko3ro1
olmazsın,ewlmero1sko3
olmazsınız,ewlmero1sko3ro1
olmıyana,ewlmyebo1h
olmıyan,ewlmyebo1
olmıyarak,ewlmyh||rfo2
olmuşçasına,ewlmso3xu1h||sbo1h
olmuş,ewlmso3
olmuşlardı,ewlmso3lrdy
olmuşlardır,ewlmso3lrdr
olmuşlar,ewlmso3lr
olmuşlarsa,ewlmso3lrsh
olmuşsa,ewlmso3sh
olmuşsun,ewlmso3sko3
olmuştu,ewlmso3dy
olmuştuk,ewlmso3dfo2
olmuştular,ewlmso3dylr
olmuştum,ewlmso3dm
olmuştur,ewlmso3dr
olmuşum,ewlmso3m
olmuşuz,ewlmso3ro1
olmuyordu,ewlmeywrdy
olmuyor,ewlmeywr
olmuyorlardı,ewlmeywrlrdy
olmuyorlar,ewlmeywrlr
olmuyorsun,ewlmeywrsko3
olmuyorum,ewlmeywrm
olmuyoruz,ewlmeywrro1
ol saat,ewl seabo2
ol sâat,ewl seabo2
olsa,ewlsh
olsak,ewlsh||fo2
olsalardı,ewlsh||lrdy
olsalar,ewlsh||lr
olsam,ewlsh||m
olsan,ewlsh||ko3
olsanız,ewlsh||ko3ro1
olsa olsa,ewlsh ewlsh
olsa olsa,ewlsh ewlsh||
olsaydı,ewlsydy
olsaydık,ewlsydfo2
olsaydılar,ewlsydylr
olsaydım,ewlsydm
olsaydınız,ewlsydyko3ro1
olsun,ewlswbo1
olsunlar,ewlswbo1lr
olta,ewlth
olta,ewlth||
olta ile balık avlamak,ewlbo2h ebu2lh bu1elfo2 ewlemfo2
olta ile balık avlamak,ewlbo2h eylh bu1elfo2 ewlemfo2
oltu,ewlbo2y
oluk,ewlfo2
oluk,ewlwfo2
olunabilecektir,ewlwbo1h||bu1ylh||xu1kdr
olunabilen,ewlwbo1h||bu1ylbo1
olunabilir,ewlwbo1h||bu1ylyr
olunabiliyor,ewlwbo1h||bu1ylyywr
olunabilsin,ewlwbo1h||bu1ylsybo1
olunacağı,ewlwbo1h||xu1ao1y
olunacağını,ewlwbo1h||xu1ao1bo1y
olunacak,ewlwbo1h||xu1fo2
olunacaktı,ewlwbo1h||xu1fo2dy
olunacaktır,ewlwbo1h||xu1fo2dr
oluna,ewlwbo1h
olunamadığından,ewlwbo1h||mdyao1bo1dbo1
olunamayacağını,ewlwbo1h||myh||xu1ao1bo1y
olunamayacak,ewlwbo1h||myh||xu1fo2
olunamaz,ewlwbo1emero1
olunan,ewlwbo1ebo1
olunanın,ewlwbo1ebo1ko3
olunanların,ewlwbo1ebo1lrko3
olunarak,ewlwbo1h||rfo2
olunca,ewlwbo1xu1h
oluncaya,ewlwbo1xu1h||yh
olundu,ewlwbo1dy
olunduğu,ewlwbo1dyao1y
olunduğum,ewlwbo1dyao1m
olunduğumuz,ewlwbo1dyao1mro1
olunduğunu,ewlwbo1dyao1bo1y
olundukça,ewlwbo1dfo2xu1h
olundukları,ewlwbo1dfo2lry
olunduklarını,ewlwbo1dfo2lrybo1y
olunduktan,ewlwbo1dfo2dbo1
olundular,ewlwbo1dylr
olundum,ewlwbo1dm
olun,ewlko3
olun,ewlwbo1
olunmadan,ewlwbo1mh||dbo1
olunmadı,ewlwbo1medy
olunmadığı,ewlwbo1mdyao1y
olunmadığına,ewlwbo1medyao1bo1h
olunmadılar,ewlwbo1mdylr
olunmak,ewlwbo1mfo2
olunmakla,ewlwbo1mfo2lh
olunmaklığım,ewlwbo1mfo2lao1m
olunmaktadır,ewlwbo1mfo2dh||dr
olunmakta,ewlwbo1mfo2dh
olunmalıdır,ewlwbo1melydr
olunmalı,ewlwbo1mely
olunmamak,ewlwbo1memfo2
olunmaması,ewlwbo1memsy
olunmamış,ewlwbo1memso3
olunmasıdır,ewlwbo1mesydr
olunması,ewlwbo1mesy
olunmasını,ewlwbo1mesbo1y
olunmaya,ewlwbo1myh
olunmayan,ewlwbo1myebo1
olunmaz,ewlwbo1mero1
olunmazlar,ewlwbo1mero1lr
olunmazlarsa,ewlwbo1mero1lrsh
olunmazsa,ewlwbo1mero1sh
olunmuş,ewlwbo1mso3
olunmuşlardır,ewlwbo1mso3lrdr
olunmuşlar,ewlwbo1mso3lr
olunmuştu,ewlwbo1mso3dy
olunmuştur,ewlwbo1mso3dr
olunmuyor,ewlwbo1myywr
olunmuyorlar,ewlwbo1myywrlr
olunsa,ewlwbo1sh
olunsalar,ewlwbo1sh||lr
olunsam,ewlwbo1sh||m
olunsun,ewlwbo1swbo1
olununca,ewlwbo1bo1xu1h
olunup,ewlwbo1wbu1
olunurdu,ewlwbo1wrdy
olunurdum,ewlwbo1wrdm
olunur,ewlwbo1wr
olunurken,ewlwbo1wrkbo1
olunurlar,ewlwbo1wrlr
olunursa,ewlwbo1wrsh
olunuyordu,ewlwbo1wywrdy
olunuyor,ewlwbo1wywr
olunuyorlar,ewlwbo1wywrlr
olunuyorsa,ewlwbo1wywrsh
olunuyorsun,ewlwbo1wywrsko3
olunuyorsunuz,ewlwbo1wywrsko3ro1
olunuyorum,ewlwbo1wywrm
olunuyoruz,ewlwbo1wywrro1
olunuz,ewlko3ro1
olup,ewlwbu1
oluptur,ewlwbu1dr
olurda,ewlwr dh
olurdu,ewlwrdy
olurduk,ewlwrdfo2
olurdular,ewlwrdylr
olurdum,ewlwrdm
olurdun,ewlwrdko3
olur,ewlwr
olurken,ewlwrkbo1
olurlardı,ewlwrlrdy
olurlar,ewlwrlr
olurlarsa,ewlwrlrsh
olursa,ewlwrsh
olursak,ewlwrsh||fo2
olursan,ewlwrsh||ko3
olursanız,ewlwrsh||ko3ro1
olursun,ewlwrsko3
olursunuz,ewlwrsko3ro1
olurum,ewlwrm
oluruz,ewlwrro1
oluşudur,ewlwso3ydr
oluşu,ewlwso3y
oluşundan,ewlwso3bo1dbo1
oluşun,ewlwso3ko3
oluşunun,ewlwso3bo1ko3
oluşunuza,ewlwso3ko3ro1h
oluşunuzu,ewlwso3ko3ro1y
oluşunuzun,ewlwso3ko3ro1ko3
oluvermek,ewlbu2wbu2rmk
oluvermek,ewlywyrmk
oluyordu,ewlwywrdy
oluyorduk,ewlwywrdfo2
oluyordular,ewlwywrdylr
oluyordum,ewlwywrdm
oluyordun,ewlwywrdko3
oluyor,ewlwywr
oluyorlardı,ewlwywrlrdy
oluyorlar,ewlwywrlr
oluyorsa,ewlwywrsh
oluyorsan,ewlwywrsh||ko3
oluyorsun,ewlwywrsko3
oluyorsunuz,ewlwywrsko3ro1
oluyorum,ewlwywrm
oluyoruz,ewlwywrro1
o mahalde,ewl mxldh
o mahalde,ewl mxldh||
omlet,ewmlh||bo2
omlet,ewmlh||bo2
omnibüs,ewmbo1bu2bu1ws
omnibüs,ewmbo1ybu1ws
o münasebetle,ewl mbo1esbu1bo2lh||
o münâsebetle,ewl mbo1esbu1bo2lh
omurga,ewkrao1h
omurga,ewkrao1h||
omurga,ewmwrao1h
omurga,ewmwrao1h||
omuzadır,ewmwro1h||dr
omuzadırlar,ewmwro1h||drlr
omuza,ewmwro1h
omuz,ewmwro1
omuzla,ewmwro1le
omuzlamak,ewmwro1lemfo2
omuzlamak,ewmwro1lmfo2
omuzlara,ewmwro1lrh
omuzlar,ewmwro1lr
omuzları,ewmwro1lry
omuzlarına,ewmwro1lrybo1h
omuzlarında,ewmwro1lrbo1dh
omuzlarındaki,ewmwro1lrbo1dh||ky
omuzlarınıza,ewmwro1lryko3ro1h
omuzlarınız,ewmwro1lryko3ro1
omuzluk,ewmwro1lfo2
omuz-omuza,ewmwro1 ewmwro1h
omuzu,ewmwro1y
omuzuma,ewmwro1ymh
omuzum,ewmwro1m
omuzumuza,ewmwro1ymro1h
omuzumuzdaki,ewmwro1ymro1dh||ky
omuzuna,ewmwro1ybo1h
omuzundadır,ewmwro1bo1dh||dr
omuzunda,ewmwro1bo1dh
omuzundaki,ewmwro1bo1dh||ky
omuzunuza,ewmwro1yko3ro1h
omzuna almak,ewmwro1bu2bo1h elmfo2
omzuna almak,ewmwro1ybo1h elmfo2
omzuna vurmak,ewmwro1bu2bo1h ewrmfo2
omzuna vurmak,ewmwro1ybo1h ewrmfo2
onadır,ewko3edr
ona doğru,eketwao1ry
ona,eke
o'na,ewko3e
ona,ewko3e
ona,ewlo5o3e
ona göre,ekekwrh
ona göre,ekekwrh||
onaltıdır,ewbo1 eo6lbo2ydr
on altı,ewbo1 elbo2y
onaltı,ewbo1 eo6lbo2y
onaltıncıda,ewbo1 eo6lbo2bo1xu1ydh
onaltıncı,ewbo1 eo6lbo2bo1xu1y
onaltıncısı,ewbo1 eo6lbo2bo1xu1ysy
onaltı-onyedi,ewbo1 eo6lbo2y−ewbo1 ydy
onaltısının,ewbo1 eo6lbo2ysbo1ko3
onaltı'yı,ewbo1 eo6lbo2y||yy
ona rağmen,ekerao1meo44
onar,ewbo1r
onar,ewlo5o3er
onarmak,ewko3ermfo2
onarmak,ewlo5o3ermfo2
onbaşı,ewbo1bu1eso3y
onbaşıları,ewbo1bu1eso3ylry
onbaşılıkta,ewbo1bu1eso3ylfo2dh
onbaşılıktan,ewbo1bu1eso3ylfo2dbo1
onbaşından,ewbo1bu1eso3ko3dbo1
onbaşısına,ewbo1bu1eso3ysbo1h
onbaşısını,ewbo1bu1eso3ysbo1y
onbaşısının,ewbo1bu1eso3ysbo1ko3
onbaşısıyla,ewbo1bu1eso3ysylh
onbaşısiyle,ewbo1bu1eso3ysylh
onbaşıya,ewbo1bu1eso3y||yh
onbeşden,ewbo1 bu1so3dbo1
onbeşe,ewbo1 bu1so3h
on beş,ewbo1 bu1so3
onbeş,ewbo1 bu1so3
onbeşi,ewbo1 bu1so3y
onbeşincide,ewbo1 bu1so3bo1xu1ydh
onbeşinci,ewbo1 bu1so3bo1xu1y
onbeşincisi,ewbo1 bu1so3bo1xu1ysy
onbeşinden,ewbo1 bu1so3bo1dbo1
onbeşine,ewbo1 bu1so3bo1h
onbeşini,ewbo1 bu1so3bo1y
onbeş-onaltı,ewbo1 bu1so3 ewbo1 eo6lbo2y
onbeşten,ewbo1 bu1so3dbo1
onbeş-yirmi,ewbo1 bu1so3 yko7rmy
onbeş-yirmişer,ewbo1 bu1so3  yko7rmyso3r
onbin,ewbo1 bu1yko3
onbinler,ewbo1 bu1yko3lr
onbirdir,ewbo1 bu1rdr
onbirer,ewbo1 bu1rr
on bir,ewbo1 bu1r
onbir,ewbo1 bu1r
onbirincide,ewbo1 bu1rbo1xu1ydh
onbirinci,ewbo1 bu1rbo1xu1y
onbirincisi,ewbo1 bu1rbo1xu1ysy
onbirine,ewbo1 bu1rybo1h
ondadır,ewbo1dh||dr
onda,ebo1dh
onda,ebo1dh||
onda,ewbo1dh
ondaki,ewbo1dh||ky
ondalık,ewbo1dh||lfo2
ondalık,ewbo1dh||lfo2
ondalık,ewbo1dh lfo2
ondan başka,ebo1dbo1 bu1so3fo2h
ondan başka,ebo1dbo1 bu1so3fo2h||
ondandır,ewbo1dbo1dr
ondan,ebo1dbo1
o'ndan,ewbo1dbo1
on'dan,ewbo1dbo1
ondan,ewbo1dbo1
ondan sonra,ebo1dbo1zkrh
ondan sonra,ebo1dbo1zkrh||
on demet takımı,ewbo1 dmbo2 tefo2my
on dirhemlik tartı,ewbo1 drhmlk terbo2y
ondokuza,ewbo1 twfo2wro1h
ondokuzbin,ewbo1 twfo2wro1 bu1yko3
ondokuzdur,ewbo1 ||twfo2wro1dr
on dokuz,ewbo1 tfo2wro1
ondokuz,ewbo1 twfo2wro1
ondokuzu,ewbo1 twfo2wro1y
ondokuzuncuda,ewbo1 twfo2wro1bo1xu1ydh
ondokuzuncu,ewbo1 twfo2wro1bo1xu1y
ondokuzuncusu,ewbo1 twfo2wro1bo1xu1ysy
ondörde,ewbo1 drdh
ondördü,ewbo1 drdy
ondördüncü,ewbo1 drdbo1xu1y
ondördüncüsü,ewbo1 drdbo1xu1ysy
on dört,ewbo1 drbo2
ondört,ewbo1 drbo2
ondört-onbeş,ewbo1 drbo2 ewbo1 bu1so3
ondur,ewbo1dr
o ne,ewbo1h
o ne,ewbo1h||
on,ewbo1
ongurga,ewkrao1h
ongurga,ewkrao1h||
on iki düzine,ewbo1 ebu2ky dwro1bu2bo1h
on iki düzine,ewbo1 eyky dwro1ybo1h||
on iki,ewbo1 ebu2ky
on iki,ewbo1 eyky
oniki,ewbo1 eyky
onikilik,ewbo1 eykylk
onikinci,ewbo1 eykbo1xu1y
onikincisi,ewbo1 eykbo1xu1ysy
oniki-onüç,ewbo1 eyky − ewbo1 ewxu3
onlaradır,ewbo1lrh||dr
onlara,ewbo1lrh
onlarca,ewbo1lrxu1h
onlardadır,ewbo1lrdh||dr
onlarda,ewbo1lrdh
onlardaki,ewbo1lrdh||ky
onlardandır,ewbo1lrdbo1dr
onlardan,ewbo1lrdbo1
onlardı,ewbo1lrdy
onlardır,ewbo1lrdr
onlar,ebo1lr
onlar,ewbo1lr
onları,ewbo1lry
onlarındır,ewbo1lrko3dr
onların,ebo1lrk
onların,ewbo1lrko3
onlarınki,ebo1lrkky
onlarınki,ewbo1lrko3ky
onlarla,ewbo1lrlh
onmadık,ewko3medfo2
onmadık,ewlo5o3medfo2
on-onbeş,ewbo1− ewbo1bu1so3
on-onbeş-yirmi,ewbo1 ewbo1bu1so3 yko7rmy
on sekiz,ewbo1skro1
onsekiz,ewbo1 skro1
onsekizi,ewbo1 skro1y
onsekizincide,ewbo1 skro1bo1xu1ydh
onsekizinci,ewbo1 skro1bo1xu1y
onsekizincisi,ewbo1 skro1bo1xu1ysy
onsekizinin,ewbo1 skro1ybo1ko3
onsekiz-yirmi,ewbo1||skro1 yko7rmy
ons,ewbo1s
onsuz,ewbo1sro1
ontoloji,ewbo1bo2wlwro3y
onüçer,ewbo1 ewxu3r
on üç,ewbo1 ewxu3
onüç,ewbo1 ewxu3
onüç-ondört,ewbo1 yo5wxu3 − ewbo1 drbo2
onüçü,ewbo1 ewxu3y
onüçüncüde,ewbo1 ewxu3bo1xu1ydh
onüçüncü,ewbo1 ewxu3bo1xu1y
onüçüncüsü,ewbo1 ewxu3bo1xu1ysy
onüçüne,ewbo1 ewxu3bo1h
onu,ebo1y
o'nu,ewbo1y
onu,ewbo1y
onul,ewlo5o3l
onulmak,ewko3lmfo2
onulmak,ewlo5o3lmfo2
onulmaz,ewko3lmero1
onulmaz,ewlo5o3lmero1
onuna,ewbo1bo1h
onun altına,ebo1k elbo2bo1h
onun altına,ebo1k elbo2bo1h||
onun altında,ebo1k elbo2bo1dh
onun altında,ebo1k elbo2bo1dh||
onuncuda,ewbo1bo1xu1ydh
onuncu,ewbo1bo1xu1y
onunçün,ewbo1ko3xu3wbo1
onuncusu,ewbo1bo1xu1ysy
onundan,ewbo1bo1dbo1
onundur,ewbo1ko3dr
onun,ebo1k
o'nun,ewbo1ko3
onun,ewbo1ko3
onun ile beraber,ebo1k ebu2lh bu1rebu1r
onun ile beraber,ebo1k eylh bu1rebu1r
onun ile,ebo1k ebu2lh
onun ile,ebo1k eylh||
onunki,ebo1kky
onunki,ewbo1ko3ky
onunkinden,ewbo1ko3kbo1dbo1
onunkini,ewbo1ko3kybo1y
onunladır,ewbo1ko3lh||dr
onunla,ewbo1ko3lh
onunu,ewbo1bo1y
onun üzerinde,ebo1k ewro1rbo1dh
onun üzerinde,ebo1k ewro1rbo1dh||
onun üzerine,ebo1k ewro1rbu2bo1h
onun üzerine,ebo1k ewro1rybo1h||
onurga,ewkrao1h
onurga,ewkrao1h||
on yedi,ewbo1 bu2dy
on yedi,ewbo1 ydy
onyedi,ewbo1 ydy
onyedincide,ewbo1 ydybo1xu1ydh
onyedinci,ewbo1 ydbo1xu1y
onyedincisi,ewbo1 ydybo1xu1ysy
on-yirmi,ewbo1 yko7rmy
oof,ewfo1
opera,ewbu3h||re
opera,ewbu3h||re
operasyon,ewbu3h||resbu2wbo1
operasyon,ewbu3h||resywbo1
operatör,ewbu3h||rebo2wr
operatör,ewbu3h||rebo2wr
operatörle,ewbu3rebo2wrlh
oportünism,ewbu3wrbo2wbo1bu2ro1m
oportünism,ewbu3wrbo2wbo1yro1m
optimism,ewbu3bo2bu2mbu2sm
optimism,ewbu3bo2ymysm
optimist,ewbu3bo2bu2mbu2sbo2
optimist,ewbu3bo2ymysbo2
oraca,ewrexu1h
oradadırlar,ewredh||drlr
orada,ewredh
orada,ewredh||
oradaki,ewredh||ky
oradakiler,ewredh||kylr
oradakinden,ewredh||kbo1dbo1
oradan,ewredbo1
oradan geçmek,ewredbo1 kxu3mk
ora,ewre
orağın,ewreao1ko3
orak,ewrefo2
orak vakti,ewrefo2 wfo2bo2y
oralara,ewrelrh
oralara,ewrelrh||
oralardadır,ewrelrdh||dr
oralarda,ewrelrdh
oralarda,ewrelrdh||
oralardaki,ewrelrdh||ky
oralar,ewrelr
oraları,ewrelry
oraların,ewrelrko3
oran,ewrebo1
orangutan,ewrebo1ao1wbo2ebo1
oranın,ewrebo1ko3
oranla,ewrebo1le
oranlamak,ewrebo1lemfo2
orası,ewresy
orasını,ewresbo1y
orası vazîfemde değil,ewresy wto1bu2fo1h mdh dkl
orası vazifemde değil,ewresy wto1yfo1h mdh dkl
oratoryo,ewrebo2wrbu2bu2w
oratoryo,ewrebo2wryyw
oraya,ewrebu2h
oraya,ewreyh
oraya,ewreyh||
orayı,ewreyy
orduca'da,ewrdwxu1h||dh
orducadır,ewrdwxu1h||dr
orduca,ewrdwxu1h
orduca,ewrdwxu1h||
orduca'ya,ewrdwxu1h||yh
orduda,ewrdwdh
ordudaki,ewrdwdh||ky
ordudan,ewrdwdbo1
ordudur,ewrdwdr
ordu,erdw
ordu,ewrdw
ordugâha,ewrdwko7ehh
ordugah,eo9wro0do9wko7o4eho0
ordugâh,eo9wro0do9wko7o4eho0
ordugah,erdwko7eh||
ordugâh,erdwko7eh
ordugâh,ewrdwko7eh
ordugâh-ı,ewrdwko7ehu4
ordugâhı,ewrdwko7ehy
ordugâhında,ewrdwko7ehbo1dh
ordugâhından,ewrdwko7ehbo1dbo1
ordugâhtır,ewrdwko7ehdr
ordu kurmak,erdwfo2wrmfo2
ordular,ewrdwlr
orduları,ewrdwlry
ordularına,ewrdwlrybo1h
ordularından,ewrdwlrbo1dbo1
orduların,ewrdwlrko3
ordularını,ewrdwlrybo1y
ordularının,ewrdwlrybo1ko3
ordularıyla,ewrdwlrylh
ordu-misal,ewrdwmbo3el
ordumu,ewrdwmy
ordumuza,ewrdwmro1h
ordunun,ewrdwbo1ko3
ordusudur,ewrdwsydr
ordusu,ewrdwsy
ordusuna,ewrdwsbo1h
ordusunda,ewrdwsbo1dh
ordusundaki,ewrdwsbo1dh||ky
ordusu'ndan,ewrdwsbo1dbo1
ordusundan,ewrdwsbo1dbo1
ordusunu,ewrdwsbo1y
ordusu'nun,ewrdwsbo1ko3
ordusunun,ewrdwsbo1ko3
orduya,ewrdwyh
ordu-yu,ewrdwyu4
orduyu,ewrdwyy
or,ewr
organıdır,ewrao1ebo1ydr
organize,ewrao1ebo1yro1h
orhaneli,ewrxo1ebo1||eyly
orhan,ewrxo1ebo1
orhangazi,ewrxo1ebo1||ao1ero1y
orijinaldir,ewryro3ybo1eldr
orijinal,ewrbu2ro3bo1el
orijinal,ewryro3bo1el
orijinal,ewryro3ybo1el
orijinallik,ewryro3ybo1ellk
orkestra,ewrksbo2re
ork,ewrao1
ormana,ewrmebo1h
ormandan,ewrmebo1dbo1
orman,ewrmebo1
ormanın,ewrmebo1ko3
orman kebabı,ewrmebo1 kbu1ebu1y
ormanlarda,ewrmebo1lrdh
ormanlar,ewrmebo1lr
ormanları,ewrmebo1lry
ormanlarına,ewrmebo1lrybo1h
ormanlık bohça,ewrmebo1lfo2 bu1eao1xu3h
ormanlık bohça,ewrmebo1lfo2 bu1eao1xu3h||
ormanlık,ewrmebo1lfo2
ormanlık yer,ewrmebo1lfo2 bu2r
ormanlık yer,ewrmebo1lfo2 yr
orospu,ewrwsbu3y
orospuluk,rwsbu3bu2lk
orospuluk,rwsbu3ylk
orospu,rwsbu3y
orostopollü,ewrsbo2bu2wllw
orostopollü,ewrsbo2ywllw
orsa alabanda etmek,ewrsh ele bu1ebo1dh e
orsa alabanda etmek,ewrzh elebu1ebo1dh e
orsa!,ewrzh
orsa!,ewrzh||
ortada,ewrbo2h||dh
ortadaki,ewrbo2h||dh||ky
ortadan,ewrbo2h||dbo1
orta direk,ewrth dbu2rk
orta direk,ewrth dyrk
ortaelçi,ewrbo2h||ebu2lxu3y
ortaelçi,ewrbo2h||eylxu3y
orta elçi,ewrth ebu2lxu3y
orta elçi,ewrth eylxu3y
orta,ewrbo2h
orta,ewrbo2h||
orta,ewrth
orta,ewrth||
ortağı,ewrbo2eao1y
ortahalli,ewrbo2h||xely
ortahalli,ewrbo2h||xely
ortak,ewrbo2efo2
ortak,ewrbo2lfo2
ortaklar,ewrbo2efo2lr
ortaklarıdır,ewrbo2efo2lrydr
ortakları,ewrbo2efo2lry
ortaklaşa,ewrbo2efo2leso3h
ortaklaşa,ewrbo2efo2leso3h||
ortala,ewrbo2h||le
ortalamak,ewrbo2h||lemfo2
ortalamak,ewrbo2h||lemfo2
ortalarında,ewrbo2h||lrbo1dh
ortalarındaki,ewrbo2h||lrbo1dh||ky
ortalarından,ewrbo2h||lrbo1dbo1
ortalığa,ewrbo2h||lao1h
ortalığı,ewrbo2h||lao1y
ortalık ağarması,ewrth lfo2 eao1ermsy
ortalık ağarması,ewrth lfo2 eao1rmsy
ortalık,ewrbo2h||lfo2
ortalık,ewrbo2h||lfo2
ortalık,ewrbo2h lfo2
ortalık,ewrth lfo2
ortalık kararması,ewrth lfo2 fo2rermsy
ortalıkta,ewrbo2h||lfo2dh
ortanca,ewrbo2ebo1xu1e
ortanca,ewrbo2ebo1xu1h
ortanca,ewrbo2ebo1xu1h||
ortaokul,ewrbo2h ewfo2wl
orta-şarkta,ewrbo2h||so3rfo2dh
ortası,ewrbo2h||sy
ortası havlı dört yanı bina,ewrbo2h sy xwly drbo2 bu2ebo1y bu1bo1e
ortası havlı dört yanı bina,ewrbo2h sy xwly drbo2 yebo1y bu1bo1e
ortasına,ewrbo2h||sbo1h
ortasındadır,ewrbo2h||sbo1dh||dr
ortasında,ewrbo2h||sbo1dh
ortasında,ewrbo2h sbo1dh
ortasında,ewrbo2h sbo1dh||
ortasındaki,ewrbo2h||sbo1dh||ky
ortasından,ewrbo2h||sbo1dbo1
ortasını,ewrbo2h||sbo1y
ortaya,ewrbo2h||yh
orta yeri,ewrbo2h bu2ry
orta yeri,ewrbo2h yry
orta yerlerine doğru,ewrbo2h bu2rlrbu2bo1h twao1ry
orta yerlerine doğru,ewrbo2h yrlrybo1h twao1ry
ortodoks,ewrbo2wdwfo2s
ortopedi,ewrbo2wbu3h||dy
ortopedi,ewrbo2wbu3h||dy
oruca,ewrwxu1h
oruç,ewrwxu1
oruç,ewrwxu3
oruç'la,ewrwxu1lh
oruçla,ewrwxu1lh
oruçlu,ewrwxu1lw
oruçlu,ewrwxu1ly
oruçtaki,ewrwxu1dh||ky
oruçtur,ewrwxu1dr
oruç tutmak,ewrwxu1 twbo2mfo2
orucu,ewrwxu1y
orucun,ewrwxu1ko3
orucunu,ewrwxu1bo1y
orucuyla,ewrwxu1ylh
o saat,ewl seabo2
o sâat,ewl seabo2
o saat,ewseabo2
o sâat,ewseabo2
osman'a,abo3mebo1h
osman,abo3mebo1
osmancık,abo3mebo1xu1fo2
osman-el,abo3mebo1 el
osmaneli,abo3mebo1 eyly
osman-ı,abo3mebo1u4
osmanî,abo3mebo1y
osman'ı,abo3mebo1y
osmanîlerin,abo3mebo1ylrko3
osman'ın,abo3mebo1ko3
osmaniye,abo3mebo1yh
osmaniye,abo3mebo1yh||
osmaniyede,abo3mebo1yh||dh
osmaniyeden,abo3mebo1yh||dbo1
osmaniye'dir,abo3mebo1yh||dr
osmaniyenin,abo3mebo1yh||bo1ko3
osman'la,abo3mebo1lh
osman'lar,abo3mebo1lr
osmanlar,abo3mebo1lr
osmanlı,abo3mebo1lw
osmanlı,abo3mebo1lw tbu3reao1y
osmanlı,abo3mebo1ly
osmanlıca,abo3mebo1lwxu1h||
osmanlı'daki,abo3mebo1lydh||ky
osmanlılara,abo3mebo1lylrh
osmanlılar,abo3mebo1lylr
osmanlıların,abo3mebo1lylrko3
osmanlılığa,abo3mebo1lylao1h
osmanlılığın,abo3mebo1lylao1ko3
osmanlılık,abo3mebo1lbu2lfo2
osmanlılık,abo3mebo1lylfo2
osmanlılıktan,abo3mebo1lylfo2dbo1
osmanlı memleketi,abo3mebo1lw mmlkbo2y
osmanlı vilayeti,abo3mebo1lwwleybo2y
ost,ewsbo2
oşt,ewso3bo2
o sulara doğru,ewl zwlrh twao1ry
o sularda,ewl zwlrdh
o sularda,ewl zwlrdh||
osun,ewsko3
osuruk,fo2wzwrfo2
otağcı,ewbo2efo2xu1y
otağ,eo9wbo2o4eao1o0
otağ,ewbo2eao1
otağ,ewbo2efo2
otağı,ewbo2eao1y
otarmak,ewbo2ermfo2
ot arpa saman,ewbo2 erbu3h zmebo1
otelde,ewbo2ldh
otelden,ewbo2ldbo1
otel,ewbo2l
oteli'nde,ewbo2lbo1dh
oteli'nin,ewbo2lbo1ko3
ot,ewbo2
ot,ewd
ot,ewt
otlak,ewbo2lefo2
otlâkıye,ewbo2lefo2bu2h
otlakıye,ewbo2lefo2yh||
otlamak,ewbo2lemfo2
otlan,ewbo2lebo1
otlanmak,ewbo2lebo1mfo2
otlara,ewbo2lrh
otlarda,ewbo2lrdh
otlar,ewbo2lr
otları,ewbo2lry
otların,ewbo2lrko3
otlat,ewbo2lebo2
otlatmak,ewbo2lebo2mfo2
otluk,ewbo2lfo2
otobüs,ewbo2wbu1ws
oto,ewbo2w
otogar,ewbo2wko7er
otokrasi,ewbo2wfo2resy
otokrat,ewbo2wfo2rebo2
otomat,ewbo2wmebo2
otomatik,ewbo2wmebo2k
otomobilci,ewbo2wmwbu1ylxu1y
otomobilde,ewbo2wmwbu1yldh
otomobildir,ewbo2wmwbu1yldr
otomobile,ewbo2wmwbu1ylh
otomobil,ewbo2wmwbu1bu2l
otomobil,ewbo2wmwbu1yl
otomobili,ewbo2wmwbu1yly
otomobilim,ewbo2wmwbu1ylm
otomobilimiz,ewbo2wmwbu1ylmro1
otomobiline,ewbo2wmwbu1ylbo1h
otomobiller,ewbo2wmwbu1yllr
otorite,ewbo2wrybo2h
ottan,ewbo2dbo1
ottur,ewbo2dr
otu,ewbo2y
otun,ewbo2ko3
oturabilirdim,ewtwrh||bu1ylyrdm
oturacak yer,ewtwrh xu1fo2 bu2r
oturacak yer,ewtwrh xu1fo2 yr
oturak askeri,ewtwrefo2 askry
oturak,ewbo2wrefo2
oturak olmak,ewtwrefo2 ew
oturamaz,ewtwremero1
oturan,ewtwrebo1
oturanlar,ewtwrebo1lr
oturanları,ewtwrebo1lry
oturanların,ewtwrebo1lrko3
oturdu,ewtwrdy
oturduğu,ewtwrdyao1y
oturduğum,ewtwrdyao1m
oturduğumuzu,ewtwrdyao1mro1y
oturduğun,ewtwrdyao1ko3
oturduğunu,ewtwrdyao1bo1y
oturdukları,ewtwrdfo2lry
oturduklarını,ewtwrdfo2lrybo1y
oturdular,ewtwrdylr
oturdum,ewtwrdm
oturdun,ewtwrdko3
oturdunuz,ewtwrdyko3ro1
otur,ewbo2wr
otur,ewtwr
oturma,ewtwrmh
oturmağa,ewtwrmao1h
oturmak,ewbo2wrmfo2
oturmak,ewtwrmfo2
oturmaktadır,ewtwrmfo2dh||dr
oturmakta,ewtwrmfo2dh
oturmaları,ewtwrmh||lry
oturmasına,ewtwrmsbo1h
oturmasını,ewtwrmesbo1y
oturmaya,ewtwrmao1h
oturmazsa,ewtwrmro1sh
oturmuş,ewtwrmso3
oturmuşlar,ewtwrmso3lr
oturmuştum,ewtwrmso3dm
otursa,ewtwrsh
otursun,ewtwrswbo1
oturtan,ewtwrbo2ebo1
oturtarak,ewtwrbo2h||rfo2
oturtma,ewbo2wrbo2mh
oturtma,ewbo2wrbo2mh||
oturtmak,ewtwrbo2mfo2
oturtturur,ewtwrbo2dyrr
oturtulmuş,ewtwrbo2wlmso3
oturtulsa,ewtwrdwlsh
oturtulur,ewtwrbo2wlwr
oturtup,ewtwrdwbu1
oturtur,ewtwrdwr
oturtuyor,ewtwrdyywr
oturulduğunda,ewtwryldyao1bo1dh
oturulmayacak,ewtwrylmyh||xu1fo2
oturulur,ewtwrbu2lwr
oturulur,ewtwrylwr
oturup,ewtwrwbu1
oturur,ewtwrwr
otururken,ewtwrwrkbo1
otururlar,ewtwrwrlr
oturuyordu,ewtwrwywrdy
oturuyorduk,ewtwrwywrdfo2
oturuyordum,ewtwrwywrdm
oturuyor,ewtwrwywr
oturuyorlar,ewtwrwywrlr
oturuyorlarmış,ewtwrwywrlrmso3
oturuyoruz,ewtwrwywrro1
otuza,ewbo2wro1h
otuzaltı,ewbo2wro1 eo6lbo2y
otuzaltıyı,ewbo2wro1 eo6lbo2y||yy
otuzar,ewbo2wro1r
otuzbeş,ewbo2wro1 bu1so3
otuzbeşinci,ewbo2wro1 bu1so3bo1xu1y
otuzbeş-kırk,ewbo2wro1bu1so3 fo2rfo2
otuzbindir,ewbo2wro1 bu1yko3dr
otuzbine,ewbo2wro1 bu1yko3h
otuzbin,ewbo2wro1 bu1yko3
otuzbinlere,ewbo2wro1 bu1yko3lrh
otuzbirde,ewbo2wro1 bu1rdh
otuzbir,ewbo2wro1 bu1r
otuzbirincide,ewbo2wro1 bu1rbo1xu1ydh
otuzbirinci,ewbo2wro1 bu1rbo1xu1y
otuzdan,ewbo2wro1dbo1
otuzdokuzda,ewbo2wro1 twfo2wro1dh
otuzdokuz,ewbo2wro1 twfo2wro1
otuzdokuzu,ewbo2wro1 twfo2wro1y
otuzdört,ewbo2wro1 drbo2
otuzdörtte,ewbo2wro1 drbo2dh
otuzdur,ewbo2wro1dr
otuz,ewbo2wro1
otuziki'de,ewbo2wro1 eykydh
otuzikide,ewbo2wro1 eykydh
otuziki,ewbo2wro1 eyky
otuzikinci,ewbo2wro1 eykbo1xu1y
otuzikinci'nin,ewbo2wro1 eykbo1xu1ybo1ko3
otuzikiyi,ewbo2wro1 eyky||yy
otuz-kırk,ewbo2wro1 fo2rfo2
otuz-otuzbeş,ewbo2wro1 ewbo2wro1bu1so3
otuzsekiz,ewbo2wro1 skro1
otuzüçe,ewbo2wro1 ewxu3h
otuzüçer,ewbo2wro1 ewxu3r
otuzüç,ewbo2wro1 ewxu3
otuzüçte,ewbo2wro1 yo5wxu3dh
otuzüçüncü,ewbo2wro1 ewxu3bo1xu1y
otuzüçüncü'nün,ewbo2wro1 ewxu3bo1xu1ybo1ko3
otuzu,ebo2wro1y
otuzuncu,ewbo2wro1bo1xu1y
otuzyedi,ewbo2wro1 ydy
ovacık,ewwexu1fo2
ovada,ewwedh
ova,ewwe
ova,ewwh
ova,ewwh||
o vakit,ewlwfo2bo2
o vakitten beri,ewl wfo2bo1dbo1bu1rw
o vakte kalmayarak,ewl wfo2bo2h fo2elmbu2h rfo2
o vakte kalmayarak,ewl wfo2bo2h fo2elmyh rfo2
ovala,ewao1ele
ovala,ewwele
ovalamak,ewao1elemfo2
ovalamak,ewao1elmfo2
ovalamak,ewwelemfo2
ovalara,ewwelrh
ovalar,ewwelr
ovaları,ewwelry
ovalayış,ewao1elebu2so3
ovalayış,ewao1eleyso3
ovasının,ewwesbo1ko3
ovaya,ewweyh
ov,ewao1
ov,eww
ovmak,ewao1mfo2
ovmak,ewwmfo2
ovuştur,ewao1wso3dwr
ovuşturmak,ewao1wso3dwrmfo2
oya etmek,ewbu2h e
oya etmek,ewyh e
oya,ewbu2e
oya,ewye
oyala,ewyele
oyalamak,ewbu2elemfo2
oyalamak,ewyelemfo2
oyalandır,ewyelebo1dyr
oyalandırmak,ewbu2elebo1dbu2rmfo2
oyalandırmak,ewyelebo1dyrmfo2
oyalan,ewyelebo1
oyalanmak,ewbu2elebo1mfo2
oyalanmak,ewyelebo1mfo2
oyalayıp,ewyeleywbu1
oy,ewy
oylum,ewbu2lwm
oylum,ewylwm
oyma açmak,ewbu2mh exu3mfo2
oyma açmak,ewymh exu3mfo2
oymacı,ewbu2mebo1
oymacı,ewbu2mh xu1y
oymacı,ewymebo1
oymacı,ewymh xu1y
oyma,ewbu2mexu1y
oyma,ewbu2mh
oyma,ewymexu1y
oyma,ewymh||
oymak,ewbu2mfo2
oymak,ewymfo2
oynadı,ewybo1edy
oynadığı,ewybo1edyao1y
oynadıkları,ewybo1edfo2lry
oynadılar,ewybo1edylr
oyna,ewybo1e
oynak,ewbu2bo1efo2
oynak,ewybo1efo2
oynak yeri,ewbu2bo1efo2 bu2ry
oynak yeri,ewybo1efo2 yry
oynama,ewybo1emh
oynamak,ewbu2bo1emfo2
oynamak,ewybo1emfo2
oynaması,ewybo1emsy
oynamasına,ewybo1emesbo1h
oynamasını,ewybo1emesbo1y
oynamasını men etmek,ewbu2bo1emsbo1y mbo1a e
oynamasını men etmek,ewybo1emsbo1y mbo1a e
oynamaya,ewybo1emao1h
oynamışlar,ewybo1emso3lr
oynanılıyor,ewybo1ebo1ylyywr
oynanılmaz,ewybo1ebo1ylmero1
oynanılmış,ewybo1ebo1ylmso3
oynar,ewbu2bo1er
oynar,ewybo1er
oynaş,ewbu2bo1eso3
oynaş,ewybo1eso3
oynaşmak,ewbu2bo1eso3mfo2
oynaşmak,ewbu2bo1fo2so3mfo2
oynaşmak,ewybo1eso3mfo2
oynaşmak,ewybo1fo2so3mfo2
oynat,ewybo1ebo2
oynatırım,ewybo1ebo2yrm
oynatmak,ewbu2bo1ebo2mfo2
oynatmak,ewybo1ebo2mfo2
oynatmalarına,ewybo1ebo2mh||lrybo1h
oynattığını,ewybo1ebo2dyao1bo1y
oynattıran,ewybo1ebo2dyrebo1
oynattırıyorlar,ewybo1ebo2dyryywrlr
oynayabilir,ewybo1eyh||bu1ylyr
oynayacak,ewybo1eyexu1fo2
oynayalım,ewybo1eyelm
oynayamaz,ewybo1eyh||mero1
oynayan,ewybo1eyebo1
oynayıp,ewybo1eywbu1
oynuyordu,ewybo1eywrdy
oynuyor,ewbu2bo1bu2wr
oynuyor,ewybo1eywr
oynuyor,ewybo1ywr
oynuyorlar,ewybo1eywrlr
oynuyoruz,ewybo1yywrro1
oyuk,eo5wbu2wfo2
oyuk,eo5wywfo2
oyuk,ewbu2wfo2
oyuk,ewywfo2
oyulmuş,ewywlmso3
oyunbaz,ewbu2wbo1bu1ero1
oyunbaz,ewywbo1bu1ero1
oyunbozan,ewbu2wbo1 bu1wro1ebo1
oyunbozan,ewywbo1 bu1wro1ebo1
oyunbozanlık,ewbu2wbo1 bu1wro1ebo1lfo2
oyunbozanlık,ewywbo1 bu1wro1ebo1lfo2
oyuncağı,ewywbo1xu1ao1y
oyuncağını,ewywbo1xu1ao1bo1y
oyuncak,ewbu2wbo1xu1efo2
oyuncak,ewbu2wbo1xu1fo2
oyuncak,ewywbo1xu1efo2
oyuncak,ewywbo1xu1fo2
oyuncaklara,ewywbo1xu1fo2lrh
oyuncaklar,ewywbo1xu1fo2lr
oyuncakları,ewywbo1xu1fo2lry
oyuncaklarına,ewywbo1xu1fo2lrybo1h
oyuncakların,ewywbo1xu1fo2lrko3
oyuncaklarıyla,ewywbo1xu1fo2lrylh
oyuncaklığından,ewywbo1xu1fo2lao1bo1dbo1
oyun çıkarmak,ewbu2wbo1 xu3bu2fo2ermfo2
oyun çıkarmak,ewywbo1 xu3yfo2ermfo2
oyuncu,ewbu2wbo1xu1y
oyuncu,ewywbo1xu1y
oyuncu kadın,ewbu2wbo1xu1y fo2ery
oyuncu kadın,ewywbo1xu1y fo2ery
oyuncuların yeri,ewbu2wxu1bu2lrk bu2ry
oyuncuların yeri,ewywxu1ylrk yry
oyun etmek,ewbu2wbo1 e
oyun etmek,ewywbo1 e
oyun,ewbu2wbo1
oyun,ewywbo1
oyunları,ewywbo1lry
oyunlarına,ewywbo1lrybo1h
oyunlarıyla,ewywbo1lrylh
oyununa,ewywbo1bo1h
o zaman,ewlro1mebo1
