raadlardaki,radlrdh||ky
rabbanî'den,rbu1o8ebo1ydbo1
rabbanîden,rbu1o8ebo1ydbo1
rabbânîden,rbu1o8ebo1ydbo1
rabbanîde,rbu1o8ebo1ydh
rabbanî'dir,rbu1o8ebo1ydr
rabbanîdir,rbu1o8ebo1ydr
rabbanî'nin,rbu1o8ebo1ybo1ko3
rabbanînin,rbu1o8ebo1ybo1ko3
rabbani,rbu1ebo1y
rabbanî,rbu1ebo1y
rabbânî,rbu1ebo1y
rabbanî,rbu1o8ebo1y
rabbânî,rbu1o8ebo1y
rabbânî,ro4bu1o4o8ebo1bu2
rabbani̇,ro4bu1o4o8ebo1۪y
rabbani,ro4bu1o4o8ebo1۪y
rabbanîsini,rbu1o8ebo1ysbo1y
rabbanîsi,rbu1o8ebo1ysy
rabbanîsiyle,rbu1o8ebo1ysylh
rabbaniyedeki,rbu1o8ebo1yh||dh||ky
rabbaniyeden,rbu1o8ebo1yh||dbo1
rabbaniyede,rbu1o8ebo1yh||dh
rabbaniyedir,rbu1o8ebo1yh||dr
rabbaniye-i,rbu1o8ebo1yh'u4
rabbaniyelerinde,rbu1o8ebo1yh||lrbo1dh
rabbaniyeme,rbu1o8ebo1yh||mh
rabbaniyemin,rbu1o8ebo1yh||mko3
rabbaniyem,rbu1o8ebo1yh||m
rabbaniyenin,rbu1o8ebo1yh||bo1ko3
rabbaniye,rbu1o8ebo1yh
rabbanî'ye,rbu1o8ebo1y||yh
rabbanîye,rbu1o8ebo1y||yh
rabbaniyesinden,rbu1o8ebo1yh||sbo1dbo1
rabbaniyesine,rbu1o8ebo1yh||sbo1h
rabbaniyesini,rbu1o8ebo1yh||sbo1y
rabbaniyesi,rbu1o8ebo1yh||sy
rabbaniyesiyle,rbu1o8ebo1yh||sylh
rabbaniyeye,rbu1o8ebo1yh||yh
rabbâniyeye,rbu1o8ebo1yh||yh
rabbaniyeyi,rbu1o8ebo1yh||yy
rabbanîyi,rbu1o8ebo1y||yy
rabbaniyle,rbu1o8ebo1ylh
rabbanîyle,rbu1o8ebo1ylh
rabbâniyyede,rbu1o8ebo1yh||dh
rabbâniyyedir,rbu1o8ebo1yh||dr
rabbâniyyemin,rbu1o8ebo1yh||mko3
rabbâniyyenin,rbu1o8ebo1yh||bo1ko3
rabbaniyye,rbu1o8ebo1yh
rabbâniyye,rbu1o8ebo1yh
rabbâniyyesiyle,rbu1o8ebo1yh||sylh
rabbâniyyeye,rbu1o8ebo1yh||yh
rabbâniyyeyi,rbu1o8ebo1yh||yy
rabb'a,rbu1o8h
rabb-el,rbu1o8 el
rabbena,rbu1o8bo1e
rabbenâ,rbu1o8bo1e
rabb'e,rbu1o8h
rabbe,rbu1o8h
rabb-es,rbu1o8 el
rabb-il,rbu1o8 el
rabbimden,rbu1o8mdbo1
rabbime,rbu1o8mh
rabbimin,rbu1o8mko3
rabbimizden,rbu1o8mro1dbo1
rabbimize,rbu1o8mro1h
rabbimizin,rbu1o8mro1ko3
rabbimizi,rbu1o8mro1y
rabbimiz,rbu1o8mro1
rabbimiz taâlâ isaü-l-mesîh hazretleri,rbu1mro1 bo2aely abu2sy elmsbu2x xzo1rbo2lry
rabbimiz taala isaü-l-mesih hazretleri,rbu1mro1 bo2aely aysy elmsyx xzo1rbo2lry
rabbimiz taala,rbu1mro1 bo2aely
rabbimiz taâlâ,rbu1mro1 bo2aely
rabbimiz ve halasımız,rbu1mro1wxo1lezmro1
rabbimiz ve halâsımız,rbu1mro1wxo1lezmro1
rabbim,rbu1o8m
rabbına,rbu1o8bo1h
rabbine,rbu1o8bo1h
rabbinin,rbu1o8bo1ko3
rabbının,rbu1o8bo1ko3
rabbini,rbu1o8bo1y
rabbını,rbu1o8bo1y
rabbinizdir,rbu1o8o8ko3ro1dr
rabbinize,rbu1o8ko3ro1h
rabbinizin,rbu1o8o8ko3ro1ko3
rabbiniz,rbu1o8o8ko3ro1
rabb'in,rbu1o8ko3
rabbin,rbu1o8ko3
rabb-i rahîm,ro4bu1u4o8 ro4xbu2mo0
rabb-i̇ rahi̇m,ro4bu1u4o8 ro4x۪ymo0
rabb-i rahim,ro4bu1u4o8 ro4x۪ymo0
rabb-i,rbu1o8u4
rabb-ı,rbu1o8u4
rabbi,rbu1o8y
rabbî,rbu1o8y
rabbı,rbu1o8y
rabbi,rbu1y
rabbî,rbu1y
rabbisine,rbu1o8ysbo1h
rabbisinin,rbu1o8ysbo1ko3
rabbisini,rbu1o8ysbo1y
rabb,rbu1
rabb,rbu1o8
rabbüke,ro4bu1o8o9ko4
rabb-ül-âlemîn'den,rbu1o8 elaelmybo1dbo1
rabb-ül-âlemîn'in,rbu1o8 elaelmybo1ko3
rabb-ül-âlemînin,rbu1o8 elaelmybo1ko3
rabb-ül-âlemîn'i,rbu1o8 elaelmybo1y
rabbü-l-âlemin,rbu1 elaelmbu2bo1
rabbü-l-alemin,rbu1 elaelmybo1
rabbül-âlemin,rbu1o8 elaelmybo1
rabbü-l-izzet,rbu1 elaro1bo2
rabb-ül,rbu1o8 el
rabb-üs,rbu1o8 el
rabb-üş,rbu1o8 el
rab'dan,rbu1dbo1
rab'de,rbu1dh
rab'dir,rbu1dr
râbiaları,rebu1ah||lry
rabian,rebu1ae
râbian,rebu1ae
râbian,rebu1ao44e
râbia,rebu1ah
rabi̇a,ro4ebu1u4ao4h||
rabia,ro4ebu1u4ao4h||
râbia,ro4ebu1u4ao4h
râbi'de,rebu1adh
rabi,rebu1a
râbi,rebu1a
rabi',rebu1u4a
râbi',rebu1u4a
rabıtadan,rebu1th||dbo1
rabıtadar,rebu1th der
râbıtadar,rebu1th der
rabıtadır,rebu1th||dr
râbıtadır,rebu1th||dr
rabıta-i,rebu1th'u4
râbıta-i,rebu1th'u4
rabıta-i vahide tahtına idhal etmek,rebu1th cwexdh bo2xbo2bo1h edxo1el e
râbıta-i vâhide tahtına idhâl etmek,rebu1th cwexdh bo2xbo2bo1h edxo1el e
rabıtalara,rebu1th||lrh
rabıtalardan,rebu1th||lrdbo1
rabıtalardır,rebu1th||lrdr
rabıtalarıma,rebu1th||lrymh
rabıtalarım,rebu1th||lrm
rabıtalarına,rebu1th||lrybo1h
rabıtalarından,rebu1th||lrbo1dbo1
rabıtalarında,rebu1th||lrbo1dh
rabıtalarını,rebu1th||lrybo1y
rabıtaları,rebu1th||lry
rabıtalarıyla,rebu1th||lrylh
rabıtalarla,rebu1th||lrlh
rabıtalar,rebu1th||lr
rabıtalı,rebu1th||ly
rabıtalı,rebu1th||ly
rabıtamızın,rebu1th||mro1ko3
rabıtanın,rebu1th||bo1ko3
rabita,rebu1th
rabita,rebu1th||
rabıta,rebu1th
rabıta,rebu1th||
râbıta,rebu1th
rabıta,rebu1to1h||
râbıta,rebu1to1h
rabita,ro4ebu1u4to4h||
rabıta,ro4ebu1u4to4h||
râbıta,ro4ebu1u4to4h
rabıtasıdır,rebu1th||sydr
râbıtasıdır,rebu1th||sydr
rabıtasına,rebu1th||sbo1h
rabıtasını,rebu1th||sbo1y
râbıtasını,rebu1th||sbo1y
rabıtası,rebu1th||sy
rabıtasıyla,rebu1th||sylh
rabıtasızlık,rebu1th||sro1lfo2
râbıtasızlık,rebu1th||sro1lfo2
rabıtasız,rebu1th||sro1
rabıtasız,rebu1th sro1
râbıtasız,rebu1th||sro1
râbıtasız,rebu1th sro1
rabıtayı,rebu1th||yy
rabıt,rbu1t
rablarından,rbu1lrbo1dbo1
rablere,rbu1lrh
rablerini,rbu1lrybo1y
rab,rbu1
rab,rbu1o8
rab,ro4bu1o0
rabtedecek,rbu1t eydh||xu1k
rabteden,rbu1t eydbo1
rabteder,rbu1t eydr
rabtedilmiş,rbu1t eydylmso3
rabtedilse,rbu1t eydylsh
rabtedip,rbu1t eydwbu1
rabtediyor,rbu1t eydyywr
rabten,rbu1to44e
rabtetmekle,rbu1t eybo2mklh
rabt etmek,rbu1t e
rabtetmek,rbu1t eybo2mk
rabtetmiş,rbu1t eybo2mso3
rabtettiğini,rbu1t eybo2dyko7bo1y
rabtettiği,rbu1t eybo2dyko7y
rabtettiren,rbu1t ebo2dyrbo1
rabteylemesidir,rbu1t eo5ylh||msydr
rabt-ı kalb etmek,rbu1t fo2lbu1 e
rabt-ı,rbu1tu4
rabtı,rbu1ty
rabtolunan,rbu1t ewlwbo1ebo1
rabtolunmuş,rbu1t ewlwbo1mso3
rabt,rbu1t
rabt,ro4bu1o0to0
rabtsız,rbu1tsro1
raca,rexu1e
raci'dir,rexu1adr
racihane,rexu1xebo1h
racihe,rexu1xh
râcihe,rexu1xh
racih,rexu1x
râcih,rexu1x
raci̇h,ro4exu1u4xo0
racih,ro4exu1u4xo0
râcih,ro4exu1u4xo0
racihtir,rexu1xdr
racîmden,rxu1ymdbo1
racîm,rxu1bu2m
racim,rxu1ym
racîm,rxu1ym
raci olmak,rexu1a ew
raci' olmak,rexu1a ew
râci olmak,rexu1a ew
râci' olmak,rexu1a ew
raci',rexu1a
raci’,rexu1a
râci',rexu1a
raci,rexu1y
râci,rexu1y
raci̇',ro4exu1u4ao0
raci',ro4exu1u4ao0
râci',ro4exu1u4ao0
raciyane,rexu1yebo1h
râciyane,rexu1yebo1h
racül,rxu1l
ra'dat,radebo2
raddelerinde,redo8h||lrbo1dh
radde,redh
radde,redh||
râdde,redh
radde,ro4edo4o8h||
râdde,ro4edo4o8h
ra'ddır,raddr
ra'd'ın,radko3
ra'dın,radko3
ra'dı,rady
radiyallahü,rzo1y eellh
radıyallahü,rzo1y eellh
ra'diye,radyh
ra'dlardaki,radlrdh||ky
ra'dları,radlry
ra'dlar,radlr
ra'd-misal,radmbo3el
ra'd,rad
ra’d,rad
ra'd-un,rad
radvel,rwdwh||l
radyatör,redbu2bu2ebo2wr
radyatör,redyyebo2wr
radyoda,redywdh
radyodur,redywdr
radyogram,redbu2wao1rem
radyogram,redywao1rem
radyoların,redywlrko3
radyoları,redywlry
radyolarla,redywlrlh
radyolar,redywlr
radyomla,redywmlh
radyomuzda,redywmro1dh
radyonun,redywbo1ko3
radyo,redbu2w
radyo,redyw
radyosu,redywsy
radyoterapi,redbu2wbo2h||rebu3y
radyoterapi,redywbo2h||rebu3y
radyoya,redywyh
radyo-yu,redywyo5u4
radyoyu,redywyy
radyum,redbu2wm
radyum,redywm
radyumvari,redywm||wery
rafadan,refo1edebo1
rafa,refo1h
râfi'idir,refo1aydr
râfıza,refo1zo1h
râfızîleridirler,refo1zo1ylrydrlr
râfizîlerin,refo1zo1ylrko3
râfızîlerin,refo1zo1ylrko3
râfızîleri,refo1zo1ylry
râfızîler,refo1zo1ylr
râfızîliğe,refo1zo1ylko7h
rafızîlik,refo1zo1bu2lk
rafızilik,refo1zo1ylk
râfızîlik,refo1zo1ylk
rafizi,refo1zo1y
râfizî,refo1zo1y
râfızî,refo1zo1y
râfızîsi,refo1zo1ysy
râfızîyi,refo1zo1y||yy
raf,refo1
rafta,refo1dh
rağabatını,rao1bu1ebo2bo1y
rağabatı,rao1bu1ebo2y
rağabat,rao1bu1ebo2
rağbete,rao1bu1bo2h
rağbet etmek,rao1bu1bo2 e
rağbet-i̇ amme,ro4ao1o0bu1o4bo2u4 ao4emo4o8h||
rağbet-i amme,ro4ao1o0bu1o4bo2u4 ao4emo4o8h
rağbet-i amme,ro4ao1o0bu1o4bo2u4 ao4emo4o8h||
rağbetine,rao1bu1bo2bo1h
rağbetini,rao1bu1bo2bo1y
rağbeti olan,rao1bu1bo2y ewlebo1
rağbet-i,rao1bu1bo2u4
rağbetlerini,rao1bu1bo2lrybo1y
rağbetleri,rao1bu1bo2lry
rağbetler,rao1bu1bo2lr
rağbetli,rao1bu1bo2ly
rağbet,rao1bu1bo2
rağbetsizlik,rao1bu1bo2sro1lk
rağbetsiz,rao1bu1bo2sro1
rağbetten,rao1bu1bo2dbo1
ragıb,reao1bu1
râgıb,reao1bu1
rağmen,rao1meo44
rağmen,rao1mo44e
rağmına,rao1mbo1h
rahata,rexbo2h
rahat bırakmamak,rexbo2 bu1refo2memfo2
râhat bırakmamak,rexbo2 bu1refo2memfo2
rahatça,rexbo2xu1h
rahat durmamak,rexbo2 dwrmemfo2
râhat durmamak,rexbo2 dwrmemfo2
rahat durmaz,rexbo2 dwrmero1
râhat durmaz,rexbo2 dwrmero1
rahat etmek,rexbo2 e
râhat etmek,rexbo2 e
râhat ettirmek,rexbo2 ebu2bo2drmk
rahat ettirmek,rexbo2 eybo2drmk
rahatımı,rexbo2my
rahatım,rexbo2m
rahatına,rexbo2bo1h
rahatından,rexbo2bo1dbo1
rahatını bozmak,rexbo2bo1y bu1wro1mfo2
râhatını bozmak,rexbo2bo1y bu1wro1mfo2
rahatını,rexbo2bo1y
rahatınıza,rexbo2ko3ro1h
rahatın,rexbo2ko3
rahat-ı,rexbo2u4
rahatı,rexbo2y
rahatı yerinde olan,ebu2so3y bu2wlbo1dh rexbo2y bu2rbo1dh ewlebo1
rahatı yerinde olan,eyso3y ywlbo1dh rexbo2y yrbo1dh ewlebo1
rahatıyla,rexbo2ylh
rahatlandırmak,rexbo2lbo1drmfo2
râhatlandırmak,rexbo2lbo1drmfo2
rahatlandırmak,rexbo2lebo1dyrmfo2
rahatlanmak,rexbo2lebo1mfo2
rahatlan,rexbo2lebo1
rahatla,rexbo2lh
rahatlarını,rexbo2lrybo1y
rahatların,rexbo2lrko3
rahatları,rexbo2lry
rahatlığını,rexbo2lao1bo1y
rahatlıklarını,rexbo2lfo2lrybo1y
rahatlık,rexbo2lfo2
rahatlı,rexbo2ly
rahat,rexbo2
râhat,rexbo2
rahatsızdır,rexbo2sro1dr
rahatsız etmek,rexbo2sro1e
râhatsız etmek,rexbo2sro1e
rahatsızım,rexbo2sro1m
rahatsızlanmak,rexbo2sro1lebo1mfo2
rahatsızlan,rexbo2sro1lebo1
rahatsızlığa,rexbo2sro1lao1h
rahatsızlığımdan,rexbo2sro1lao1mdbo1
rahatsızlığımı,rexbo2sro1lao1my
rahatsızlığım,rexbo2sro1lao1m
rahatsızlığına,rexbo2sro1lao1bo1h
rahatsızlığından,rexbo2sro1lao1bo1dbo1
rahatsızlığınız,rexbo2sro1lao1ko3ro1
rahatsızlığı,rexbo2sro1lao1y
rahatsızlık,rexbo2sro1lfo2
râhatsızlık,rexbo2sro1lfo2
rahatsızlıktan,rexbo2sro1lfo2dbo1
rahatsız,rexbo2sro1
râhatsız,rexbo2sro1
rahatsız,rexbo2sro1e
râhatsız,rexbo2sro1e
rahattadır,rexbo2dh||dr
rahatta,rexbo2dh
rahattırlar,rexbo2drlr
rahattır,rexbo2dr
râhat vermek,rexbo2 wbu2rmk
rahat vermek,rexbo2 wyrmk
râhat vermemek,rexbo2 wbu2rmemk
rahat vermemek,rexbo2 wyrmemk
râhda,rehdh
rahibe,rehbu1h||
râhibe,rehbu1h
rahib'in,rehbu1ko3
rahiblerin,rehbu1lrko3
rahib,rehbu1
râhib,rehbu1
rahîmanede,rxymebo1h||dh
rahîmânede,rxymebo1h||dh
rahîmanedir,rxymebo1h||dr
rahîmane-i,rxymebo1hu4
rahîmanenin,rxymebo1h||bo1ko3
rahîmânenin,rxymebo1h||bo1ko3
rahîmane,rxymebo1h
rahîmâne,rxymebo1h
rahîmaneyi,rxymebo1h||yy
rahîm'deki,rxymdh||ky
rahîm'den,rxymdbo1
rahîm'de,rxymdh
rahîmdirler,rxymdrlr
rahîm'dir,rxymdr
rahimehullah,rxmh eellh
rahîm'e,rxymh
rahîm-i kerîm,ro4xbu2mu4 ko4rbu2mo0
rahi̇m-i̇ keri̇m,ro4x۪ymu4 ko4r۪ymo0
rahim-i kerim,ro4x۪ymu4 ko4r۪ymo0
rahîmimden,rxymmdbo1
rahîm'ime,rxymmh
rahîmime,rxymmh
rahîm'imin,rxymmko3
rahîmimin,rxymmko3
rahîmimize,rxymmro1h
rahîmimizin,rxymmro1ko3
rahîm'im,rxymm
rahîmim,rxymm
rahîm'imsin,rxymmsko3
rahîmimsin,rxymmsko3
rahîm-i mutlak,ro4xbu2mu4 mo9to0lo4fo2o0
rahi̇m-i̇ mutlak,ro4x۪ymu4 mo9to0lo4fo2o0
rahim-i mutlak,ro4x۪ymu4 mo9to0lo4fo2o0
rahîm'inden,rxymbo1dbo1
rahîminden,rxymbo1dbo1
rahîm'ine,rxymbo1h
rahîm’ine,rxymbo1h
rahîmine,rxymbo1h
rahîm'inin,rxymbo1ko3
rahîminin,rxymbo1ko3
rahîm'in,rxymko3
rahîmin,rxymko3
rahîm-i,rxymu4
rahîm'i,rxymy
rahîmi,rxymy
rahîmiyetini,rxymybo2bo1y
rahîmiyetin,rxymybo2ko3
rahîmiyet-i,rxymybo2u4
rahîmiyeti,rxymybo2y
rahîmiyet,rxymybo2
rahîmiyetten,rxymybo2dbo1
rahîmiyettir,rxymybo2dr
rahîmiyyeti,rxymybo2y
rahîmiyyettir,rxymybo2dr
rahîm'lerine,rxymlrybo1h
rahîmlerine,rxymlrybo1h
râhimler,rexmlr
rahîm,ro4xbu2mo0
rahi̇m,ro4x۪ymo0
rahim,ro4x۪ymo0
rahîm,rxbu2m
rahim,rxm
rahi̇m,rxym
rahim,rxym
rahîm,rxym
rahîm'sin,rxymsko3
râhından,rehbo1dbo1
râhının,rehbo1ko3
râh-ı,rehu4
rahle-i,rxlh'u4
rahle,rxlh
rahle,rxlh||
rahl,rxl
rahmanane,rxmebo1ebo1h
rahman'a,rxmebo1h
rahmana,rxmebo1h
rahmân'a,rxmebo1h
rahman'daki,rxmebo1dh||ky
rahman'dan,rxmebo1dbo1
rahmandan,rxmebo1dbo1
rahman'da,rxmebo1dh
rahman'dır,rxmebo1dr
rahmanî'dir,rxmebo1ydr
rahmanîdir,rxmebo1ydr
rahmânîdir,rxmebo1ydr
rahman'ım,rxmebo1m
rahman'ına,rxmebo1bo1h
rahman'ın,rxmebo1ko3
rahmanın,rxmebo1ko3
rahmân'ın,rxmebo1ko3
rahmân-i rahîm,ro4xo0mbo1u4 ro4xbu2mo0
rahmân-ı rahîm,ro4xo0mbo1u4 ro4xbu2mo0
rahman-i rahi̇m,ro4xo0mٰbo1u4 ro4x۪ymo0
rahman-ı rahim,ro4xo0mٰbo1u4 ro4x۪ymo0
rahmânirrahîm'in,rxmo99bo1 elrxymko3
rahmani,rxmebo1y
rahmanî,rxmebo1y
rahman'ı,rxmebo1y
rahmânî,rxmebo1y
rahmân'ı,rxmebo1y
rahman-ı,rxmo99bo1u4
rahmân-ı,rxmo99bo1u4
rahmanîsidir,rxmebo1ysydr
rahmanîsine,rxmebo1ysbo1h
rahmanîsiyle,rxmebo1ysylh
rahmaniyeden,rxmebo1yh||dbo1
rahmaniyede,rxmebo1yh||dh
rahmaniyedir,rxmebo1yh||dr
rahmaniyenin,rxmebo1yh||bo1ko3
rahmaniye,rxmebo1yh
rahmaniyesiyle,rxmebo1yh||sylh
rahmaniyete,rxmebo1ybo2h
rahmaniyetini,rxmebo1ybo2bo1y
rahmaniyetin,rxmebo1ybo2ko3
rahmaniyet-i,rxmebo1ybo2u4
rahmaniyeti,rxmebo1ybo2y
rahmaniyetiyle,rxmebo1ybo2ylh
rahmaniyet,rxmebo1ybo2
rahmaniyettir,rxmebo1ybo2dr
rahmaniyeye,rxmebo1yh||yh
rahmaniyeyi,rxmebo1yh||yy
rahmanîyi,rxmebo1y||yy
rahmânî'yi,rxmebo1y||yy
rahmâniyyede,rxmebo1yh||dh
rahmâniyyedir,rxmebo1yh||dr
rahmâniyye,rxmebo1yh
rahmaniyyetihi,ro4xo0mo4ebo1u4yo8o4bo2u4hu4
rahmâniyyet,rxmebo1ybo2
rahmâniyyettir,rxmebo1ybo2dr
rahmaniyyeye,rxmebo1yh||yh
rahmaniyyeyi,rxmebo1yh||yy
rahmâniyyeyi,rxmebo1yh||yy
rahman'la,rxmebo1lh
rahman,ro4xo0mo4bo1o0
rahmân,ro4xo0mo4bo1o0
rahman,rxmbo1
rahman,rxmebo1
rahman,rxmo99bo1
rahmanürrahîm'den,rxmo99bo1 elro8xymdbo1
rahmanurrahîm'in,rxmo99bo1 elrxymko3
rahmanürrahîm'in,rxmo99bo1 elrxymko3
rahmânürrahim'in,rxmo99bo1 elrxymko3
rahmanürrahîm'i,rxmo99bo1 elrxymy
rahmanurrahîm,rxmo99bo1 elrxym
rahmanü'r-rahîm,rxmo99bo1 elrxym
rahmanürrahîm,rxmo99bo1 elrxym
rahmân-ür-rahîm,rxmo99bo1 elrxym
rahman-ur,rxmo99bo1 el
rahman-ür,rxmo99bo1 el
rahmden,rxmdbo1
rahmde,rxmdh
rahmetbahş,rxmbo2||bu1xo1so3
rahmeten-lil-âlemîn'e,rxmho2o44 lu4laelmybo1h
rahmeten-lil-âlemîn'in,rxmho2o44 lu4laelmybo1ko3
rahmetenlilâlemîn'in,rxmho2o44 lu4laelmybo1ko3
rahmeten-lil-âlemîn,rxmho2o44 lu4laelmybo1
rahmeten,rxmho2o44
rahmete,rxmbo2h
rahmet-feşan,rxmbo2||fo1so3ebo1
rahmetidir,rxmbo2ydr
rahmetime,rxmbo2mh
rahmetindeki,rxmbo2bo1dh||ky
rahmetinden,rxmbo2bo1dbo1
rahmetinde,rxmbo2bo1dh
rahmetindir,rxmbo2ko3dr
rahmetine,rxmbo2bo1h
rahmetinin,rxmbo2bo1ko3
rahmetini,rxmbo2bo1y
rahmetinle,rxmbo2ko3lh
rahmetin,rxmbo2ko3
rahmet-i,rxmbo2u4
rahmeti,rxmbo2y
rahmet-i uzmâ-yi ilâhiye,ro4xo0mo4bo2u4 ao9to1o0mo4ebu2u4 eu4lhu4bu2o4h
rahmet-i uzmâ-yı ilâhiye,ro4xo0mo4bo2u4 ao9to1o0mo4ebu2u4 eu4lhu4bu2o4h
rahmet-i̇ uzma-yi i̇lahi̇ye,ro4xo0mo4bo2u4 ao9to1o0mo4eyu4 eu4lٰhu4yo4h||
rahmet-i uzma-yı ilahiye,ro4xo0mo4bo2u4 ao9to1o0mo4eyu4 eu4lٰhu4yo4h||
rahmetiyle,rxmbo2ylh
rahmetlere,rxmbo2lrh
rahmetlerini,rxmbo2lrybo1y
rahmetlerin,rxmbo2lrko3
rahmetler,rxmbo2lr
rahmetle,rxmbo2lh
rahmetlik,rxmbo2lk
rahmetli,rxmbo2ly
rahmet,ro4xo0mo4bo2o0
rahmet,rxmbo2
rahmetsiniz,rxmbo2sko3ro1
rahmetsin,rxmbo2sko3
rahmetsiz,rxmbo2sro1
rahmetteki,rxmbo2dh||ky
rahmetten,rxmbo2dbo1
rahmette,rxmbo2dh
rahmettirler,rxmbo2drlr
rahmettir,rxmbo2dr
rahmetullahi,rxmho2 eellh
rahmetullah-i,rxmho2 eellhu4
rahmetullah,rxmho2 eellh
rahmetün,ro4xo0mo4ho2o99
rahminde,rxmbo1dh
rahmi'nin,rxmybo1ko3
rahminiz,rxmko3ro1
rahm-ı,rxmu4
rahmi,rxmy
rahmî,rxmy
rahmiyene,rxmyh||bo1h
rahmiyen,rxmyh||ko3
rahmi'ye,rxmy||yh
rahmi'yi,rxmy||yy
rahmleri,rxmlry
rahm,rxm
rahname,rehbo1emh||
râhname,rehbo1emh
rahnedar,rxo1bo1h||der
rahnedar,rxo1bo1h||der
rahnedâr,rxo1bo1h||der
rahnelenen,rxo1bo1h||lh||bo1bo1
rahnelere,rxo1bo1h||lrh
rahneler,rxo1bo1h||lr
rahne,ro4xo1o0bo1o4h
rahne,ro4xo1o0bo1o4h||
rahne,rxo1bo1h
rahne,rxo1bo1h||
rahnüma,rehbo1me
rah,reh||
rah,reh||
râh,reh
râh,reh||
rahşan,rxo1so3ebo1
rahşende,rxo1so3bo1dh
rahşende,rxo1so3bo1dh||
raht,rxo1bo2
rahvan gitmek,rehwebo1 kbo2mk
rahvân gitmek,rehwebo1 kbo2mk
rahvan,rehwbo1
rahvân,rehwbo1
rahvan,rehwebo1
rahvân,rehwebo1
rahvar,rehwer
rahve,rxo1wh
rahzen,rehro1bo1
râhzen,rehro1bo1
raic,rebo5xu1
râic,rebo5xu1
râic,reyo5xu1
râiha-i kerîhe,rebo5xhckrbu2hh
raiha-i kerihe,rebo5xhckryhh||
râiha-i kerihe,rebo5xh krbu2hh
raiha-i kerihe,rebo5xh kryhh||
râiha-i tayyibe,rebo5xhctbu2bu1h
raiha-i tayyibe,rebo5xhctybu1h||
raihalı,rebo5xh lw
râihalı,rebo5xh lw
raiha,rebo5xh||
râiha,rebo5xh
raik,reyo5fo2
ra'i,reay
ra'î,reay
raiyete,raybo2h
raiyetim,raybo2m
raiyetinden,raybo2bo1dbo1
raiyetine,raybo2bo1h
raiyetinin,raybo2bo1ko3
raiyetini,raybo2bo1y
raiyetiniz,raybo2ko3ro1
raiyetin,raybo2ko3
raiyeti,raybo2y
raiyetiyle,raybo2ylh
raiyetle,raybo2lh
raiyetlerine,raybo2lrybo1h
raiyet-perver,raybo2||bu3rwr
raiyetperver,ro4au4bu2o4bo2o0bu3o4ro0wo4ro0
rai̇yetperver,ro4au4yo4bo2o0bu3o4ro0wo4ro0
raiyetperver,ro4au4yo4bo2o0bu3o4ro0wo4ro0
raiyet,raybo2
raiyet,ro4au4bu2o4bo2o0
rai̇yet,ro4au4yo4bo2o0
raiyet,ro4au4yo4bo2o0
raiyetsiz,raybo2sro1
raiyetten,raybo2dbo1
raiyyetinden,raybo2bo1dbo1
raiyyetine,raybo2bo1h
raiyyetinin,raybo2bo1ko3
raiyyetini,raybo2bo1y
raiyyetin,raybo2ko3
raiyyeti,raybo2y
raiyyet,rabu2bo2
raiyyet,raybo2
raiyyetten,raybo2dbo1
rakama,rfo2mh
rakamına,rfo2mbo1h
rakamında,rfo2mbo1dh
rakamının,rfo2mbo1ko3
rakamını,rfo2mybo1y
rakamın,rfo2mko3
rakamı,rfo2my
rakamıyla,rfo2mylh
rakamlara,rfo2mlrh
rakamlardaki,rfo2mlrdh||ky
rakamla,rfo2mlh
rakamlarına,rfo2mlrybo1h
rakamlarının,rfo2mlrybo1ko3
rakamların,rfo2mlrko3
rakamları,rfo2mlry
rakamlar,rfo2mlr
rakam,rfo2m
rakamvari,rfo2m||wery
raket,rekbo2
rakibane,rfo2ybu1ebo1h
rakibaneyi,rfo2ybu1ebo1h||yy
rakîbdir,rfo2ybu1dr
rakiben,rekbu1e
râkiben,rekbu1e
rakiben,rekbu1eo44
râkiben,rekbu1eo44
râkiben,rekbu1o44e
rakibimiz,rfo2ybu1mro1
rakibinde,rfo2ybu1bo1dh
rakib'in,rfo2ybu1ko3
rakibin,rfo2ybu1ko3
rakîb'in,rfo2ybu1ko3
rakibkârane,rfo2ybu1kerebo1h
rakiblerimin,rfo2ybu1lrymko3
rakibleri,rfo2ybu1lry
rakib olmak,rekbu1 ew
râkib olmak,rekbu1 ew
rakib,rekbu1
râkib,rekbu1
rakîb,rfo2bu2bu1
rakib,rfo2ybu1
râkibsin,rekbu1sko3
rakibsîz,refo2bu2bu1sro1
rakibsiz,refo2ybu1sro1
rakibsiz,rfo2ybu1sro1
rakıcık,refo2bu2xu1fo2
rakıcık,refo2yxu1fo2
rakıcılık,refo2bu2xu1bu2lfo2
rakıcılık,refo2yxu1ylfo2
rakıcı,refo2bu2xu1y
rakıcı,refo2yxu1y
rakıdan,refo2ydbo1
rakid olmak,rekdh ew
râkid olmak,rekdh ew
rakid,rekd
râkid,rekd
rakika,rfo2yfo2h
rakikayı,rfo2yfo2h||yy
rakik,rfo2bu2fo2
rakîk,rfo2bu2fo2
rakik,rfo2yfo2
rakiktir,rfo2yfo2dr
rakım,refo2m
râkım,refo2m
râkım-ul,refo2m el
raki,refo2y
rakî,refo2y
rakı,refo2y
raki',reka
râki',reka
rakıya,refo2y||yh
rakıyb,rfo2bu2bu1
rakıyb,rfo2ybu1
rakıyı,refo2y||yy
rakkasane,rfo2o8ezebo1h
rakkas çarkı,rfo2ez xu3rxo1y
rakkase,rfo2ezh
rakkase,rfo2ezh||
rakkas,rfo2ez
rakkâs,rfo2ez
rakraka,rfo2rfo2h
raksa,rfo2zh
rakseden,rfo2z eydbo1
raksedip,rfo2z eydwbu1
raksediyorlardı,rfo2z eydyywrlrdy
raksetemek,rfo2z ebu2bo2mk
raksetemek,rfo2z eybo2mk
raks etmek,rfo2z e
rakset,rfo2z eybo2
raksettiklerini,rfo2z eybo2dklrybo1y
raksları,rfo2zlry
raks-nüma,rfo2z||bo1me
raksnüma,rfo2z||bo1me
raks,rfo2z
raks,ro4fo2o0so0
ramadı,rmedy
ramad,rmed
ramak,rmfo2
ramazan'a,rmzo1ebo1h
ramazan'daki,rmzo1ebo1dh||ky
ramazandaki,rmzo1ebo1dh||ky
ramazandan,rmzo1ebo1dbo1
ramazan'da,rmzo1ebo1dh
ramazanda,rmzo1ebo1dh
ramazane,ro4mo4zo1o4ebo1o4
ramazanımızın,rmzo1ebo1mro1ko3
ramazanımızı,rmzo1ebo1mro1y
ramazanımız,rmzo1ebo1mro1
ramazanını,rmzo1ebo1bo1y
ramazanınızı,rmzo1ebo1ko3ro1y
ramazan'ın,rmzo1ebo1ko3
ramazanın,rmzo1ebo1ko3
ramazan-ı,rmzo1ebo1u4
ramazan'ı,rmzo1ebo1y
ramazanı,rmzo1ebo1y
ramazaniyeniz,rmzo1ebo1yh||ko3ro1
ramazaniye,rmzo1ebo1bu2h
ramazaniye,rmzo1ebo1yh
ramazaniye,rmzo1ebo1yh||
ramazaniyeyi,rmzo1ebo1yh||yy
ramazan'larını,rmzo1ebo1lrybo1y
ramazanlarını,rmzo1ebo1lrybo1y
ramazanoğlu,rmzo1ebo1 ewao1ly
ramazan,rmzo1ebo1
râmeden,rem eydbo1
ram etmek,rem e
râm etmek,rem e
râmetmek,rem ebu2bo2mk
rametmek,rem eybo2mk
ramet,rem eybo2
râmetti,rem eybo2dy
ramiz,remro1
ram olmak,rem ew
râm olmak,rem ew
rampacı,rembu3exu1y
rampa,rembu3e
rampasında,rembu3esbo1dh
ram,rem
râm,rem
ra'na,rabo1e
ra’na,rabo1e
rana,rabo1e
ra'nâ,rabo1e
ranâ,rabo1e
rânâ,rabo1e
randa,rebo1dh
randa,rebo1dh||
randevu,rebo1dh||ww
randevu,rebo1dh||ww
rangoon,rebo1ao1wbo1
râ'nın,rebo1ko3
ranza,rebo1ro1e
rapora,rebu3wrh
raporda,rebu3wrdh
raporla,rebu3wrlh
raporlarına,rebu3wrlrybo1h
raporlarında,rebu3wrlrbo1dh
raporları,rebu3wrlry
raporlarıyla,rebu3wrlrylh
raporlarla,rebu3wrlrlh
raporlar,rebu3wrlr
raporlu,rebu3wrly
rapor,rebu3wr
raporuna,rebu3wrybo1h
raporundaki,rebu3wrbo1dh||ky
raporundan,rebu3wrbo1dbo1
raporunda,rebu3wrbo1dh
raporun,rebu3wrko3
raporunu,rebu3wrybo1y
raporunuz,rebu3wryko3ro1
raporu,rebu3wry
raptetmek,rbu1t ebu2bo2mk
raptetmek,rbu1t eybo2mk
raptet,rbu1t eybo2
raptiye,rbu1tbu2h
raptiye,rbu1tyh||
ra,re
râ,rec
rasadhanelerdeki,rzdxo1ebo1h||lrdh||ky
rasadhanelerde,rzdxo1ebo1h||lrdh
rasadhanelerin,rzdxo1ebo1h||lrko3
rasadhane,rzdxo1ebo1h
rasadhane,rzdxo1ebo1h||
rasadhanesine,rzdxo1ebo1h||sbo1h
rasadhanesi,rzdxo1ebo1h||sy
rasadi,rzdy
rasadî,rzdy
rasadıyla,rzdylh
rasad,ro4zo4do0
rasad,rzd
rasaneti,rzebo1bo2y
rasanetli,rzbo1bo2ly
rasânetli,rzbo1bo2ly
rasanet,rzebo1bo2
rasânet,rzebo1bo2
rasasla,rzezlh
rasas,rzez
rasathaneleri,rzdxo1ebo1h||lry
rasathane,rzdxo1ebo1h||
rasathâne,rzdxo1ebo1h
rasathanesine,rzdxo1ebo1h||sbo1h
rasathanesi,rzdxo1ebo1h||sy
rasat,rzd
ra'şedar,raso3h der
ra’şedar,raso3h der
ra'şedâr,raso3h der
ra'şe,raso3h
ra'şe,raso3h||
ra’şe,raso3h||
raşe,raso3h||
râşe,raso3h
ra'şetten,raso3bo2dbo1
rasgele,resbo2 klh
rasgele,resbo2 klh||
rasgelmek,resbo2 klmk
rasgel,resbo2 kl
raşidîn'den,reso3dybo1dbo1
raşidînden,reso3dybo1dbo1
raşidîn'e,reso3dybo1h
raşidîn'in,reso3dybo1ko3
raşidîn'i,reso3dybo1y
raşidîn,reso3dybo1
raşid,reso3d
râşid,reso3d
râsiha-i,resxo1h'u4
rasihane,resxo1ebo1h
râsihane,resxo1ebo1h
rasiha,resxo1h
râsiha,resxo1h
rasihasına,resxo1h||sbo1h
râsihaya,resxo1h||yh
rasih'in,resxo1ko3
rasihi,resxo1y
râsihi,resxo1y
rasih,resxo1
râsih,resxo1
rasi̇h,ro4esu4xo1o0
rasih,ro4esu4xo1o0
râsih,ro4esu4xo1o0
rasihtir,resxo1dr
rasîn-i,rzybo1u4
rasin,rzybo1
rasîn,rzybo1
rasıt,rezd
râsıt,rezd
raslamak,resbo2lemfo2
rasla,resbo2le
raspa,resbu3h
raspa,resbu3h||
raspataşı,resbu3h||teso3y
raspataşı,resbu3h||teso3y
rassad,rzed
râstbin,resbo2 bu1bu2bo1
rastbin,resbo2 bu1ybo1
rastgeldiğimiz,resbo2 ko7ldyko7mro1
rastgeldiğim,resbo2 ko7ldyko7m
rastgeldiğinden,resbo2 ko7ldyko7bo1dbo1
rastgeldiği,resbo2 ko7ldyko7y
rastgeldiklerine,resbo2 ko7ldklrybo1h
rastgeldikleri,resbo2 ko7ldklry
rastgeldik,resbo2 ko7ldk
rastgeldim,resbo2 ko7ldm
rastgeldi,resbo2 ko7ldy
rastgeleni,resbo2 ko7lbo1y
rastgelen,resbo2 ko7lbo1
rastgelerek,resbo2 ko7lh||rk
rastgele,resbo2 klh
rastgele,resbo2 klh||
rastgele,resbo2 ko7lh
rast gelesiye,resbo2 klh sy bu2h
rast gelesiye,resbo2 klh sy yh||
rastgelindiğinden,resbo2 ko7lybo1dyko7bo1dbo1
rastgelinememiş,resbo2 ko7lbo1h||mmso3
rastgelip,resbo2 ko7lwbu1
rastgelirken,resbo2 ko7lyrkbo1
rastgelirler,resbo2 ko7lyrlr
rastgelir,resbo2 ko7lyr
rast gelişine,resbo2 klso3bo1h
rast gelişine,resbo2 klso3bo1h||
rast geliş,resbo2 klso3
rastgeliyorlar,resbo2 ko7lyywrlr
rastgelmedim,resbo2 ko7lmh||dm
rast gelmek,resbo2 klmk
râst gelmek,resbo2 klmk
rastgelmemiş,resbo2 ko7lmh||mso3
rastgelmesi,resbo2 ko7lmsy
rastgelmesiyle,resbo2 ko7lmh||sylh
rastgelmiş,resbo2 ko7lmso3
rastgelmiştir,resbo2 ko7lmso3dr
rastgelseniz,resbo2 ko7lsh||ko3ro1
rastgelse,resbo2 ko7lsh
rastgelseydi,resbo2 ko7lsydy
rastgelsin,resbo2 ko7lsybo1
rastgu,resbo2 ko7w
râstgû,resbo2 ko7w
rastık,resbo2bu2fo2
rastık,resbo2fo2
rastık,resbo2yfo2
rastıktaşı,resbo2bu2fo2 teso3y
rastıktaşı,resbo2yfo2 teso3y
rasti,resbo2y
rastî,resbo2y
rastladığı,resbo2ledyao1y
rastlamak,resbo2lemfo2
rastlamasına,resbo2lemh||sbo1h
rastlanırsa,resbo2lebo1yrsh
rastlanmamaktadır,resbo2lebo1mh||mfo2dh||dr
rastlanmamış,resbo2lebo1memso3
rastlanmamıştır,resbo2lebo1memso3dr
rastlanmasına,resbo2lebo1mesbo1h
rastlanmayacak,resbo2lebo1myh||xu1fo2
rastlanmayan,resbo2lebo1myebo1
rastla,resbo2le
rastlar,resbo2ler
rastlayanlar,resbo2leyebo1lr
rastperverane,resbo2 bu3rwrebo1h||
râstperverâne,resbo2 bu3rwrebo1h
rast,resbo2
râst,resbo2
rasül,rswl
rasyonalist,resbu2wbo1elbu2sbo2
rasyonalist,resywbo1elysbo2
rasyonalizm,resbu2wbo2elbu2ro1m
rasyonalizm,resywbo1elyro1m
rasyonalizm,resywbo2elyro1m
rasyonel,resbu2wbo1l
rasyonel,resywbo1l
ratb,rtbu1
ratbüyabis,rtbu1 w yebu1s
ratbüyâbis,rtbu1 w yebu1s
ratibe,rebo2bu1h||
râtibe,rebo2bu1h
ratib,retbu1
ratıb,retbu1
râtib,retbu1
râtıb,retbu1
ratîb,rtbu2bu1
ratib,rtybu1
ratl,rtl
rauf,ro4wo5o9fo1o0
raûf,ro4wo5o9fo1o0
rauf,rwo5fo1
rauf,rwo5o9fo1
rauf-u,rwo5o9fo1
ravend,rewbo1d
râvend,rewbo1d
ravhı,rwxy
râvi-i,rewyo5u4
râvilerden,rewylrdbo1
râvilerinin,rewylrybo1ko3
râvilerin,rewylrko3
râvileri,rewylry
râviler,rewylr
ravi,rewy
râvi,rewy
râvisi,rewysy
râvisiyle,rewysylh
ravk-ı,rwfo2u4
ravza-i̇ mutahhara,rwzo1hc mthrh||
ravza-i mutahhara,rwzo1hc mthrh
ravza-i mutahhara,rwzo1hc mthrh||
ravza-i,rwzo1h'u4
ravza,rwzo1h
ravza,rwzo1h||
rayat,reyebo2
râyât,reyebo2
raybe,rybu1h
raybınıza,rybu1ko3ro1h
raybınız,rybu1ko3ro1
raybın,rybu1ko3
raybı,rybu1y
rayblara,rybu1lrh
rayblarının,rybu1lrybo1ko3
rayblarını,rybu1lrybo1y
raybları,rybu1lry
rayb,ro4bu2o0bu1o0
rayb,ro4yo0bu1o0
rayb,rybu1
râyegân,rebu2ko7ero1
rayegan,reyko7ero1
rayet-i,reybo2u4
râyet-i,reybo2u4
rayet,reybo2
râyet,reybo2
raygan,reyko7ebo1
râygân,reyko7ebo1
râyic,rebu2xu1
rayic,reyxu1
râyic,reyxu1
rayihadan,reyxh||dbo1
rayihadar,reyxh der
râyihadar,reyxh der
rayiha-i,reyxh'u4
rayihalandıran,reyxh||lbo1dyrebo1
râyihalı,rebu2xh||ly
rayihalı,reyxh||ly
rayihalı,reyxh||ly
rayihanın,reyxh||bo1ko3
râyiha,rebu2xh
rayiha,reyxh
rayiha,reyxh||
râyiha,reyxh
râyiha,ro4ebu2u4xo4h
rayi̇ha,ro4eyu4xo4h||
rayiha,ro4eyu4xo4h||
rayihasından,reyxh||sbo1dbo1
rayihasını,reyxh||sbo1y
rayihası,reyxh||sy
râyihasız,rebu2xh||sro1
rayihasız,reyxh||sro1
ray ile teslîm olmak,rey ebu2lh bo2slbu2m ew
ray ile teslim olmak,rey eylh bo2slym ew
ray istemek,rey esbo2mk
ray,rey
rây,rey
razaki,rro1efo2
razâki,rro1efo2
râze,rero1h
razı değil,rezo1y dkl
râzı değil,rezo1y dkl
razıdırlar,rezo1ydrlr
razı etmek,rezo1y e
râzı etmek,rezo1y e
râzıka,rero1fo2h
râzıkımızı,rero1fo2mro1y
râzıkınız,rero1fo2ko3ro1
râzıkları,rero1fo2lry
razık,rero1fo2
râzık,rero1fo2
râzî'nin,rero1ybo1ko3
razı olmak,rezo1y ew
râzı olmak,rezo1y ew
razı olmamak,rezo1y ewlmemfo2
râzı olmamak,rezo1y ewlmemfo2
raz-ı,rero1u4
razi,rezo1y
razı,rezo1y
râzi,rezo1y
râzı,rezo1y
razî'ye,rero1y||yh
râzî'ye,rero1y||yh
razıyım,rezo1y||ym
râzıyım,rezo1y||ym
razıyız,rezo1y||yro1
raziyy-il,rezo1yy el
raz,rero1
râz,rero1
razzak,rro1efo2
rca,rxu1h
rd,rwd
realist,rh||eo6lbu2sbo2
realist,rh||eo6lysbo2
realist,ro4h||eo6lysbo2
reâya,raebu2e
reaya,raeye
reâya,raeye
rebab,rbu1ebu1
rebâb,rbu1ebu1
rebî',rbu1bu2a
rebi',rbu1ya
rebi’,rbu1ya
rebîul’âhir,rbu1bu2a eleo6xo1r
rebiul’ahir,rbu1ya eleo6xo1r
rebiülâhir,rbu1ya eleo6xo1r
rebîülevvel,rbu1bu2a elewl
rebiülevvel,rbu1ya elewl
rebi'-ül,rbu1ya el
recanın,rxu1ebo1ko3
reca,ro4xu1o4e
recâ,ro4xu1o4e
reca,rxu1e
recâ,rxu1e
recaya,rxu1eyh
recayı,rxu1eyy
receb'in,rxu1bu1ko3
receb-i,rxu1bu1u4
receb,rxu1bu1
reçelini yapmak,rxu3lbo1y bu2ebu3mfo2
reçelini yapmak,rxu3lbo1y yebu3mfo2
reçel olmak,rxu3l ew
reçel,rxu3l
reçeteci,rxu3bo2h||xu1y
reçetedir,rxu3bo2h||dr
reçete,rxu3bo2h
reçete,rxu3bo2h||
reçetesini,rxu3bo2h||sbo1y
reçetesi,rxu3bo2h||sy
reçetesiz,rxu3bo2h||sro1
reçeteyi,rxu3bo2h||yy
recim,rxu1m
reçineli,rxu3bu2bo1h||ly
reçineli,rxu3ybo1h||ly
reçine,rxu3bu2bo1h
reçine,rxu3ybo1h||
reciz,rxu1ro1
recmedebilirler,rxu1m eydh||bu1ylyrlr
recmeden,rxu1m eydbo1
recmedilmelerini,rxu1m eydylmlrybo1y
recmedilmesiyle,rxu1m eydylmsylh
recmedip,rxu1m eydwbu1
recm etmek,rxu1m e
recmetmek,rxu1m ebu2bo2mk
recmetmek,rxu1m eybo2mk
recmet,rxu1m eybo2
recmine,rxu1mbo1h
recm-i,rxu1mu4
recm,rxu1m
recül-i,rxu1lu4
recül-i siyasî,rxu1l sbu2esy
recül-i̇ si̇yasi̇,rxu1l syesy
recül-i siyasi,rxu1l syesy
recüliyet,rxu1wlbu2bo2
reculiyet,rxu1wlybo2
recüliyet,rxu1wlybo2
recüliyyet,rxu1lbu2bo2
recüliyyet,rxu1lybo2
recül,rxu1l
recül-ü,rxu1lu4
redaet,rdebo5bo2
redâet,rdebo5bo2
reddedeceğim,rdo8 eydh||xu1ko7m
reddedecek,rdo8 eydh||xu1k
reddedemez,rdo8 eydh||mro1
reddedemiyorum,rdo8 eydh||myywrm
reddeden,rdo8 eydbo1
reddederdim,rdo8 eydrdm
reddede,rdo8 eydh
reddederek,rdo8 eydh||rk
reddederim,rdo8 eydrm
reddederiz,rdo8 eydrro1
reddederler,rdo8 eydrlr
reddeder,rdo8 eydr
reddederse,ro4do8 eydrsh
reddedildiği,rdo8 eydyldyko7y
reddedildi,rdo8 eydyldy
reddedilecekler,rdo8 eydylh||xu1klr
reddedilen,rdo8 eydylbo1
reddedilir,rdo8 eydylyr
reddedilmedi,rdo8 eydylmh||dy
reddedilmemektedir,rdo8 eydylmh||mkdh||dr
reddedilmemiş,rdo8 eydylmh||mso3
reddedilmeyecek,rdo8 eydylmyh||xu1k
reddedilmez,rdo8 eydylmro1
reddedilmiş,rdo8 eydylmso3
reddedilmiştir,rdo8 eydylmso3dr
reddedilse,rdo8 eydylsh
reddedilsin,rdo8 eydylsybo1
reddediniz,rdo8 eydyko3ro1
reddedip,rdo8 eydwbu1
reddediyor,rdo8 eydyywr
reddediyorsun,rdo8 eydyywrsko3
reddediyorsunuz,ro4do8 eydyywrsko3ro1
reddediyorum,rdo8 eydyywrm
reddediyoruz,rdo8 eydyywrro1
redde,rdo8h
reddetemek,rdebu2bo2mk
reddetemek,rdeybo2mk
reddetmediğimi,rdo8 eybo2mdyko7my
reddetmediği,rdo8 eybo2mdyko7y
reddetmedikleri,rdo8 eybo2mdklry
reddetmekle,rdo8 eybo2mklh
reddetmekliğim,rdo8 eybo2mklko7m
reddetmekliği,rdo8 eybo2mklko7y
redd etmek,rde
reddetmek,rdo8 eybo2mk
reddetmektedir,rdo8 eybo2mkdh||dr
reddetmektir,rdo8 eybo2mkdr
reddetmeleridir,rdo8 eybo2mh||lrydr
reddetmemek,rdo8 eybo2mh||mk
reddetmemiş,rdo8 eybo2mh||mso3
reddetmenin,rdo8 eybo2mh||bo1ko3
reddetmesi,rdo8 eybo2mh||sy
reddetmeyen,rdo8 eybo2mh||ybo1
reddetmeyip,rdo8 eybo2mh||ywbu1
reddetmeyi,rdo8 eybo2mko7y
reddetmişim,rdo8 eybo2mso3m
reddetmişim,rdo8 eybo2myso3m
reddetmişler,rdo8 eybo2mso3lr
reddetmişlerse,rdo8 eybo2mso3lrsh
reddetmiş,rdo8 eybo2mso3
reddetmiştir,rdo8 eybo2mso3dr
reddet,rdeybo2
reddetsem,rdo8 eybo2sh||m
reddetse,rdo8 eybo2sh
reddetsin,rdo8 eybo2sybo1
reddettiğim,rdo8 eybo2dyko7m
reddettiğinden,rdo8 eybo2dyko7bo1dbo1
reddettiğini,rdo8 eybo2dyko7bo1y
reddettiği,rdo8 eybo2dyko7y
reddettikleri,rdo8 eybo2dklry
reddettim,rdo8 eybo2dm
reddetti,rdo8 eybo2dy
reddeylemiş,rdo8 eo5ylh||mso3
reddile,rdo8 eylh
redd-i̇ müdahale,ro4du4o8 mo9do4exo1o4lo4h||
redd-i müdahale,ro4du4o8 mo9do4exo1o4lo4h||
redd-i müdâhale,ro4du4o8 mo9do4exo1o4lo4h
reddine,rdo8ybo1h
reddinizi,rdo8yko3ro1y
redd-i,rdo8u4
reddir,rddr
reddiyle,rdo8ylh
reddolmaz,rdo8 ewlmero1
reddolunmaz,rdo8 ewlwbo1mero1
redd,rd
redd,rdo8
redd-ül,rdo8 el
red etmek,rde
redîf askeri,rdbu2fo1 askry
redif askeri,rdyfo1 askry
redif,rdbu2fo1
redif,rdyfo1
redm-i,rdmu4
red,rd
red,rdo8
ree,ryo5h
refahet,rfo1ehbo2
refahet,ro4fo1o4eho4bo2o0
refahette,rfo1ehbo2dh
refah hali olmak,rfo1eh xely ew
refâh hâli olmak,rfo1eh xely ew
refahını,rfo1ehbo1y
refahı,rfo1ehy
refahiye,rfo1ehyh||
refâhiyyet,rfo1ehbu2bo2
refahiyyet,rfo1ehybo2
refahlarını,rfo1ehlrybo1y
refah,rfo1ec
refah,rfo1eh
refah,rfo1eh||
refâh,rfo1eh
refakata,rfo1efo2bo2h
refakat etmek,rfo1efo2bo2 e
refâkat etmek,rfo1efo2bo2 e
refakatinde,rfo1efo2bo2bo1dh
refakat-ı,rfo1efo2bo2u4
refakatı,rfo1efo2bo2y
refakatıyla,rfo1efo2bo2ylh
refakatla,rfo1efo2bo2lh
refakatlarına,rfo1efo2bo2lrybo1h
refakatlarını,rfo1efo2bo2lrybo1y
refakatlerine,rfo1efo2bo2lrybo1h
refakat,rfo1efo2bo2
refâkat,rfo1efo2bo2
refakat,ro4fo1o4efo2o4bo2o0
refâkat,ro4fo1o4efo2o4bo2o0
refakattan,rfo1efo2bo2dbo1
refakatten,rfo1efo2bo2dbo1
ref'eder,rfo1a eydr
ref'edip,rfo1a eydwbu1
ref'ediyor,rfo1a eydyywr
referandum,rh||fo1h||rh||bo1dwm
referandum,rh||fo1h||rh||bo1dwm
ref'e,rfo1ah
re'fet'e,reo5fo1bo2h
re'fetine,reo5fo1bo2bo1h
re'fetini,reo5fo1bo2bo1y
re'fet'in,reo5fo1bo2ko3
re'fet-i rabbaniye,ro4eo5o0fo1o4bo2u4 ro4bu1o4o8ebo1u4bu2o4h
re'fet-i̇ rabbani̇ye,ro4eo5o0fo1o4bo2u4 ro4bu1o4o8ebo1u4yo4h||
re'fet-i rabbaniye,ro4eo5o0fo1o4bo2u4 ro4bu1o4o8ebo1u4yo4h||
re'fet-i,reo5fo1bo2u4
re'fet'i,reo5fo1bo2y
re'feti,reo5fo1bo2y
re'fetiyle,reo5fo1bo2ylh
re'fetkârane,reo5fo1bo2kerebo1h
re'fetkarane,ro4eo5o0fo1o4bo2o0ko4ero4ebo1o4h||
re'fetkârâne,ro4eo5o0fo1o4bo2o0ko4ero4ebo1o4h
refetli,reo5fo1bo2lw
re'fetli,reo5fo1bo2ly
ref' etmek,rfo1a e
ref’etmek,rfo1a ebu2bo2mk
ref'etmek,rfo1a eybo2mk
ref’etmek,rfo1a eybo2mk
ref'etmektir,rfo1a eybo2mkdr
ref'etmeye,rfo1a eybo2mko7h
re'fet,reo5fo1bo2
re’fet,reo5fo1bo2
refet,reo5fo1bo2
ref’et,rfo1a eybo2
re'fet,ro4eo5o0fo1o4bo2o0
ref'etse,rfo1a eybo2sh
ref'etsin,rfo1a eybo2sybo1
re'fet'ten,reo5fo1bo2dbo1
ref'etti,rfo1a eybo2dy
refet'tir,reo5fo1bo2dr
reff,rfo1
refia,rfo1yah
refika-i,rfo1yfo2h'u4
refikama,rfo1yfo2h||mh
refîka,rfo1bu2fo2h
refika,rfo1yfo2h
refika,rfo1yfo2h||
refîka,ro4fo1bu2fo2o4h
refi̇ka,ro4fo1۪yfo2o4h||
refika,ro4fo1۪yfo2o4h||
refikasına,rfo1yfo2h||sbo1h
refikasının,rfo1yfo2h||sbo1ko3
refikasını,rfo1yfo2h||sbo1y
refikası,rfo1yfo2h||sy
refikasıyla,rfo1yfo2h||sylh
refikaya,rfo1yfo2h||yh
refike,rfo1yfo2h
refikidir,rfo1yfo2ydr
refikimiz,rfo1yfo2mro1
refikim,rfo1yfo2m
refik-i,rfo1yfo2u4
refiki,rfo1yfo2y
refiklerimden,rfo1yfo2lrmdbo1
refiklerine,rfo1yfo2lrybo1h
refiklerinin,rfo1yfo2lrybo1ko3
refiklerini,rfo1yfo2lrybo1y
refikleriyle,rfo1yfo2lrylh
refik,rfo1bu2fo2
refîk,rfo1bu2fo2
refik,rfo1yfo2
refîk,ro4fo1u4bu2fo2o0
refi̇k,ro4fo1u4yfo2o0
refik,ro4fo1u4yfo2o0
ref'ine,rfo1abo1h
ref'-i,rfo1au4
ref'i,rfo1ay
refi,rfo1bu2a
refî,rfo1bu2a
refî',rfo1bu2a
refi,rfo1ya
refi',rfo1ya
refi’,rfo1ya
ref'iyle,rfo1aylh
reflektör,rh||fo1lkbo2wr
reflektör,rh||fo1lkbo2wr
ref'olurdu,rfo1a ewlwrdy
reform,rh||fo1wrm
reform,rh||fo1wrm
refref'e,rfo1rfo1h
ref,rfo1a
ref',rfo1a
ref’,rfo1a
reftar,rfo1bo2er
reftâr,rfo1bo2er
reft,rfo1bo2
regaibdeki,rao1eyo5bu1dh||ky
regaib'den,rao1eyo5bu1dbo1
regaib'e,rao1eyo5bu1h
regaib'inizi,rao1eyo5bu1ko3ro1y
regaibinizi,rao1eyo5bu1ko3ro1y
regaib'in,rao1eyo5bu1ko3
regaib'i,rao1eyo5bu1y
regaib,rao1ebo5bu1
regâib,rao1ebo5bu1
regaib,rao1eyo5bu1
reg,rk
reg,rko7
regzen,rko7 ro1bo1
rehakar,rheker
rehâkâr,rheker
reha,rhe
rehâ,rhe
rehasından,rhesbo1dbo1
rehavetkar,rxo1ewbo2ker
rehavetkâr,rxo1ewbo2ker
rehavet,ro4xo1o4ewo4bo2o0
rehâvet,ro4xo1o4ewo4bo2o0
rehavet,rxo1ewbo2
rehâvet,rxo1ewbo2
rehavi,rhewy
rehâvî,rhewy
rehber'deki,rhbu1rdh||ky
rehber'den,rhbu1rdbo1
rehber'de,rhbu1rdh
rehber'dir,rhbu1rdr
rehberdir,rhbu1rdr
rehber'e,rhbu1rh
rehbere,rhbu1rh
rehber-i̇ ekmel,ro4ho0bu1o4ru4 eo4ko0mo4lo0
rehber-i ekmel,ro4ho0bu1o4ru4 eo4ko0mo4lo0
rehberimizdir,rhbu1rymro1dr
rehberimiz,rhbu1rymro1
rehberim,rhbu1rm
rehberi'ndeki,rhbu1rbo1dh||ky
rehberi'nden,rhbu1rbo1dbo1
rehberi'nde,rhbu1rbo1dh
rehberinde,rhbu1rbo1dh
rehberi'ne,rhbu1rybo1h
rehberi'nin,rhbu1rybo1ko3
rehberi'ni,rhbu1rybo1y
rehberiniz,rhbu1ryko3ro1
rehber'in,rhbu1rko3
rehberin,rhbu1rko3
rehber-i,rhbu1ru4
rehber'i,rhbu1ry
rehberi,rhbu1ry
rehberisin,rhbu1rysko3
rehberlerdir,rhbu1rlrdr
rehberlerimiz,rhbu1rlrymro1
rehberlerini,rhbu1rlrybo1y
rehberlerin,rhbu1rlrko3
rehberleri,rhbu1rlry
rehberler,rhbu1rlr
rehberliğinden,rhbu1rlko7bo1dbo1
rehberliğinde,rhbu1rlko7bo1dh
rehberlik,rhbu1rlk
rehberlikte,rhbu1rlkdh
rehber,rhbu1ebo1
rehber,rhbu1r
rehbersizlikten,rhbu1rsro1lkdbo1
rehber-üş,rhbu1r el
rehgüzar,rhko7do1er
rehgüzâr,rhko7do1er
rehîne koymak,rhbu2bo1h fo2wmfo2
rehine koymak,rhybo1h fo2wmfo2
rehine,rhbu2bo1h
rehine,rhybo1h||
rehîne vermek,rhbu2bo1h wbu2rmk
rehine vermek,rhybo1h wyrmk
rehin,rhbo1
rehîn,rhbu2bo1
rehin,rhybo1
rehn,rhbo1
rehnüma,rhbo1me
rehnüma,rh||bo1me
rehnümâ,rhbo1me
reh,reh
reh,reh||
reh,rh
reh,rh||
reh,rh||
reisden,ryo5ysdbo1
reise,ryo5ysh
reisicumhur'a,ryo5ysu4 xu1mhwrh
reisicumhura,ryo5ysu4 xu1mhwrh
reisicumhurda,ryo5ysu4 xu1mhwrdh
reisicumhur,ryo5ysu4||xu1mhwr
reisicumhur,ryo5ysu4 xu1mhwr
reisicumhur'un,ryo5ysu4 xu1mhwrko3
reisicumhurun,ryo5ysu4 xu1mhwrko3
reisidir,ryo5ysydr
reîs-i meclis,rbo5bu2s mxu1ls
reis-i meclis,rbo5ys mxu1ls
reisimize,ryo5ysmro1h
reisimiz,ryo5ysmro1
reisi'nden,ryo5ysbo1dbo1
reisinden,ryo5ysbo1dbo1
reisi'ne,ryo5ysbo1h
reisine,ryo5ysbo1h
reisi'nin,ryo5ysbo1ko3
reisinin,ryo5ysbo1ko3
reisini,ryo5ysbo1y
reisiniz,ryo5ysko3ro1
reisin,ryo5ysko3
reis-i,ryo5ysu4
reisi,ryo5ysy
reiskar,reo5s||ker
reiskâr,reo5s||ker
reislerden,ryo5yslrdbo1
reislere,ryo5yslrh
reislerinden,ryo5yslrbo1dbo1
reislerinde,ryo5yslrbo1dh
reislerine,ryo5yslrybo1h
reislerinin,ryo5yslrybo1ko3
reislerini,ryo5yslrybo1y
reislerinizi,ryo5yslryko3ro1y
reisleriniz,ryo5yslryko3ro1
reislerin,ryo5yslrko3
reisleri,ryo5yslry
reisleriyle,ryo5yslrylh
reisler,ryo5yslr
reisle,ryo5yslh
reisliğine,ryo5yslko7bo1h
reisliği,ryo5yslko7y
reislik,ryo5yslk
reis,rbo5bu2s
reîs,rbo5bu2s
reis,rbo5ys
reis,ryo5ys
reistir,ryo5ysdr
rejime,rro3ymh
rejiminde,rro3ymbo1dh
rejimine,rro3ymbo1h
rejiminin,rro3ymbo1ko3
rejimini,rro3ymbo1y
rejimin,rro3ymko3
rejim-i,rro3ymu4
rejimi,rro3ymy
rejimlerine,rro3ymlrybo1h
rejimlerini,rro3ymlrybo1y
rejim,rh||ro3bu2m
rejim,rh||ro3ym
rejim,rro3ym
reji,rro3y
rejisör,rh||ro3bu2swr
rejisör,rh||ro3yswr
rekaabet,rfo2ebu1bo2
rekabeten,rfo2ebu1ho2o44
rekabete,rfo2ebu1bo2h
rekabet etmek,rfo2ebu1bo2 e
rekâbet etmek,rfo2ebu1bo2 e
rekabetin,rfo2ebu1bo2ko3
rekabeti,rfo2ebu1bo2y
rekabetkârane,rfo2ebu1bo2kerebo1h
rekabetle,rfo2ebu1bo2lh
rekabetlerini,rfo2ebu1bo2lrybo1y
rekabetlerin,rfo2ebu1bo2lrko3
rekabetleri,rfo2ebu1bo2lry
rekabetli,rfo2ebu1bo2ly
rekabet,rfo2ebu1bo2
rekabetsiz,rfo2ebu1bo2sro1
rekabetten,rfo2ebu1bo2dbo1
rekaik,rfo2eyo5fo2
rekaket göstermek,rkekbo2 kwsbo2rmk
rekâket göstermek,rkekbo2 kwsbo2rmk
rekaket göstermez,rkekbo2 kwsbo2r mro1
rekâket göstermez,rkekbo2 kwsbo2r mro1
rekaket,rkekbo2
rekâket,rkekbo2
rek'at,rkabo2
rekat,rkabo2
rek'atta,rkabo2dh
reklam,rh||fo2lem
reklâm,rh||fo2lem
rekolte,rh||fo2wlbo2e
rekolte,rh||fo2wlbo2e
rekor,rh||fo2wr
rekor,rh||fo2wr
rek,rk
rektör,rh||kbo2wr
rektör,rh||kbo2wr
rektör,rkbo2wr
rektörü,rkbo2wry
rekz etmek,rkro1e
rekz,rkro1
remadı,rmedy
remad,rmed
remel,rml
remîde,rmbu2dh
remide,rmydh||
remil,rml
remiz'deki,rmro1dh||ky
remizden,rmro1dbo1
remiz'de,rmro1dh
remizde,rmro1dh
remizdir,rmro1dr
remizlerde,rmro1lrdh
remizlere,rmro1lrh
remizlerine,rmro1lrybo1h
remizlerinin,rmro1lrybo1ko3
remizlerini,rmro1lrybo1y
remizlerin,rmro1lrko3
remizleri,rmro1lry
remizleriyle,rmro1lrylh
remizlerle,rmro1lrlh
remiz'le,rmro1lh
remizler,rmro1lr
remizli,rmro1ly
remiz,rmro1
remi̇z,ro4mu4ro1o0
remiz,ro4mu4ro1o0
reml,rml
remmal,rmel
remy etmek,rmy e
remzeden,rmro1 eydbo1
remzeder,rmro1 eydr
remzedip,rmro1 eydwbu1
remzediyor,rmro1 eydyywr
remzen,rmro1o44e
remzen,ro4mo0ro1o44e
remze,rmro1h
remzettiğine,rmro1 eybo2dyko7bo1h
remzettiği,rmro1 eybo2dyko7y
remzidir,rmro1ydr
remzîdir,rmro1ydr
remz-i̇ hi̇kmet-i̇ kai̇nat,ro4mo0ro1u4 xu4ko0mo4bo2u4 ko4ebo5u4bo1o4ebo2o0
remz-i hikmet-i kainat,ro4mo0ro1u4 xu4ko0mo4bo2u4 ko4ebo5u4bo1o4ebo2o0
remz-i hikmet-i kâinât,ro4mo0ro1u4 xu4ko0mo4bo2u4 ko4ebo5u4bo1o4ebo2o0
remz-i̇ hi̇kmet,ro4mo0ro1u4 xu4ko0mo4bo2o0
remz-i hikmet,ro4mo0ro1u4 xu4ko0mo4bo2o0
remz-i̇ kader,ro4mo0ro1u4 fo2o4do4ro0
remz-i kader,ro4mo0ro1u4 fo2o4do4ro0
remzi'ndeki,rmro1bo1dh||ky
remzinden,rmro1bo1dbo1
remzi'nde,rmro1bo1dh
remzinde,rmro1bo1dh
remzi'ne,rmro1ybo1h
remzinin,rmro1ybo1ko3
remzini,rmro1ybo1y
remz-i̇ ni̇zam,ro4mo0ro1u4 bo1u4to1o4emo0
remz-i nizam,ro4mo0ro1u4 bo1u4to1o4emo0
remz-i nizâm,ro4mo0ro1u4 bo1u4to1o4emo0
remzin,rmro1ko3
remz-i,rmro1u4
remzi,rmro1y
remzî,rmro1y
remzî,ro4mo0ro1bu2
remzi̇,ro4mo0ro1۪y
remzi,ro4mo0ro1۪y
remziye,rmro1yh
remziyeyi,rmro1yh||yy
remziyle,rmro1ylh
remz,rmro1
renaud,rbo1eyo5d
rencberlik,rbo1xo1bu1rlk
rencber,rbo1xu1bu1r
rençber,rbo1xu1bu1r
rencîde etmek,rbo1xu1bu2dh e
rencide etmek,rbo1xu1ydh e
rencîde,rbo1xu1bu2dh
rencide,rbo1xu1 dydh||
rencîde,rbo1xu1 dydh
rencide,rbo1xu1ydh
rencide,rbo1xu1ydh||
rencîde,rbo1xu1ydh
rencide,ro4bo1o0xu1bu2do4h
rencîde,ro4bo1o0xu1bu2do4h
renci̇de,ro4bo1o0xu1۪ydo4h||
rencide,ro4bo1o0xu1۪ydo4h||
renciş etmek,rbo1xu1so3 e
renciş,rbo1xu1so3
renc,rbo1xu1
rencur,rbo1xu1wr
rencûr,rbo1xu1wr
rendeçlenmesi,rbo1dxu3lbo1msy
rendeçler,rbo1dxu3lr
rende ile almak,rbo1dh ebu2lh elmfo2
rende ile almak,rbo1dh eylh elmfo2
rendelemek,rbo1dh||lh||mk
rendelemek,rbo1dh||lh||mk
rendelemek,rbo1dh lmk
rendelenmek,rbo1dh||lbo1mk
rendelenmek,rbo1dh||lbo1mk
rendelen,rbo1dh||lbo1
rendele,rbo1dh||lh||
rendeleyen,rbo1dh||lh||ybo1
rende,rbo1dh
rende,rbo1dh||
rendeşler,ro4bo1o0do4so3o0lr
rende talaşı,rbo1dh tleso3y
rengârenginden,rbo1ko7erbo1ko7bo1dbo1
rengareng,rbo1ko7erbo1ko7
rengâreng,rbo1ko7erbo1ko7
rengârenkleri,rbo1ko7erbo1klry
rengarenk,rbo1ke rbo1k
rengârenk,rbo1ke rbo1k
rengarenk,rbo1ko7erbo1k
rengârenk,rbo1ko7erbo1k
renginden,rbo1ko7bo1dbo1
renginde,rbo1ko7bo1dh
rengine,rbo1ko7bo1h
rengînine,rbo1ko7ybo1bo1h
renginin,rbo1ko7bo1ko3
rengini,rbo1ko7bo1y
rengin,rbo1ko7bu2bo1
rengin,rbo1ko7ko3
rengin,rbo1ko7ybo1
rengîn,rbo1ko7ybo1
rengi,rbo1ko7y
rengiyle,rbo1ko7ylh
reng,rbo1ko7
renkçe,rbo1kxu1h
renklemek,rbo1klh||mk
renklemek,rbo1klh||mk
renklenmek,rbo1klbo1mk
renklen,rbo1klbo1
renklense,rbo1klbo1sh
renkle,rbo1klh||
renklerde,rbo1klrdh
renklere,rbo1klrh
renklerinden,rbo1klrbo1dbo1
renklerine,rbo1klrybo1h
renklerinin,rbo1klrybo1ko3
renklerin,rbo1klrko3
renkleri,rbo1klry
renkleriyle,rbo1klrylh
renklerle,rbo1klrlh
renkler,rbo1klr
renkli badana,rbo1kly bu1edebo1h
renkli badana,rbo1kly bu1edebo1h||
renkli,rbo1kly
renk,rbo1k
renk renk,rbo1k rbo1k
renk,ro1bo1k
renksizdir,rbo1ksro1dr
renksiz,rbo1ksro1
renkte,rbo1kdh
renk vermek,rbo1k wbu2rmk
renk vermek,rbo1k wyrmk
rennan,rbo1ebo1
rennân,rbo1ebo1
reno,rh||bo1w
republic,ro4bu3o9wbu1o0lyk
re,r
re,rh
re,rh||
reşad'a,rso3edh
reşadet-penah,rso3edbo2||bu3bo1eh
reşad'ın,rso3edko3
reşadiye,rso3edyh||
reşad,rso3ed
resail-in,rseyo5l el
resailin,rseyo5lko3
resail-i,rseyo5lu4
resaili,rseyo5ly
resail,rsebo5l
resâil,rsebo5l
resail,rseyo5l
resail-ün,rseyo5l el
resanetini,rzebo1bo2bo1y
resaneti,rzebo1bo2y
resa,rse
resâ,rse
reşaşat,rso3eso3ebo2
re'sde olan,reo5sdh ewlebo1
reşehatına,rso3xebo2bo1h
reşehat-ı,rso3xebo2u4
reşehatı,rso3xebo2y
reşehat,rso3xebo2
reşehat,rso3xebo2y
re'sen,reo5se
re’sen,reo5se
re’sen,reo5seo44
reseptör,rh||sh||bu3bo2wr
reseptör,rh||sh||bu3bo2wr
re'se,reo5sh
reşha'dan,rso3xh||dbo1
reşha'da,rso3xh||dh
reşhalarıdır,rso3xh||lrydr
reşhalarına,rso3xh||lrybo1h
reşhalarını,rso3xh||lrybo1y
reşhaları,rso3xh||lry
reşhalar,rso3xh||lr
reşha-misal,rso3xh||mbo3el
reşha'nın,rso3xh||bo1ko3
reşha,ro4so3o0xo4h
reşha,ro4so3o0xo4h||
reşha,rso3xh
reşha,rso3xh||
reşhasıdır,rso3xh||sydr
reşhasında,rso3xh||sbo1dh
reşhası,rso3xh||sy
reşhaya,rso3xh||yh
reşha'yı,rso3xh||yy
reşhayı,rso3xh||yy
reşid,rso3bu2d
reşîd,rso3bu2d
reşid,rso3yd
resimci,rsmxu1y
re'simin,reo5smko3
resimlerine,rsmlrybo1h
resimlerini,rsmlrybo1y
resimleri,rsmlry
resimler,rsmlr
resimli,rsmly
re'sim,reo5sm
resim,rsm
resimsiz,rsmsro1
resim yapmak,rsm bu2ebu3mfo2
resim yapmak,rsm yebu3mfo2
re's-i,reo5su4
re'si,reo5sy
re'skârlarına,reo5skerlrybo1h
reşkaver,rso3k eo6wr
reşkâver,rso3k eo6wr
reşk,rso3k
re'sleridir,reo5slrydr
re'sleri,reo5slry
resm elbisesi,rsm elbu1sh sy
resmen icra etmek,rsmeo44 exu1re e
resmen icrâ etmek,rsmeo44 exu1re e
resmen,rsme
resmen,rsmeo44
resmen,rsmo44e
resme,rsmh
resmetmeğe,rsm eybo2mko7h
resm etmek,rsm e
resmi gümrük,rsm kmrk
resm-i hoş amedi,rsm xo1wso3 emdy
resm-i hoş âmedî,rsm xo1wso3 emdy
resm-i hoş âmedîyi icrâ etmek,rsm xo1wso3 emdy bu2y exu1re e
resm-i hoş amediyi icra etmek,rsm xo1wso3 emdy yy exu1re e
resm-i ibadet,rsm abu1edbo2
resm-i ibâdet,rsm abu1edbo2
resm-i̇ küşad,rsm kso3ed
resm-i küşad,rsm kso3ed
resm-i küşâd,rsm kso3ed
resmîleri,rsmylry
resmîler,rsmylr
resmîleşmesidir,rsmylso3mh||sydr
resm-i müsennem,rsm msbo1m
resmin ilk basılan nüshaları,rsmk elk bu1ezlebo1 bo1sxo1h lry
resmini,rsmbo1y
resmin,rsmko3
resmi olmak,rsmy ew
resm-i,rsmu4
resmi,rsmy
resmî,rsmy
resm-i tayîn etmek,rsm bo2abu2bu2bo1 e
resm-i tayin etmek,rsm bo2ayybo1 e
resmiyede,rsmyh||dh
resmiyeleri,rsmyh||lry
resmiye,rsmyh
resmiyete,rsmybo2h
resmiyet,rsmbu2bo2
resmiyet,rsmybo2
resmiyeye,rsmyh||yh
resmiyle,rsmylh
resmiyyetini icrâ etmek,rsmbu2ebo2bo1y exu1re e
resmiyyetini icra etmek,rsmyebo2bo1y exu1re e
resmiyyet,rsmbu2bo2
resmiyyet,rsmybo2
resm (resim),rsm
resm,rsm
resm yapmak,rsm bu2ebu3mfo2
resm yapmak,rsm yebu3mfo2
re's,reo5s
re’s,reo5s
re's,ro4eo5o0so0
ressamlık,rso8emlfo2
ressam,rsem
ressâm,rsem
ressam,rso8em
re'ss,rebo5s
re'sten,reo5sdbo1
resulallahi,rswl eellhu4
resulallah,rswl eellh
re’sülayn,reo5selaybo1
resuldeki,rswldh||ky
resulden,rswldbo1
resuldür,rswldr
resule,rswlh
resul-i,rswlu4
resûl-i,rswlu4
resullerce,rswllrxu1h
resullerden,rswllrdbo1
resullerdensin,rswllrdbo1sko3
resullere,rswllrh
resullerin,rswllrko3
resûllerin,rswllrko3
resuller,rswllr
re'sülmal,reo5s elmel
re’sülmal,reo5s||elmel
re’sülmal,reo5s elmel
res-ül-mal,reo5s elmel
re’sülmâl,reo5s||elmel
res-ül-mâl,reo5s elmel
re's-ül,reo5s el
resul,ro4so9wlo0
resûl,ro4so9wlo0
resul,rswl
resûl,rswl
resulsün,rswlsko3
resulüdür,rswlydr
resulullah'a,rswl ello8h||h
resulullah'ın,rswl ello8h||ko3
resulullah,rswl eellh
resûlullah,rswl eellh
resulullah,rswl ello8h
resulullah,rswl ello8ٰh||
resulullah,rswl ello8o99h||
resulullahtır,rswl eellhdr
resulüm,rswlm
resulünden,rswlbo1dbo1
resulüne,rswlbo1h
resul'ün,rswlko3
resulün,rswlko3
resulünün,rswlbo1ko3
resulünü,rswlbo1y
resul-u,rswlu4
resul-ü,rswlu4
resulü,rswly
resûlü,rswly
retküfetk,rbo2fo2 w fo1bo2fo2
retuş,rh||bo1wso3
retuş,rh||bo1wso3
revabıtını,rwebu1tbo1y
revabıt-ı,rwebu1tu4
revabıtı,rwebu1ty
revabıt,rwebu1t
revâbıt,rwebu1t
revacına,rwexu1bo1h
revacını,rwexu1bo1y
revacı,rwexu1y
revaclandırmak,rwexu1lebo1dbu2rmfo2
revaclandırmak,rwexu1lebo1dyrmfo2
revaclandır,rwexu1lebo1dyr
revaçları,rwexu1lry
revaclı,rwexu1ly
revaçlı,rwexu1ly
revac,rwexu1
revaç,rwexu1
revaçsızlıkla,rwexu1sro1lfo2lh
revacsızlık,rwexu1ssro1lfo2
revacsız,rwexu1ssro1
revaçta,rwexu1dh
revaih-i,rweyo5xu4
revak-ı,rwefo2u4
revâk-ı,rwefo2u4
revak,rwefo2
revana,rwebo1h
revanım,rwebo1m
revani,rwebo1y
revânî,rwebo1y
revanıyla,rwebo1ylh
revan,ro4wo4ebo1o0
revân,ro4wo4ebo1o0
revan,rwebo1
revân,rwebo1
reva,rwe
revâ,rwe
revatibinde,rwebo2bu1bo1dh
revatib,rwebo2bu1
revayih-ı,rweyxu4
reverans,rh||wh||rebo1s
reverans,rh||wh||rebo1s
revgan-ı sade,rwao1bo1 sedh||
revgan-ı sâde,rwao1bo1 sedh
revgan,rwao1bo1
revh,rwx
reviş,rwso3
reviş,rwso3bo1
revnakbahş,rwbo1fo2 bu1xo1so3
revnakdardır,rwbo1fo2derdr
revnakdâr,ro4wo0bo1fo2der
revnakdar,rwbo1fo2der
revnaklı,rwbo1fo2lw
revnaklı,rwbo1fo2ly
revnak,ro4wbo1fo2
revnak,rwbo1fo2
revnâk,rwbo1fo2
revnaktar,rwbo1fo2der
revnekdar,rwbo1fo2der
revü,rh||ww
revü,rh||ww
revyo,rh||wyw
revzat-ı,rwzo1ebo2u4
revzen,rwro1bo1
reybî,rbu2bu1y
reybi,rybu1y
reyb,rbu2bu1
reyb,rybu1
reyhanı,ryxebo1y
reyhânı,ryxebo1y
reyhanlar,ryxebo1lr
reyhan,ryxebo1
re'yile,reo5yylh
re'yimin,reo5ymko3
re'yimi,reo5ymy
re'yim,reo5ym
re'yine menût olmak,reo5bu2bo1h mbo1wt ew
re'yine menut olmak,reo5ybo1h mbo1wt ew
re'yine,reo5ybo1h
re'yini,reo5ybo1y
re'yinize,reo5yko3ro1h
re'yinizi,reo5yko3ro1y
re'yiniz,reo5yko3ro1
re'yin,reo5yko3
reyin,reo5yko3
re'y-i,reo5yu4
re'yi,reo5yy
rey istemek,rey esbo2mk
re'ylerine,reo5ylrybo1h
re'ylerinin,reo5ylrybo1ko3
re'ylerinizi,reo5ylryko3ro1y
re'yleri,reo5ylry
reyleri,reo5ylry
re'y,reo5y
re’y,reo5y
rey,reo5y
rey,rey
re'y-ül-ayn müşâhede etmek,reo5y elabu2bo1 mso3ehdh e
re'y-ül-ayn müşahede etmek,reo5y elaybo1 mso3ehdh e
re'y-ül,reo5y el
reyyan,ryo8ebo1
rezailden,rdo1eyo5ldbo1
rezaili,rdo1eyo5ly
rezail,rdo1ebo5l
rezâil,rdo1ebo5l
rezail,rdo1eyo5l
rezalete,rdo1elbo2h
rezaletine,rdo1elbo2bo1h
rezaletin,rdo1elbo2ko3
rezaletinyuvası,rdo1elbo2ko3 ywwesy
rezalet-i,rdo1elbo2u4
rezaleti,rdo1elbo2y
rezaletle,rdo1elbo2lh
rezaletlere,rdo1elbo2lrh
rezaletlerini,rdo1elbo2lrybo1y
rezaletlerin,rdo1elbo2lrko3
rezaletleriyle,rdo1elbo2lrylh
rezaletli,rdo1elbo2ly
rezalet,rdo1elbo2
rezâlet,rdo1elbo2
rezalet,ro1do1elbo2
rezâlet,ro1do1elbo2
rezaletteki,rdo1elbo2dh||ky
rezeleyi,ro4do1o4lh||yy
reze,rro1h
reze,rro1h||
rezilanede,rdo1ylebo1h||dh
rezileden,rdo1ylh||dbo1
rezîleden,rdo1ylh||dbo1
rezilenin,rdo1ylh||bo1ko3
rezîlenin,rdo1ylh||bo1ko3
rezile,rdo1ylh
rezilesinden,rdo1ylh||sbo1dbo1
rezilesinin,rdo1ylh||sbo1ko3
rezilesi,rdo1ylh||sy
reziletin,rdo1ylbo2ko3
rezîl etmek,rdo1bu2l e
rezil etmek,rdo1yl e
rezilet,rdo1ylbo2
rezileye,rdo1ylh||yh
rezileyi,rdo1ylh||yy
rezîl olmak,rdo1bu2l e
rezil olmak,rdo1yl e
rezil,rdo1bu2l
rezîl,rdo1bu2l
rezil,rdo1yl
rezîl,rdo1yl
rezm-i,rro1mu4
rez,rro1
rezzakane,rro1o8efo2ebo1h
rezzakımdan,rro1o8efo2mdbo1
rezzakına,rro1o8efo2bo1h
rezzakından,rro1o8efo2bo1dbo1
rezzâkından,rro1o8efo2bo1dbo1
rezzak'ın,rro1o8efo2ko3
rezzak-ı,rro1o8efo2u4
rezzâk-ı,rro1o8efo2u4
rezzak'ı,rro1o8efo2y
rezzakiye,rro1o8efo2yh
rezzakiyet,rro1o8efo2ybo2
rezzakıyet,rro1o8efo2ybo2
rezzâkıyet,rro1o8efo2ybo2
rezzaklarına,rro1o8efo2lrybo1h
rezzakları,rro1o8efo2lry
rezzak,ro4ro1o4o8efo2o0
rezzâk,ro4ro1o4o8efo2o0
rezzak,rro1efo2
rezzâk,rro1efo2
rezzak,rro1o8efo2
rezzak'tır,rro1o8efo2dr
rh,rx
ria’a,rzo1h
ria’a,rzo1h||
riayeten,raeyho2o44
riâyet etmek,raebu2bo2 e
riayet etmek,raeybo2 e
riayetini,raeybo2bo1y
riâyeti olmak,raebu2bo2y ew
riayeti olmak,raeybo2y ew
riayet-i,raeybo2u4
riayeti,raeybo2y
riayetiyle,raeybo2ylh
riâyetkâr,raebu2bo2ker
riayetkar,raeybo2ker
riayetkâr,raeybo2ker
riâyetkâr,raeybo2ker
riâyet,raebu2bo2
riayet,raeybo2
riâyet,raeybo2
riâyet,ru4ao4ebu2o4bo2o0
ri̇ayet,ru4ao4eyo4bo2o0
riayet,ru4ao4eyo4bo2o0
riâyetsizlik,raebu2bo2sro1lk
riayetsizlik,raeybo2sro1lk
riayetsizliktendir,raeybo2sro1lkdbo1dr
riâyetsiz,raebu2bo2sro1
riayetsiz,raeybo2sro1
ribadan,rbu1edbo1
ribadır,rbu1edr
ribahar,rbu1exo1wer
ribâhar,rbu1exo1wer
ribaî,rbu1eyo5y
ribanın,rbu1ebo1ko3
riba,rbu1e
ribâ,rbu1e
ribat,rbu1et
ribaya,rbu1eyh
ribayı,rbu1eyy
ribh-i,rbu1xu4
rıbh-i,rbu1xu4
rıbhi,rbu1xy
ribh,rbu1x
ribv,rbu1w
ricacı,rxu1exu1y
ricâcı,rxu1exu1y
rica'da,rxu1edh
ricada,rxu1edh
rica'dır,rxu1edr
ricadır,rxu1edr
rica etmek,rxu1e e
ricâ etmek,rxu1e e
ricakârane,rxu1ekerebo1h
ricakar,rxu1eker
ricakâr,rxu1eker
ricalardaki,rxu1elrdh||ky
ricalarında,rxu1elrbo1dh
ricalarının,rxu1elrybo1ko3
ricaların,rxu1elrko3
ricaları,rxu1elry
ricalar,rxu1elr
ricalen,rxu1eleo44
ri̇cal-i̇ devlet,ru4xu1o4elu4  do4wo0lo4bo2o0
rical-i devlet,ru4xu1o4elu4  do4wo0lo4bo2o0
ricâl-i devlet,ru4xu1o4elu4  do4wo0lo4bo2o0
rical-i kibardan biri,rxu1el kbu1erdbo1 bu1ry
ricâl-i kibârdan biri,rxu1el kbu1erdbo1 bu1ry
rical-i kibardan olan,rxu1el kbu1erdbo1 ewlebo1
ricâl-i kibârdan olan,rxu1el kbu1erdbo1 ewlebo1
ricalinin,rxu1elbo1ko3
rical-i,rxu1elu4
ricali,rxu1ely
rical,rxu1el
ricâl,rxu1el
ricalullahtan,rxu1el eellhdbo1
rical-ül,rxu1el el
ricamda,rxu1emdh
ricamızdır,rxu1emro1dr
ricamız,rxu1emro1
ricam,rxu1em
ricanameyi,rxu1ebo1emh||yy
rica'nın,rxu1ebo1ko3
ricanın,rxu1ebo1ko3
rica,rxu1e
ricâ,rxu1e
ricasından,rxu1esbo1dbo1
rica'sında,rxu1esbo1dh
ricasında,rxu1esbo1dh
ricâsını kabûl etmemek,rxu1esbo1y fo2bu1wl ebu2bo2memk
ricasını kabul etmemek,rxu1esbo1y fo2bu1wl eybo2memk
ricasının,rxu1esbo1ko3
ricasını,rxu1esbo1y
ricası,rxu1esy
ricasıyla,rxu1esylh
ric'at etmek,rxu1abo2 e
ric'at-i kahkara,rxu1abo2 fo2hfo2ry
ric'at,rxu1abo2
ric’at,rxu1abo2
rica'ya,rxu1eyh
ricaya,rxu1eyh
ricayı,rxu1eyy
ric'iyye,rxu1ayo8h
rida'lardır,rdelrdr
rida,rde
ridâ,rde
rıdvan'a,rzo1webo1h
rıdvana,rzo1webo1h
rıdvan,rzo1webo1
rıdvanullahi,rzo1webo1 eellhu4
rie,rbo5h
rie,rbo5h||
rif’atlu,rfo1abo2lw
rif’atlû,rfo1abo2lw
rif'at,rfo1abo2
rif’at,rfo1abo2
rifat,rfo1abo2
rıfat,rfo1abo2
rıfk,rfo1fo2
rîg,rbu2k
rig,ryk
rîh-ı,ryxu4
rîh-i tayyar,rbu2x tbu2er
rih-i tayyar,ryx tyer
rıhlet-i,rxlbo2u4
rihlet,rxlbo2
rıhlet,rxlbo2
rîh,rbu2x
rih,ryx
rıhtım,rbu2xbo2bu2m
rıhtım,rbu2xo1bo2m
rıhtım,ryxbo2ym
rıhtım,ryxo1bo2m
rikab,rkebu1
rikâb,rkebu1
rik’at,rkabo2
rikkate,rfo2o8bo2h
rikkat getirmek,rfo2bo2 kbo2wrmk
rikkat-i cinsiye,ru4fo2o4o8bo2u4 xu1u4bo1o0su4bu2o4h
ri̇kkat-i̇ ci̇nsi̇ye,ru4fo2o4o8bo2u4 xu1u4bo1o0su4yo4h||
rikkat-i cinsiye,ru4fo2o4o8bo2u4 xu1u4bo1o0su4yo4h||
rikkat-i kalb,rfo2bo2 fo2lbu1
rikkatimden,rfo2o8bo2mdbo1
rikkatime,rfo2o8bo2mh
rikkatinden,rfo2o8bo2bo1dbo1
rikkatini,rfo2o8bo2bo1y
rikkat-i,rfo2o8bo2u4
rikkat-ı,rfo2o8bo2u4
rikkatle,rfo2o8bo2lh
rikkatlidir,rfo2o8bo2lydr
rikkatli,rfo2bo2ly
rikkatli,rfo2o8bo2ly
rikkat,rfo2bo2
rikkat,rfo2o8bo2
ri̇kkat,ru4fo2o4o8bo2o0
rikkat,ru4fo2o4o8bo2o0
rikkatten,rfo2o8bo2dbo1
rikkat-ül,rfo2o8ho2 el
rıkkıyyet,rfo2bu2bo2
rıkkıyyet,rfo2ybo2
rindlik,rbo1dlk
rind,rbo1d
risalât-ül,rselebo2 el
risalat-ün,rselebo2 el
risalât-ün,rselebo2 el
risaleciğimi,rselh||xu1ko7my
risaleciğinin,rselh||xu1ko7bo1ko3
risaleciğini,rselh||xu1ko7bo1y
risaleciğin,rselh||xu1ko7ko3
risalecikdir,rselh||xu1kdr
risalecikler,rselh||xu1klr
risalecik,rselh||xu1k
risalecikteki,rselh||xu1kdh||ky
risalecikten,rselh||xu1kdbo1
risalecikte,rselh||xu1kdh
risaleciktir,rselh||xu1kdr
risaledeki,rselh||dh||ky
risaleden,rselh||dbo1
risalede,rselh||dh
risaledir,rselh||dr
risale-in,rselh'u4 el
risale-i nur,rsel bo1wr
ri̇sale-i̇ nur,rselۀ bo1wr
risale-i nur,rselۀ bo1wr
risale-i,rselh'u4
risâle-i,rselh'u4
risalelerdeki,rselh||lrdh||ky
risalelerden,rselh||lrdbo1
risalelerde,rselh||lrdh
risalelerdir,rselh||lrdr
risalelere,rselh||lrh
risaleleri'dir,rselh||lrydr
risaleleridir,rselh||lrydr
risalelerimden,rselh||lrmdbo1
risalelerimde,rselh||lrmdh
risâlelerimde,rselh||lrmdh
risalelerimin,rselh||lrymko3
risalelerimi,rselh||lrymy
risalelerimizde,rselh||lrymro1dh
risalelerimizi,rselh||lrymro1y
risalelerimizle,rselh||lrymro1lh
risalelerim,rselh||lrm
risalelerindeki,rselh||lrbo1dh||ky
risalelerinden,rselh||lrbo1dbo1
risalelerinde,rselh||lrbo1dh
risaleleri'ne,rselh||lrybo1h
risalelerine,rselh||lrybo1h
risaleleri'nin,rselh||lrybo1ko3
risalelerinin,rselh||lrybo1ko3
risaleleri'ni,rselh||lrybo1y
risalelerini,rselh||lrybo1y
risalelerinizde,rselh||lryko3ro1dh
risalelerinize,rselh||lryko3ro1h
risalelerinizin,rselh||lryko3ro1ko3
risalelerinizi,rselh||lryko3ro1y
risalelerinizle,rselh||lryko3ro1lh
risaleleriniz,rselh||lryko3ro1
risalelerinle,rselh||lrko3lh
risalelerin,rselh||lrko3
risaleleri,rselh||lry
risaleleriyle,rselh||lrylh
risalelerle,rselh||lrlh
risaleler,rselh||lr
risalemden,rselh||mdbo1
risalemde,rselh||mdh
risaleme,rselh||mh
risalemin,rselh||mko3
risalemi,rselh||my
risalem,rselh||m
risalenin,rselh||bo1ko3
risalenizi,rselh||ko3ro1y
risalenizle,rselh||ko3ro1lh
risaleniz,rselh||ko3ro1
risalen,rselh||ko3
risale,rselh
risale,rselh||
risâle,rselh
ri̇sale,ru4so4elo4h||
risale,ru4so4elo4h||
risâle,ru4so4elo4h
risalesi'dir,rselh||sydr
risalesidir,rselh||sydr
risalesi'ndeki,rselh||sbo1dh||ky
risalesindeki,rselh||sbo1dh||ky
risalesi'nden,rselh||sbo1dbo1
risalesinden,rselh||sbo1dbo1
risalesi'nde,rselh||sbo1dh
risalesinde,rselh||sbo1dh
risâlesinde,rselh||sbo1dh
risalesi'ne,rselh||sbo1h
risalesine,rselh||sbo1h
risalesi'nin,rselh||sbo1ko3
risalesinin,rselh||sbo1ko3
risalesi'ni,rselh||sbo1y
risalesini,rselh||sbo1y
risalesi,rselh||sy
risalesi'yle,rselh||sylh
risalesiyle,rselh||sylh
risaletçe,rselbo2xu1h
risalet'e,rselbo2h
risalete,rselbo2h
risaletidir,rselbo2ydr
risâletidir,rselbo2ydr
risaletinden,rselbo2bo1dbo1
risaletinde,rselbo2bo1dh
risaletine,rselbo2bo1h
risaletinin,rselbo2bo1ko3
risaletini,rselbo2bo1y
risalet'in,rselbo2ko3
risaletin,rselbo2ko3
risalet-in,rselho2 el
risalet-i,rselbo2u4
risaleti,rselbo2y
risâleti,rselbo2y
risaletiyle,rselbo2ylh
risâletiyle,rselbo2ylh
risaletlerine,rselbo2lrybo1h
risaletlerini,rselbo2lrybo1y
risaletleri,rselbo2lry
risaletle,rselbo2lh
risaletmeabiyeyi,rselbo2||meo6bu1yh||yy
risalet-meâbiyeyi,rselbo2||myo5ebu1yh||yy
risaletpenahî,rselbo2||bu3bo1ehy
risaletpenahî'ye,rselbo2||bu3bo1ehy||yh
risalet,rselbo2
risâlet,rselbo2
ri̇salet,ru4so4elo4bo2o0
risalet,ru4so4elo4bo2o0
risâlet,ru4so4elo4bo2o0
risaletsiz,rselbo2sro1
risaletteki,rselbo2dh||ky
risalet'ten,rselbo2dbo1
risaletten,rselbo2dbo1
risalette,rselbo2dh
risalettir,rselbo2dr
risâlet-ün-nur'da,rselho2 elbo1wrdh
ri̇saletünnur,rselbo2 elbo1wr
risaletünnur,rselbo2 elbo1wr
risalet-ün-nur,rselho2 elbo1wr
risale-tün,rselho2 el
risalet-ün,rselho2 el
risaleye,rselh||yh
risaleyim,rselh||ym
risaleyi,rselh||yy
rîşdâr,rbu2so3der
rişdar,ryso3der
rişe,ryso3h||
rîşe,ryso3h
rişhand,ryso3xo1bo1d
rîşhand,ryso3xo1bo1d
rîş-i,ryso3u4
riş,ryso3
rîş,ryso3
rişte,rso3bo2h
rişte,rso3bo2h||
rişvet,rso3wbo2
rivayatına,rweyebo2bo1h
rivayatın,rweyebo2ko3
rivayat-ı,rweyebo2u4
rivayatı,rweyebo2y
rivayatla,rweyebo2lh
rivayat,rweyebo2
rivâyât,rweyebo2
rivayeten,rweyho2o44
rivayete,rweybo2h
rivayetinden,rweybo2bo1dbo1
rivayetinde,rweybo2bo1dh
rivayetine,rweybo2bo1h
rivayetin,rweybo2ko3
rivayet-i,rweybo2u4
rivayeti,rweybo2y
rivayetiyle,rweybo2ylh
rivayetlerden,rweybo2lrdbo1
rivayetlerde,rweybo2lrdh
rivayetlerdir,rweybo2lrdr
rivayetlere,rweybo2lrh
rivayetlerinden,rweybo2lrbo1dbo1
rivayetlerinde,rweybo2lrbo1dh
rivayetlerini,rweybo2lrybo1y
rivayetlerin,rweybo2lrko3
rivayetleri,rweybo2lry
rivayetlerle,rweybo2lrlh
rivayetler,rweybo2lr
rivâyet,ru4wo4ebu2o4bo2o0
ri̇vayet,ru4wo4eyo4bo2o0
rivayet,ru4wo4eyo4bo2o0
rivayet,rwebu2bo2
rivâyet,rwebu2bo2
ri̇vayet,rweybo2
rivayet,rweybo2
rivâyet,rweybo2
rivayetten,rweybo2dbo1
rivayette,rweybo2dh
riyadandır,ryedbo1dr
riyadan,ryedbo1
riyâdan,ryedbo1
riyadır,ryedr
riya-i,ryecu4
riyakarane,ryekerebo1h||
riyakârane,ryekerebo1h
riyâkârâne,ryekerebo1h
riyakârdır,ryekerdr
riyakârları,ryekerlry
riyakârlığa,ryekerlao1h
riyakârlığımı,ryekerlao1my
riyakârlığın,ryekerlao1ko3
riyakârlığı,ryekerlao1y
riyakârlıklara,ryekerlfo2lrh
riyakârlıklarımdan,ryekerlfo2lrmdbo1
riyakârlıkla,ryekerlfo2lh
riyakârlık,rbu2ekerlfo2
riyakarlık,ryekerlfo2
riyakârlık,ryekerlfo2
riyakârlıktan,ryekerlfo2dbo1
riyâkâr,rbu2eker
riyâkâr,ru4bu2o4eko4ero0
ri̇yakar,ru4yo4eko4ero0
riyakar,ru4yo4eko4ero0
riyakar,ryeker
riyakâr,ryeker
riyâkar,ryeker
riyâkâr,ryeker
riyâle paşa,erbu2elh bu3eso3e
riyale paşa,eryelh bu3eso3e
riyâl,rbu2el
riyal,ryel
riyanın,ryebo1ko3
riya,rbu2e
riyâ,rbu2e
riyâ,ru4bu2o4e
ri̇ya,ru4yo4e
riya,ru4yo4e
ri̇ya,rye
riya,rye
riyâ,rye
riyasete,ryesbo2h
riyâset etmek,rbu2esbo2 e
riyaset etmek,ryesbo2 e
riyasetimize,ryesbo2mro1h
riyasetindeki,ryesbo2bo1dh||ky
riyaseti'nde,ryesbo2bo1dh
riyasetinde,ryesbo2bo1dh
riyaseti'ne,ryesbo2bo1h
riyasetine,ryesbo2bo1h
riyaseti'nin,ryesbo2bo1ko3
riyasetinin,ryesbo2bo1ko3
riyasetiniz,ryesbo2ko3ro1
riyaset-i,ryesbo2u4
riyaseti,ryesbo2y
riyasetlerinde,ryesbo2lrbo1dh
riyasetleri,ryesbo2lry
riyâset,rbu2esbo2
riyâset,ru4bu2o4eso4bo2o0
ri̇yaset,ru4yo4eso4bo2o0
riyaset,ru4yo4eso4bo2o0
riyaset,ryesbo2
riyâset,ryesbo2
riyasette,ryesbo2dh
riyasızlıklarından,ryesro1lfo2lrbo1dbo1
riyasız,ryesro1
riyaya,ryeyh
riya-yı,ryeyu4
riyayı,ryeyy
riyazatının,ryezo1bo2bo1ko3
riyâzatlı,rbu2ezo1bo2lw
riyazatlı,ryezo1bo2lw
riyâzat,rbu2ezo1bo2
riyazat,ryezo1bo2
riyazattan,ryezo1bo2dbo1
riyazetçi,ryezo1bo2xu1y
riyazete,ryezo1bo2h
riyazetin,ryezo1bo2ko3
riyazet-i,ryezo1bo2u4
riyazetkârane,ryezo1bo2kerebo1h
riyazetlerle,ryezo1bo2lrlh
riyazetle,ryezo1bo2lh
riyâzet,rbu2ezo1bo2
riyâzet,ru4bu2o4ezo1o4bo2o0
ri̇yazet,ru4yo4ezo1o4bo2o0
riyazet,ru4yo4ezo1o4bo2o0
riyazet,ryezo1bo2
riyâzet,ryezo1bo2
riyazettir,ryezo1bo2dr
riyazet-ül,ryezo1ho2 el
riyâzî,rbu2ezo1y
riyâzî,ru4bu2o4ezo1bu2
ri̇yazi̇,ru4yo4ezo1۪y
riyazi,ru4yo4ezo1۪y
riyazi,ryezo1y
riyazî,ryezo1y
riyâzî,ryezo1y
riyazîsi,ryezo1ysy
riyâziyat,ryezo1bu2ebo2
riyaziyat,ryezo1yebo2
riyaziyede,ryezo1yh||dh
riyaziyenin,ryezo1yh||bo1ko3
riyaziye,ryezo1yh
riyazıyyûn,rbu2ezo1bu2wbo1
riyâziyyûn,ryezo1bu2wbo1
riyaziyyun,ryezo1ywbo1
riyazıyyun,ryezo1ywbo1
riyaz,ryezo1
riyâz,ryezo1
rızacu,rzo1e xu1w
rızâcû,rzo1e xu1w
rızâcûyâne,rzo1exu1wbu2ebo1h
rızacuyane,rzo1exu1wyebo1h||
rızadade,rzo1ededh
rıza-dâde,rzo1ededh
rızadır,rzo1edr
rızaen,rzo1eco44
rıza-i,rzo1ecu4
rızâ-i,rzo1ecu4
rızaiye,rzo1eyo5yh
rızalarını,rzo1elrybo1y
rızaları,rzo1elry
rızam,rzo1em
rızanın,rzo1ebo1ko3
rızanı,rzo1eko3y
rızanız,rzo1eko3ro1
rızan,rzo1eko3
rıza,rzo1e
rızâ,rzo1e
rızasıdır,rzo1esydr
rızasına,rzo1esbo1h
rızasından,rzo1esbo1dbo1
rızasında,rzo1esbo1dh
rızasını,rzo1esbo1y
rızası,rzo1esy
rızasıyla,rzo1esylh
rızasıyle,rzo1esylh
rızasız,rzo1esro1
rızaullah,rzo1ec eellh
rızâ vermek,rzo1ewbu2rmk
rıza vermek,rzo1ewyrmk
rıza'ya,rzo1eyh
rızaya,rzo1eyh
rizâ-yi bâri,ru4zo1o4ebu2u4 bu1o4erbu2
rızâ-yı bâri,ru4zo1o4ebu2u4 bu1o4erbu2
riza-yi bari̇,ru4zo1o4eyu4 bu1o4er۪y
rıza-yı bari,ru4zo1o4eyu4 bu1o4er۪y
rizâ-yi ilâhî,ru4zo1o4ebu2u4 eu4lhbu2
rızâ-yı ilâhî,ru4zo1o4ebu2u4 eu4lhbu2
riza-yi i̇lahi̇,ru4zo1o4eyu4 eu4lٰh۪y
rıza-yı ilahi,ru4zo1o4eyu4 eu4lٰh۪y
rizâ-yi küfür,ru4zo1o4ebu2u4 ko9fo1o9ro0
rızâ-yı küfür,ru4zo1o4ebu2u4 ko9fo1o9ro0
riza-yi küfür,ru4zo1o4eyu4 ko9fo1o9ro0
rıza-yı küfür,ru4zo1o4eyu4 ko9fo1o9ro0
rıza-yı,rzo1eyu4
rızâ-yı,rzo1eyu4
rızayı,rzo1eyy
rize'de,ryro1h||dh
rize,ryro1h||
rızıklara,rro1fo2lrh
rızıklardaki,rro1fo2lrdh||ky
rızıklarıdır,rro1fo2lrydr
rızıklarına,rro1fo2lrybo1h
rızıklarında,rro1fo2lrbo1dh
rızıklarının,rro1fo2lrybo1ko3
rızıklarını,rro1fo2lrybo1y
rızıkları,rro1fo2lry
rızıklarıyla,rro1fo2lrylh
rızıkla,rro1fo2lh
rızıklar,rro1fo2lr
rızık,rro1fo2
rızıksızlık,rro1fo2sro1lfo2
rızıksızlıktan,rro1fo2sro1lfo2dbo1
rızıktadır,rro1fo2dh||dr
rızıktaki,rro1fo2dh||ky
rızıktan,rro1fo2dbo1
rızıkta,rro1fo2dh
rızıktır,rro1fo2dr
rızka,rro1fo2h
rızkıdır,rro1fo2ydr
rizk-i fitrî,ru4ro1o0fo2u4 fo1u4to0rbu2
rızk-ı fıtrî,ru4ro1o0fo2u4 fo1u4to0rbu2
rizk-i fitri̇,ru4ro1o0fo2u4 fo1u4to0r۪y
rızk-ı fıtri,ru4ro1o0fo2u4 fo1u4to0r۪y
rızkımda,rro1fo2mdh
rızkımı,rro1fo2my
rızkımıza,rro1fo2mro1h
rızkımızda,rro1fo2mro1dh
rızkımızı,rro1fo2mro1y
rızkımız,rro1fo2mro1
rızkım,rro1fo2m
rızkına,rro1fo2bo1h
rızkındaki,rro1fo2bo1dh||ky
rızkında,rro1fo2bo1dh
rızkının,rro1fo2bo1ko3
rızkını,rro1fo2bo1y
rızkınıza,rro1fo2ko3ro1h
rızkınızı,rro1fo2ko3ro1y
rızkınız,rro1fo2ko3ro1
rızkın,rro1fo2ko3
rızk-ı,rro1fo2u4
rızkî,rro1fo2y
rızkı,rro1fo2y
rızkıyesini,rro1fo2yh||sbo1y
rızkîyi,rro1fo2y||yy
rızkıyla,rro1fo2ylh
rızkıyyesini,rro1fo2yh||sbo1y
rızkları,rro1fo2lry
rızk,rro1fo2
rızktaki,rro1fo2dh||ky
riz,rro1
rodwell,rdwh||l
roket,rwkbo2
rolleri,rwllry
rol,rwl
rolünü,rwlbo1y
rolü,rwly
roma'daki,rwmedh||ky
romalı,rwmely
romancılık,rwmebo1xu1bu2lfo2
romancılık,rwmebo1xu1ylfo2
romancı,rwmebo1xu1y
romanlarıyla,rwmebo1lrylh
romanlarıymış,rwmebo1lry eymso3
roman,rwmebo1
roman,rwmeo6bo1
romantik,rwmebo1bo2bu2k
romantik,rwmebo1bo2yk
romantizm,rwmebo1bo2bu2ro1m
romantizm,rwmebo1bo2yro1m
romanvari,rwmebo1||wery
romanyalı,rwmebo1yely
romanya,rwmebo1ye
romanya'yı,rwmebo1yeyy
roma,rwme
romatizmalı,rwmebo2bu2ro1mely
romatizmalı,rwmebo2yro1mely
romatizma,rwmebo2bu2ro1me
romatizma,rwmebo2yro1me
romatizma,rwmebo2yro1mh
römorkör,rh||mwrkwr
römorkör,rh||mwrkwr
römork,rh||mwrfo2
römork,rh||mwrfo2
rönesansı,ro9wbo1o4so4ebo1o0sy
rönesans,rwbo1h||sebo1s
röntgen-misal,rwbo1bo2ko7bo1||mbo3el
röntgen,rwbo1bo2ko7bo1
room,rwm
rospilik,rwsbu3bu2lk
rospilik,rwsbu3ylk
rospi,rwsbu3y
rospu,rwsbu3y
ros'un,rwzko3
rota,rwth
rota,rwth||
rotatif,rwbo2ebo2bu2fo1
rotatif,rwbo2ebo2yfo1
rövanş,rh||webo1so3
rövanş,rh||webo1so3
rovelverine,ro9wwo4lo0wrybo1h
rovelverinin,ro9wwo4lo0wo4ru4ybo1ko3
rovelver,rwwlwr
rozet,rwro1h||bo2
rozet,rwro1h||bo2
r,r
rübab,rbu1ebu1
ruba giydirmek,rwbu1ekbu2drmk
ruba giydirmek,rwbu1ekydrmk
rubah,rwbu1eh||
rûbah,rwbu1eh
rubai,rbu1eay
rubâî,rbu1eay
rübai,rbu1eay
rübâî,rbu1eay
rubaiyat,rbu1eabu2ebo2
rubaiyat,rbu1eayebo2
rubalık,rwbu1elfo2
ruba,rwbu1e
rubâ,rwbu1e
ruba,rwbu1h
ruba,rwbu1h||
rubas,rbu1es
rubâs,rbu1es
ruba (uruba),rwbu1e
ruba (uruba),rwbu1h
ruba (uruba),rwbu1h||
ruba vermek,rwbu1ewbu2rmk
ruba vermek,rwbu1ewyrmk
ruba yapmak,rwbu1ebu2ebu3mfo2
ruba yapmak,rwbu1eyebu3mfo2
rubeh,rwbu1h||
rûbeh,rwbu1h
ruberu,rwbu1rw
rûberû,rwbu1rw
rub'-ı daire,rbu1a debo5rh||
rub'-ı dâire,rbu1a debo5rh
rub'-i meskun,rbu1a mskwbo1
rub'-i meskûn,rbu1a mskwbo1
rub',rbu1a
rub’,rbu1a
rububiyete,rbu1wbu1ybo2h
rububiyetidir,rbu1wbu1ybo2ydr
rububiyetindeki,rbu1wbu1ybo2bo1dh||ky
rububiyetinden,rbu1wbu1ybo2bo1dbo1
rububiyetinde,rbu1wbu1ybo2bo1dh
rububiyetine,rbu1wbu1ybo2bo1h
rububiyetinin,rbu1wbu1ybo2bo1ko3
rububiyetini,rbu1wbu1ybo2bo1y
rububiyetin,rbu1wbu1ybo2ko3
rububiyet-i,rbu1wbu1ybo2u4
rububiyeti,rbu1wbu1ybo2y
rububiyetiyle,rbu1wbu1ybo2ylh
rububiyetle,rbu1wbu1ybo2lh
rububiyetleri,rbu1wbu1ybo2lry
rububiyetperver,rbu1wbu1ybo2||bu3rwr
rübûbiyet,rbu1wbu1bu2bo2
rububiyet,rbu1wbu1ybo2
rubûbiyet,rbu1wbu1ybo2
rübubiyet,rbu1wbu1ybo2
rububiyetteki,rbu1wbu1ybo2dh||ky
rububiyetten,rbu1wbu1ybo2dbo1
rububiyette,rbu1wbu1ybo2dh
rububiyettir,rbu1wbu1ybo2dr
rubûbiyyete,rbu1wbu1ybo2h
rububiyyetinde,rbu1wbu1ybo2bo1dh
rubûbiyyetinde,rbu1wbu1ybo2bo1dh
rububiyyetine,rbu1wbu1ybo2bo1h
rubûbiyyetine,rbu1wbu1ybo2bo1h
rubûbiyyetinin,rbu1wbu1ybo2bo1ko3
rububiyyetinin,rbu1wbu1ybo2ko3ko3
rububiyyetini,rbu1wbu1ybo2bo1y
rubûbiyyetini,rbu1wbu1ybo2bo1y
rububiyyetin,rbu1wbu1ybo2ko3
rubûbiyyetin,rbu1wbu1ybo2ko3
rububiyyet-i,rbu1wbu1ybo2u4
rubûbiyyet-i,rbu1wbu1ybo2u4
rububiyyeti,rbu1wbu1ybo2y
rubûbiyyeti,rbu1wbu1ybo2y
rubûbiyyetiyle,rbu1wbu1ybo2ylh
rububiyyet,rbu1wbu1ybo2
rubûbiyyet,rbu1wbu1ybo2
rububiyyette,rbu1wbu1ybo2dh
rub'unun,rbu1abo1ko3
rub'unu,ro9bu1abo1y
rub'-u,rbu1au4
rubu',ro9bu1a
rubye,rwbu1bu2h
rubye,rwbu1yh||
rüchanına,rxu1xebo1bo1h
rüchanının,rxu1xebo1bo1ko3
rüchanı,rxu1xebo1y
rüchânı,rxu1xebo1y
rüchaniyetine,rxu1xebo1ybo2bo1h
rüchaniyetini,rxu1xebo1ybo2bo1y
rüchaniyetinize,rxu1xebo1ybo2ko3ro1h
rüchaniyeti,rxu1xebo1ybo2y
rüchaniyetleri,rxu1xebo1ybo2lry
rüchaniyet,rxu1xebo1ybo2
rüçhaniyet,rxu1xebo1ybo2
rüçhâniyyetine,rxu1xebo1ybo2bo1h
rüchâniyyet,rxu1xebo1bu2bo2
rüchaniyyet,rxu1xebo1ybo2
rüchâniyyet,rxu1xebo1ybo2
rüchan,rxu1xebo1
rüçhan,rxu1xebo1
rücu'a,rxu1wah
rücu' etmek,rxu1wa e
rücû' etmek,rxu1wa e
rücu'larına,rxu1walrybo1h
rücu'ları,rxu1walry
rücu',ro9xu1o9wao0
rücû',ro9xu1o9wao0
rücu,rxu1wa
rücu',rxu1wa
rücû,rxu1wa
rücû',rxu1wa
rücuundan,rxu1wabo1dbo1
rücuun,rxu1wako3
rücuu,rxu1way
rüesa-i,rwo5secu4
rüesalarına,rwo5selrybo1h
rüesâlarına,rwo5selrybo1h
rüesalarını,rwo5selrybo1y
rüesaları,rwo5selry
rüesalar,rwo5selr
rüesamız,rwo5semro1
rüesa,ro9wo5o4so4e
rüesâ,ro9wo5o4so4e
rüesa,rwo5se
rüesâ,rwo5se
rüesasından,rwo5sesbo1dbo1
rüesası,rwo5sesy
rüesasıyla,rwo5sesylh
rüesaya,rwo5seyh
rüesa-yı,rwo5seyu4
rufaî,rfo1eay
rüfaî,rfo1eay
rüfekaa,rfo1fo2ec
rüfekalarına,rfo1fo2elrybo1h
rüfekalarını,rfo1fo2elrybo1y
rüfekaları,rfo1fo2elry
rüfekamıza,rfo1fo2emro1h
rüfeka,rfo1fo2e
rüfekâ,rfo1fo2e
rüfekasına,rfo1fo2esbo1h
rüfekasının,rfo1fo2esbo1ko3
rüfekasını,rfo1fo2esbo1y
rüfekası,rfo1fo2esy
rüfekayı,rfo1fo2eyy
ruganlamak,rwao1bo1lemfo2
ruganla,rwao1bo1le
ruğanlı,rwao1bo1ly
rugan,rwao1bo1
rugan vurmak,rwao1bo1 ewrmfo2
ruham,rxo1em
ruhanîde,rwxebo1ydh
ruhanîlerden,rwxebo1ylrdbo1
ruhanîlerdir,rwxebo1ylrdr
ruhanîlere,rwxebo1ylrh
ruhanîleridir,rwxebo1ylrydr
ruhanîlerinden,rwxebo1ylrbo1dbo1
ruhanîlerinde,rwxebo1ylrbo1dh
ruhanîlerin,rwxebo1ylrko3
ruhânilerin,rwxebo1ylrko3
ruhânîlerin,rwxebo1ylrko3
ruhanîleri,rwxebo1ylry
ruhanîleriyle,rwxebo1ylrylh
ruhanîlerle,rwxebo1ylrlh
ruhaniler,rwxebo1ylr
ruhanîler,rwxebo1ylr
ruhanîleşmiş,rwxebo1ylso3mso3
ruhanîmi,rwxebo1ymy
ruhanînin,rwxebo1ybo1ko3
ruhanî,ro9wxo4ebo1bu2
ruhani̇,ro9wxo4ebo1۪y
ruhani,ro9wxo4ebo1۪y
ruhani,rwxebo1y
ruhanî,rwxebo1y
rûhânî,rwxebo1y
ruhanîsidir,rwxebo1ysydr
ruhanîsinde,rwxebo1ysbo1dh
ruhanîsine,rwxebo1ysbo1h
ruhanîsini,rwxebo1ysbo1y
ruhanîsi,rwxebo1ysy
ruhanîsiz,rwxebo1ysro1
ruhaniyata,rwxebo1yebo2h
ruhaniyatın,rwxebo1yebo2ko3
ruhaniyâtın,rwxebo1yebo2ko3
ruhaniyatı,rwxebo1yebo2y
ruhaniyat,rwxebo1yebo2
ruhaniyattan,rwxebo1yebo2dbo1
ruhaniyattır,rwxebo1yebo2dr
ruhaniyede,rwxebo1yh||dh
ruhaniyedir,rwxebo1yh||dr
ruhaniye-i,rwxebo1yh'u4
ruhaniyeleri,rwxebo1yh||lry
ruhaniyenin,rwxebo1yh||bo1ko3
ruhaniye,rwxebo1yh
ruhanîye,rwxebo1y||yh
ruhaniyetine,rwxebo1ybo2bo1h
ruhaniyet-i,rwxebo1ybo2u4
ruhaniyetlerindeki,rwxebo1ybo2lrbo1dh||ky
ruhaniyetlerinden,rwxebo1ybo2lrbo1dbo1
ruhaniyetlerine,rwxebo1ybo2lrybo1h
ruhaniyetleri,rwxebo1ybo2lry
ruhâniyet,rwxebo1bu2bo2
ruhaniyet,rwxebo1ybo2
ruhaniyeye,rwxebo1yh||yh
ruhaniyeyi,rwxebo1yh||yy
ruhanîyi,rwxebo1y||yy
ruhaniyyata,rwxebo1yebo2h
ruhaniyyun,rwxebo1yo8wbo1
ruhan,rwxo44e
ruha,rwxh
ruhbanîler,rhbu1ebo1ylr
ruhbanî,rhbu1ebo1y
ruhbanı,rhbu1ebo1y
ruhbâniyet,rhbu1ebo1bu2bo2
ruhbaniyet,rhbu1ebo1ybo2
ruhbâniyet,ro9ho0bu1o4ebo1u4bu2o4bo2o0
ruhbani̇yet,ro9ho0bu1o4ebo1u4yo4bo2o0
ruhbaniyet,ro9ho0bu1o4ebo1u4yo4bo2o0
ruhbâniyyet,rhbu1ebo1bu2bo2
ruhbaniyyet,rhbu1ebo1ybo2
ruhbanları,rhbu1ebo1lry
ruhban,rhbu1ebo1
ruhbân,rhbu1ebo1
ruhdur,rwxdr
ruhefza,rwx efo1ro1e
rûhefza,rwx efo1ro1e
ruh-efza,rwx eo5fo1ro1e
ruhen,rwxo44e
ruhîdeki,rwxydh||ky
ruhîde,rwxydh
ruhînin,rwxybo1ko3
ruhi,rwxy
ruhî,rwxy
rûhî,rwxy
ruhiyatçı,rwxyebo2xu1y
rûhiyât,rwxbu2ebo2
ruhiyat,rwxyebo2
ruhiyece,rwxyh||xu1h
ruhiyedeki,rwxyh||dh||ky
ruhiyedendir,rwxyh||dbo1dr
ruhiyeden,rwxyh||dbo1
ruhiyede,rwxyh||dh
ruhiyedir,rwxyh||dr
ruhiyelerine,rwxyh||lrybo1h
ruhiyemde,rwxyh||mdh
ruhiyeme,rwxyh||mh
ruhiyemi,rwxyh||my
ruhiyem,rwxyh||m
ruhiyenin,rwxyh||bo1ko3
ruhiye,rwxyh
ruhîye,rwxy||yh
ruhiyesine,rwxyh||sbo1h
ruhiyesinin,rwxyh||sbo1ko3
ruhiyesini,rwxyh||sbo1y
ruhiyesi,rwxyh||sy
rûhiyet,rwxbu2bo2
ruhiyet,rwxybo2
ruhiyeye,rwxyh||yh
ruhiyeyi,rwxyh||yy
ruhîyi,rwxy||yy
rûhiyyat,rwxbu2ebo2
ruhiyyat,rwxyebo2
ruhiyyenin,rwxyh||bo1ko3
ruhiyye,rwxyh
ruhlamak,rwxlebo1mfo2
ruhlandırmak,rwxlebo1dbu2rmfo2
ruhlandırmak,rwxlebo1dyrmfo2
ruhlandır,rwxlebo1dyr
ruhlara,rwxlrh
ruhlardaki,rwxlrdh||ky
ruhlardan,rwxlrdbo1
ruhlarda,rwxlrdh
ruhlarımıza,rwxlrymro1h
ruhlarımızı,rwxlrymro1y
ruhlarımız,rwxlrymro1
ruhlarım,rwxlrym
ruhlarına,rwxlrybo1h
ruhlarındaki,rwxlrbo1dh||ky
ruhlarından,rwxlrbo1dbo1
ruhlarında,rwxlrbo1dh
ruhlarının,rwxlrybo1ko3
ruhlarını,rwxlrybo1y
ruhlarınızda,rwxlryko3ro1dh
ruhların,rwxlrko3
ruhları,rwxlry
ruhlarıyla,rwxlrylh
ruhlarla,rwxlrlh
ruhlar,rwxlr
ruhla,rwxlebo1
ruhla,rwxlh
ruhlulara,rwxlylrh
ruhlu,rwxly
ruh,rwx
rûh,rwx
ruh,rxo1
ruhsarının,ro9xo1o0serko3ko3
ruhsar,rxo1ser
ruhsâr,rxo1ser
ruhsata,rxo1zbo2h
ruhsat-ı,rxo1zbo2u4
ruhsatı,rxo1zbo2y
ruhsatlarına,rxo1zbo2lrybo1h
ruhsatlarla,rxo1zbo2lrlh
ruhsatla,rxo1zbo2lh
ruhsatlı,rxo1zbo2ly
ruhsatname,rxo1zbo2bo1emh||
ruhsatnâme,rxo1zbo2bo1emh
ruhsat,ro9xo1o0zo4bo2o0
ruhsat,rxo1zbo2
ruhsatsız,rxo1zbo2sro1
ruhsattan,rxo1zbo2dbo1
ruhsat vermek,rxo1zbo2 wbu2rmk
ruhsat vermek,rxo1zbo2 wyrmk
ruhsuzdur,rwxsro1dr
ruhsuzluk,rwxsro1lfo2
ruhsuz,rwxsro1
ruhtan,rwxdbo1
ruhta,rwxdh
ruhtur,rwxdr
rûh-u âlî,ro9wxo9 ao4elu4bu2
ruh-u ali̇,ro9wxo9 ao4elu4y
ruh-u ali,ro9wxo9 ao4elu4y
ruh-u beşer,ro9wxu4 bu1o4so3o4ro0
rûh-u beşer,ro9wxu4 bu1o4so3o4ro0
ruhudur,rwxydr
rûh-u habîs,ro9wxo9 xo1o4bu1bu2bo3o0
ruh-u habi̇s,ro9wxo9 xo1o4bu1۪ybo3o0
ruh-u habis,ro9wxo9 xo1o4bu1۪ybo3o0
ruhu'l-kudüs,rwx elfo2ds
ruhülkudüs,rwx elfo2ds
rûhu'l-kudüs,rwx elfo2ds
rûhülkudüs,rwx elfo2ds
ruhullah,rwx eellh
ruh-ul,rwx el
ruh-ül,rwx el
ruhuma,rwxmh
ruhumdaki,rwxmdh||ky
ruhumdan,rwxmdbo1
ruhumda,rwxmdh
ruhumla,rwxmlh
ruhum,rwxm
ruhumun,rwxmko3
ruhumu,rwxmy
ruhumuza,rwxmro1h
ruhumuzdaki,rwxmro1dh||ky
ruhumuzdan,rwxmro1dbo1
ruhumuzda,rwxmro1dh
ruhumuzdur,rwxmro1dr
ruhumuzla,rwxmro1lh
ruhumuz,rwxmro1
ruhumuzun,rwxmro1ko3
ruhumuzu,rwxmro1y
ruhuna,rwxbo1h
ruhundaki,rwxbo1dh||ky
ruhundan,rwxbo1dbo1
ruhunda,rwxbo1dh
ruhunla,rwxko3lh
ruhun,rwxko3
ruhunun,rwxbo1ko3
ruhunu,rwxbo1y
ruhunuza,rwxko3ro1h
ruhunuzdan,rwxko3ro1dbo1
ruhunuz,rwxko3ro1
ruhunuzun,rwxko3ro1ko3
ruhunuzu,rwxko3ro1y
ruh-u,rwxu4
ruhu,rwxy
ruhuyla,rwxylh
rukad,rfo2ed
rukâd,rfo2ed
ruk'a,rfo2ah
ruk'a,rfo2ah||
ruk’a,rfo2ah||
rükne,rkbo1h
rükn,rkbo1
rüknüdür,rkbo1ydr
rüknünden,rkbo1bo1dbo1
rüknüne,rkbo1bo1h
rüknün,rkbo1ko3
rüknünün,rkbo1bo1ko3
rüknünü,rkbo1bo1y
rükn-ü,rkbo1u4
rüknü,rkbo1y
rükua,rkwah
rükûa,rkwah
rükû'da,rkwadh
rükündür,rkbo1dr
rükünlerdir,rkbo1lrdr
rükünlere,rkbo1lrh
rükünlerinden,rkbo1lrbo1dbo1
rükünlerine,rkbo1lrybo1h
rükünlerinin,rkbo1lrybo1ko3
rükünlerini,rkbo1lrybo1y
rükünlerin,rkbo1lrko3
rükünleri,rkbo1lry
rükünleriyle,rkbo1lrylh
rükünler,rkbo1lr
rükün,rkbo1
rükun,rkwbo1
rükûn,rkwbo1
rükün,ro9ko9bo1o0
rüku,rkwa
rüku',rkwa
rükû,rkwa
rulet,rwlbo2
rulph,rwlbu3h
rum'da,rwmdh
rumelili,rwm eylyly
rumeli'nin,rwm eylybo1ko3
rumelini,rwmlybo1y
rumeli,rwm eyly
rumeli'ye,rwm eyly||yh
rumeliye,rwm eyly||yh
rumh,rmx
rumice,rwmyxu1h
rumî'nin,rwmybo1ko3
rumi,rwmy
rumî,rwmy
rûmi,rwmy
rûmî,rwmy
rumların,rwmlrko3
rumlar,rwmlr
rumluk,rwmlfo2
rum,rwm
rumuzatıdır,rmwro1ebo2ydr
rumuzatın,rmwro1ebo2ko3
rumuzat-ı,rmwro1ebo2u4
rumûzat-ı,rmwro1ebo2u4
rumuzatı,rmwro1ebo2y
rumuzatıyla,rmwro1ebo2ylh
rumuzat,rmwro1ebo2
rumuzdan,rmwro1dbo1
rumuz'da,rmwro1dh
rumuzlarını,rmwro1lrybo1y
rumuzları,rmwro1lry
rumuzlarla,rmwro1lrlh
rumuzlar,rmwro1lr
rumuzlu,rmwro1ly
rumuz,rmwro1
rumûz,rmwro1
rumuz,ro9mo9wro1o0
rumuzundan,rmwro1bo1dbo1
rumuzunu,rmwro1ybo1y
rumuz-u,rmwro1u4
rumuzu,rmwro1y
rumûz-u şathiyât,ro9mo9wro1o9 so3o4to0xu4bu2o4ebo2o0
rumuz-u şathi̇yat,ro9mo9wro1o9 so3o4to0xu4yo4ebo2o0
rumuz-u şathiyat,ro9mo9wro1o9 so3o4to0xu4yo4ebo2o0
runah'ın,rwbo1exko3
rû-nüma,rwbo1me
rûnüma,rwbo1me
ru,rw
rû,rw
rus'a,rwsh
rusça,rwsxu1h
rusça,rwsxu1h||
rüşde,rso3dh
rüşdiye,rso3dbu2h
rüşdiye,rso3dyh||
rüşd,rso3d
rüşdü'nün,rso3dybo1ko3
rüşdünü,rso3dybo1y
rüşd-ü,rso3du4
rüşdü,rso3dy
rüşdü'sü,rso3dysy
rüşdü'ye,rso3dy||yh
ruşenâ,rwso3bo1e
ruşen,rwso3bo1
rûşen,rwso3bo1
ruşenzamirdir,rwso3bo1||zo1myrdr
rüşeym,rso3bu2m
rüşeym,rso3ym
ruslara,rwslrh
ruslar'ın,rwslrko3
rusların,rwslrko3
rusları,rwslry
ruslar,rwslr
rus,rws
rüstemane,rsbo2mebo1h
rüstem-i,rsbo2mu4
rüstem,rsbo2m
rüsubi,rswbu1y
rüsûbî,rswbu1y
rüsub,rswbu1
rüsûb,rswbu1
rüsuh,rswxo1
rüsûh,rswxo1
rüsuh-u,rswxo1u4
rüsuhu,rswxo1y
rüsuhuyla,rswxo1ylh
rusüldür,rsldr
rusülihi,ro9so9lu4hu4
rusül,rsl
rüsumat,rswmebo2
rüsûmat,rswmebo2
rüsûmât,rswmebo2
rüsum,rswm
rüsüm,rswm
rus'un,rwsko3
rus'u,rwsy
rüsva,rswe
rüsva,rswey
rüsvâ,rswey
rüsvâyî,rswebu2y
rüsvayi,rsweyy
rüsvaylık,rswebu2lfo2
rüsvâylık,rswebu2lfo2
rüsvaylık,rsweylfo2
rüsva /y,rswey
rüsvay,rswey
rüsvâ /y,rswey
rüsvây,rswey
rüşved,rso3wbo2
rüşvetci,rso3wbo2xu1y
rüşvet-hor,rso3wbo2xo1wer
rüşvetidir,rso3wbo2ydr
rüşvetin,rso3wbo2ko3
rüşvet-i,rso3wbo2u4
rüşveti,rso3wbo2y
rüşvetler,rso3wbo2lr
rüşvetle,rso3wbo2lh
rüşvet,rso3wbo2
rüşvetsiz,rso3wbo2sro1
rüşvet teklîf etmek,rso3wbo2 bo2klbu2fo1 e
rüşvet teklif etmek,rso3wbo2 bo2klyfo1 e
rüşvet vermek,rso3wbo2 wbu2rmk
rüşvet vermek,rso3wbo2 wyrmk
rüşvet yer,rso3wbo2 bu2r
rüşvet yer,rso3wbo2 yr
rusya'daki,rwsyh||dh||ky
rusya'dan,rwsyedbo1
rusya'da,rwsyh||dh
rusyalı,rwsyh||ly
rusya'nın,rwsyh||bo1ko3
rusya,rwsbu2h
rusya,rwsyh
rusya,rwsyh||
rusya'ya,rwsyeyh
rusya'yı,rwsyeyy
rütbece,rbo2bu1h||xu1h
rütbeden,rbo2bu1h||dbo1
rütbede,rbo2bu1h||dh
rütbe-i hamise beyi,rbo2bu1hcxo1emsh bu1ky
rütbe-i hâmise beyi,rbo2bu1hcxo1emsh bu1ky
rütbe-i,rbo2bu1h'u4
rütbe-i salise beği,rbo2bu1h cbo3elbo3h bu1ky
rütbe-i sâlise beği,rbo2bu1h cbo3elbo3h bu1ky
rütbe-i salise beyi,rbo2bu1hcbo3elbo3h bu1ky
rütbe-i sâlise beyi,rbo2bu1hcbo3elbo3h bu1ky
rütbe-i sâniyye beği,rbo2bu1hcbo3ebo1bu2h bu1ky
rütbe-i saniyye beği,rbo2bu1hcbo3ebo1yh bu1ky
rütbelerden,rbo2bu1h||lrdbo1
rütbelerde,rbo2bu1h||lrdh
rütbelere,rbo2bu1h||lrh
rütbelerinden,rbo2bu1h||lrbo1dbo1
rütbelerine,rbo2bu1h||lrybo1h
rütbelerini,rbo2bu1h||lrybo1y
rütbeleri,rbo2bu1h||lry
rütbeler,rbo2bu1h||lr
rütbeli,rbo2bu1h||ly
rütbeli,rbo2bu1h||ly
rütbenizden,rbo2bu1h||ko3ro1dbo1
rütbeniz,rbo2bu1h||ko3ro1
rütbe,rbo2bu1h
rütbe,rbo2bu1h||
rütbesinden,rbo2bu1h||sbo1dbo1
rütbesinde,rbo2bu1h||sbo1dh
rütbesine,rbo2bu1h||sbo1h
rütbesini almak,rbo2bu1h sbo1y elmfo2
rütbesini,rbo2bu1h||sbo1y
rütbesi,rbo2bu1h||sy
rütbesiz,rbo2bu1h||sro1
rütbesiz,rbo2bu1h||sro1
rütbeten,rbo2bu1ho2o44
rütbeten,ro9bo2o0bu1o4ho2o44
rütbe vermek,rbo2bu1h wbu2rmk
rütbe vermek,rbo2bu1h wyrmk
rütbeye,rbo2bu1h||yh
rütbîden,rbo2bu1ydbo1
rütebî,ro9bo2o4bu1u4y
rutubetini süzdürmek,rtwbu1bo2bo1y swro1drmk
rutûbetini süzdürmek,rtwbu1bo2bo1y swro1drmk
rutubet-i,rtwbu1bo2u4
rutubetiyle,rtwbu1bo2ylh
rutubetli,rtwbu1bo2lw
rutûbetli,rtwbu1bo2lw
rutubetli,rtwbu1bo2ly
rutûbetli,rtwbu1bo2ly
rutubet,rtwbu1bo2
rutûbet,rtwbu1bo2
rutubetten,rtwbu1bo2dbo1
ruus-il,rwo5s el
ruûs-il,rwo5s el
rüus,rwo5s
rüûs,rwo5s
rü'yadaki,rwo5yedh||ky
rü'yadan,rwo5yedbo1
rü'yada,rwo5yedh
rü'yadır,rwo5yedr
rü'yâ görmek,rwo5bu2ekwrmk
rü'ya görmek,rwo5yekwrmk
rü'yalarda,rwo5yelrdh
rü'yalarımın,rwo5yelrymko3
rü'yalarımız,rwo5yelrymro1
rü'yalarımla,rwo5yelrmlh
rü'yalarının,rwo5yelrybo1ko3
rü'yalarınız,rwo5yelryko3ro1
rü'yaları,rwo5yelry
rü'yalar,rwo5yelr
rûyalı,rwo5bu2ely
ruyalı,rwo5yely
rü'yalı,rwo5yely
rü'yama,rwo5yemh
rü'yamda,rwo5yemdh
rü'yamın,rwo5yemko3
rü'ya-misal,rwo5yembo3el
rü'yamisal,rwo5yembo3el
rü'yamızda,rwo5yemro1dh
rü'yana,rwo5yeko3h
rü'yanda,rwo5yeko3dh
rü'yanın,rwo5yebo1ko3
rü'yanızın,rwo5yeko3ro1ko3
rü'yan,rwo5yeko3
rûya,rwo5bu2e
rü'yâ,rwo5bu2e
rüyâ,rwo5bu2e
ruya,rwo5ye
rü'ya,rwo5ye
rüya,rwo5ye
rüya,rwye
rü'yasıdır,rwo5yesydr
rü'yasına,rwo5yesbo1h
rü'yasında,rwo5yesbo1dh
rü'yasını,rwo5yesbo1y
rü'yası,rwo5yesy
rü'yaya,rwo5yeyh
rü'ya-yı,rwo5yeyu4
rü'yayı,rwo5yeyy
rüyâ-yi sâdika,ro9wo5o0bu2o4ebu2u4 zo4edu4fo2o4h
rüyâ-yı sâdıka,ro9wo5o0bu2o4ebu2u4 zo4edu4fo2o4h
rüya-yi sadika,ro9wo5o0yo4eyu4 zo4edu4fo2o4h||
rüya-yı sadıka,ro9wo5o0yo4eyu4 zo4edu4fo2o4h||
rü'yete,rwo5ybo2h
rü'yet etmek,rwo5bu2bo2 e
rü'yet etmek,rwo5ybo2 e
rü'yet-i cemâl-i ilâhî,ro9wo5o0bu2o4bo2u4 xu1o4mo4elu4 eu4lo6hu4bu2
rü'yet-i̇ cemal-i̇ i̇lahi̇,ro9wo5o0yo4bo2u4 xu1o4mo4elu4 eu4lo6hu4y
rü'yet-i cemal-i ilahi,ro9wo5o0yo4bo2u4 xu1o4mo4elu4 eu4lo6hu4y
rü'yet-i cemâl,ro9wo5o0bu2o4bo2u4 xu1o4mo4elo0
rü'yet-i̇ cemal,ro9wo5o0yo4bo2u4 xu1o4mo4elo0
rü'yet-i cemal,ro9wo5o0yo4bo2u4 xu1o4mo4elo0
rü'yetidir,rwo5ybo2ydr
rü'yet-i ilâhiye,ro9wo5o0bu2o4bo2u4 eu4lhu4bu2o4h
rü'yet-i̇ i̇lahi̇ye,ro9wo5o0yo4bo2u4 eu4lٰhu4yo4h||
rü'yet-i ilahiye,ro9wo5o0yo4bo2u4 eu4lٰhu4yo4h||
rü'yetinden,rwo5ybo2bo1dbo1
rü'yetine,rwo5ybo2bo1h
rü'yetinin,rwo5ybo2bo1ko3
rü'yetini,rwo5ybo2bo1y
rü'yet-i,rwo5ybo2u4
rü'yeti,rwo5ybo2y
rü'yetiyle,rwo5ybo2ylh
rü'yetlerinden,rwo5ybo2lrbo1dbo1
rü'yetlerini,rwo5ybo2lrybo1y
rü'yet,ro9wo5o0bu2o4bo2o0
rü'yet,ro9wo5o0yo4bo2o0
rü’yet,rwo5bu2bo2
rü'yet,rwo5ybo2
rü’yet,rwo5ybo2
rü'yette,rwo5ybo2dh
rü'yetullah,rwo5ybo2 eellh
rü'yetullahtır,rwo5ybo2 ello8h||dr
ruyinigar,rwy bo1ker
ruyinigâr,rwy bo1ker
ruy-i,rwyu4
rûy-i,rwyu4
rûy-i zemin,rwy ro1mbu2bo1
ruy-i zemin,rwy ro1mybo1
ruy,rwy
rûy,rwy
rûyunda,rwybo1dh
ruy-u,rwyu4
ruze,rwro1h||
rûze,rwro1h
rüzgar altına gitmek,rwro1kerelbo2bo1h kbo2mk
rüzgâr altına gitmek,rwro1kerelbo2bo1h kbo2mk
rüzgar altı,rwro1kerelbo2y
rüzgâr altı,rwro1kerelbo2y
rüzgâra,rwro1ko7erh
rüzgarın bir esmesi,rwro1kerk bu1resmh sy
rüzgârın bir esmesi,rwro1kerk bu1resmh sy
rüzgârın düşürdüğü,rwro1kerk dwso3wrdbu2ao1y
rüzgarın düşürdüğü,rwro1kerk dwso3wrdyao1y
rüzgârın,rwro1ko7erko3
rüzgârı,rwro1ko7ery
rüzgârıyla,rwro1ko7erylh
rüzgârlara,rwro1ko7erlrh
rüzgârlarına,rwro1ko7erlrybo1h
rüzgârlarından,rwro1ko7erlrbo1dbo1
rüzgârların,rwro1ko7erlrko3
rüzgârları,rwro1ko7erlry
rüzgârlarıyla,rwro1ko7erlrylh
rüzgârlar,rwro1ko7erlr
rüzgarlı,rwro1kerlw
rüzgârlı,rwro1kerlw
rüzgar,rwro1ker
rüzgâr,rwro1ker
ruzgar,rwro1ko7er
rûzgâr,rwro1ko7er
rüzgar,rwro1ko7er
rüzgâr,rwro1ko7er
rüzgar sancaktan olmak,rwro1 kersbo1xu1efo2dbo1 ew
rüzgâr sancaktan olmak,rwro1 kersbo1xu1efo2dbo1 ew
rüzgar tarafı,rwro1kertrfo1y
rüzgâr tarafı,rwro1kertrfo1y
rüzgar üstü,rwro1kerewsbo2y
rüzgâr üstü,rwro1kerewsbo2y
ruz -i ceza,rwro1 xu1ro1e
ruz-i̇ ceza,rwro1 xu1ro1e
ruz-i ceza,rwro1 xu1ro1e
rûz-i cezâ,rwro1 xu1ro1e
ruz-i,rwro1u4
rûz-i,rwro1u4
ruz-merre,rwro1mrh||
rûz-merre,rwro1mrh
ruznamçe,rwro1bo1emxu3h||
rûznâmçe,rwro1bo1emxu3h
ruznameci,rwro1bo1emh||xu1y
ruznâmeci,rwro1bo1emh||xu1y
ruznameli,rwro1bo1emh||ly
ruzname,ro9wro1o0bo1o4emo4h||
rûznâme,ro9wro1o0bo1o4emo4h
ruzname,rwro1bo1emh
ruzname,rwro1bo1emh||
ruznâme,rwro1bo1emh
rûznâme,rwro1bo1emh
ruz,rwro1
rûz,rwro1
ruz-u ceza,ro9wro1u4 xu1o4ro1o4e
rûz-u cezâ,ro9wro1u4 xu1o4ro1o4e
rûz-u,rwro1u4
ruzüşeb,rwro1 w so3bu1
rûzüşeb,rwro1 w so3bu1
