pabend,bu3ebu1bo1d
pâbend,bu3ebu1bo1d
paberca,bu3ebu1rxu1e
pâbercâ,bu3ebu1rxu1e
paberikab,bu3ebu1rkebu1
pâberikâb,bu3ebu1rkebu1
pabeste,bu3ebu1sbo2h||
pâbeste,bu3ebu1sbo2h
pabirehne,bu3ebu1rhbo1h||
pâbirehne,bu3ebu1rhbo1h
pa,bu3e
pâ,bu3e
pabuc,bu3ebu1wxu1
pabuç,bu3ebu3wso3
pabuç,bu3ebu3wxu3
pabuccu,bu3ebu1wxu3xu1y
pabuçlar,bu3ebu1wxu3lr
pabucu,bu3ebu1wxu1y
pabucunu,bu3ebu1wxu1bo1y
pabusi,bu3ebu1wsy
pâbûsî,bu3ebu1wsy
paça,bu3exu3e
paça,bu3exu3h
paça,bu3exu3h||
paçacı,bu3exu3exu1y
paçalı,bu3exu3ely
pacame,bu3exu1emh||
pâcâme,bu3exu1emh
paçavra,bu3exu3ewre
pâçavra,bu3exu3ewre
paçavra,bu3xu1ewrh
paçavra,bu3xu1ewrh||
paçavra,bu3xu3ewrh
paçavra,bu3xu3ewrh||
paçavracı,bu3exu3ewrexu1y
paçavradır,bu3exu3ewredr
paçavralar,bu3exu3ewrelr
paçavraları,bu3exu3ewrelry
paçavraya,bu3exu3ewreyh
paçe,bu3exu3h||
pâçe,bu3exu3h
padavra,bu3dewrh
padavra,bu3dewrh||
padişaha,bu3edso3ehh
pâdişâha,bu3edso3ehh
padişahane,bu3edso3ehebo1h||
pâdişâhâne,bu3edso3ehebo1h
padi̇şah,bu3edso3eh||
padişah,bu3edso3eh
padişah,bu3edso3eh||
pâdişah,bu3edso3eh
pâdişâh,bu3edso3eh
pâdişâh-i âlî,bu3o4edu4so3o4ehu4 ao4elu4bu2
pâdişâh-ı âlî,bu3o4edu4so3o4ehu4 ao4elu4bu2
padi̇şah-i ali̇,bu3o4edu4so3o4ehu4 ao4elu4y
padişah-ı ali,bu3o4edu4so3o4ehu4 ao4elu4y
padişah-ı,bu3edso3ehu4
padişahî,bu3edso3ehy
padişahı,bu3edso3ehy
pâdişahı,bu3edso3ehy
padişahîden,bu3edso3ehydbo1
padişahıdır,bu3edso3ehydr
padişahımız,bu3edso3ehmro1
pâdişâhımız efendimiz,bu3edso3ehmro1efo1bo1dbu2mro1
padişahımız efendimiz,bu3edso3ehmro1efo1bo1dymro1
padişahımızın,bu3edso3ehmro1ko3
pâdişahımızın,bu3edso3ehmro1ko3
padişahına,bu3edso3ehbo1h
padişahın,bu3edso3ehko3
pâdişahın,bu3edso3ehko3
padişahından,bu3edso3ehbo1dbo1
pâdişahından,bu3edso3ehbo1dbo1
padişahını,bu3edso3ehbo1y
padişahının,bu3edso3ehbo1ko3
pâdişahının,bu3edso3ehbo1ko3
padişahla,bu3edso3ehlh
padişahlara,bu3edso3ehlrh
padişahlar,bu3edso3ehlr
padişahlardan,bu3edso3ehlrdbo1
padişahları,bu3edso3ehlry
padişahlarına,bu3edso3ehlrybo1h
padişahların,bu3edso3ehlrko3
padişahlarından,bu3edso3ehlrbo1dbo1
padişahlarını,bu3edso3ehlrybo1y
padişahlarının,bu3edso3ehlrybo1ko3
padişahlığına,bu3edso3ehlao1bo1h
padişahlık,bu3edso3ehlfo2
pâdişâhlık,bu3edso3ehlfo2
padişahlık etmek,bu3edso3ehlfo2 e
pâdişâhlık etmek,bu3edso3ehlfo2 e
padişahtan,bu3edso3ehdbo1
padşah,bu3edso3eh||
pâdşâh,bu3edso3eh
padşahi,bu3edso3ehy
pâdşâhî,bu3edso3ehy
padzehr,bu3edro1hr
pâdzehr,bu3edro1hr
pafta,bu3efo1bo2e
paha biçmek,bu1hebu1xu3mk
pahâ biçmek,bu1hebu1xu3mk
paha biçmeklik,bu1he bu1xu3mklk
pahâ biçmeklik,bu1he bu1xu3mklk
paha,bu1he
pahâ,bu1he
paha,bu3he
pahacı,bu3hexu1y
pahalan,bu3helebo1
pahalanmak,bu3helebo1mfo2
pahalaştırdı,bu3heleso3dyrdy
pahalı,bu1helw
pahalı,bu1hely
pahalı,bu3hely
pahalıdır,bu1helydr
pahalılaş,bu3helyleso3
pahalılaşmak,bu3helbu2leso3mfo2
pahalılaşmak,bu3helyleso3mfo2
pahalılık,bu1helwlfo2
pahalılık,bu1helylfo2
pahalılık,bu3helbu2lfo2
pahalılık,bu3helylfo2
pahası inmek,bu3hesy ebo1mk
pahasına,bu1hesbo1h
pahâ tayîn etmek,bu1hebo2abu2bu2bo1 e
paha tayin etmek,bu1hebo2ayybo1 e
pahaya çıkmış,bu3hebu2h xu3bu2fo2mso3
pahaya çıkmış,bu3heyh xu3yfo2mso3
pakbaz,bu3ekbu1ero1
pâkbâz,bu3ekbu1ero1
pak,bu3ek
pâk,bu3ek
pak,bu3o4eko0
pâk,bu3o4eko0
pakdamen,bu3ek dembo1
pâkdâmen,bu3ek dembo1
pak-damenlik,bu3ekdembo1lk
pâk-dâmenlik,bu3ekdembo1lk
pâk'e,bu3ekh
paket,bu3ekbo2
paket,bu3ekh||bo2
paket,bu3ekh||bo2
paketi,bu3ekbo2y
paketleri,bu3ekbo2lry
paketleriyle,bu3ekbo2lrylh
pâk-i,bu3eku4
paki,bu3eky
pâki,bu3eky
pâkidir,bu3ekydr
pâk'in,bu3ekko3
pâkinde,bu3ekbo1dh
pâkinden,bu3ekbo1dbo1
pâkini,bu3ekbo1y
pâkinin,bu3ekbo1ko3
pâkinizi,bu3ekko3ro1y
pakistan'a,bu3eksbo2ebo1h
pakistan,bu3eksbo2ebo1
pakistan'da,bu3eksbo2ebo1dh
pakistan'daki,bu3eksbo2ebo1dh||ky
pakistan'dan,bu3eksbo2ebo1dbo1
pakistan'ın,bu3eksbo2ebo1ko3
pakistan'la,bu3eksbo2ebo1lh
pakistan'lara,bu3eksbo2ebo1lrh
pakistan'lı,bu3eksbo2ebo1ly
pakistanlı,bu3eksbo2ebo1ly
pakistanlıdır,bu3eksbo2ebo1lydr
pakistanlılar,bu3eksbo2ebo1lylr
pakistanlıyım,bu3eksbo2ebo1ly||ym
pâkîze,bu3ekbu2ro1h
pakize,bu3ekyro1h||
paklığı,bu3eklko7y
pâklığı,bu3eklko7y
pâklık,bu3eklk
paktı,bu3efo2bo2y
pâktır,bu3ekdr
paktlar,bu3efo2bo2lr
palabıyık,bu3elebu1bu2bu2fo2
palabıyık,bu3elebu1yyfo2
pala,bu3ele
pala,bu3elh
pala,bu3elh||
palamar,bu3lemer
palamud,bu3elemwd
palamut,bu3lembu2d
palamut,bu3lemwt
palamut,bu3lemyd
palan,bu3elebo1
pâlân,bu3elebo1
palan,bu3lebo1
palân,bu3lebo1
palanduz,bu3elebo1 dwro1
pâlânduz,bu3elebo1 dwro1
palanga,bu3elebo1ao1e
palanga,bu3lbo1fo2h
palanga,bu3lbo1fo2h||
palanga,bu3lebo1fo2h
palanga,bu3lebo1fo2h||
palaska,bu3elesfo2e
palaska,bu3elesfo2h
palaska,bu3lesfo2h
palaska,bu3lesfo2h||
palaskalı,bu3elesfo2ely
palaskalık,bu3elesfo2elfo2
palaspandras,bu3eles bu3ebo1dres
palastrupa,bu3elestrwbu3h
palastrupa,bu3elestrwbu3h||
palavra,bu3elewre
palavracı,bu3elewrexu1y
palavralarla,bu3elewrelrlh
palaz,bu3elero1
palazla,bu3elero1le
palazlamak,bu3elero1lemfo2
paldırküldür,bu3eldbu2rkwldwr
paldırküldür,bu3eldyrkwldwr
palet,bu3elh||bo2
palet,bu3elh||bo2
palto,bu3elbo2w
palto,bu3eltw
paltonundur,bu3eltwbo1ko3dr
paltoyu,bu3eltwyy
palu,bu3elw
paluze,bu3elwro1h||
pâlûze,bu3elwro1h
palyaço,bu3elbu2exu3w
palyaço,bu3elyexu3w
palyaçoluk,bu3elbu2exu3wlfo2
palyaçoluk,bu3elyexu3wlfo2
pamal,bu3emel
pâmâl,bu3emel
pamuk,bu3emwfo2
pamukçu,bu3emwfo2xu1y
pamuklu,bu3emwfo2ly
pamuklu hırka gibi dikmek,bu3emw fo2lwxo1rfo2h kbu1y dbu2kmk
pamuklu hırka gibi dikmek,bu3emw fo2lwxo1rfo2h kbu1y dykmk
pamuk-misal,bu3emwfo2||mbo3el
pamuktan,bu3emwfo2dbo1
panama,bu3ebo1eme
panaroma,bu3ebo1wreme
panayır,bu3bo1ebu2r
panayır,bu3bo1eyr
panayır,bu3ebo1ebu2r
panayır,bu3ebo1eyr
pan,bu3ebo1
pancar,bu3ebo1xu1er
pancur,bu3ebo1xu1wr
pandispanya,bu3ebo1dbu2sbu3ebo1bu2e
pandispanya,bu3ebo1dysbu3ebo1ye
pandomima,bu3ebo1dwmbu2me
pandomima,bu3ebo1dwmyme
panik,bu3ebo1bu2k
panik,bu3ebo1yk
pankreas,bu3ebo1fo2rh||eo6s
pankreas,bu3ebo1fo2rh||eo6s
pansiyon,bu3ebo1sbu2wbo1
pansiyon,bu3ebo1sywbo1
pantalomba,bu3bo1telwmbu1h
pantalomba,bu3bo1telwmbu1h||
panteîsm,bu3ebo1bo2h||bo5bu2ro1m
panteism,bu3ebo1bo2h||bo5yro1m
panteist,bu3ebo1bo2h||bo5bu2sbo2
panteist,bu3ebo1bo2h||bo5ysbo2
panteon,bu3ebo1bo2h||bo5wbo1
panteon,bu3ebo1bo2h||bo5wbo1
pantolon,bu3ebo1tlwbo1
pantolon,bu3ebo1twlwbo1
pantolonu,bu3ebo1twlwbo1y
pantolonunu,bu3ebo1twlwbo1bo1y
pantufla,bu3ebo1bo2wfo1le
panturanism,bu3ebo1bo2wrebo1bu2ro1m
panturanism,bu3ebo1bo2wrebo1yro1m
panturanist,bu3ebo1bo2wrebo1bu2sbo2
panturanist,bu3ebo1bo2wrebo1ysbo2
pantürkist,bu3ebo1bo2wrkbu2sbo2
pantürkist,bu3ebo1bo2wrkysbo2
pantürkizm,bu3ebo1bo2wrkbu2ro1m
pantürkizm,bu3ebo1bo2wrkyro1m
panzehir,bu3ebo1ro1hr
panzehire,bu3ebo1ro1hrh
panzehiri,bu3ebo1ro1hry
panzehirin,bu3ebo1ro1hrko3
panzehirleri,bu3ebo1ro1hrlry
papa,bu3ebu3e
papadiya,bu3ebu3edbu2h
papadiya,bu3ebu3edyh||
papadiye,bu3ebu3edbu2h
papadiye,bu3ebu3edyh||
papağan,bu3bu3ao1ebo1
papağan,bu3ebu3eao1ebo1
papağanları,bu3ebu3eao1ebo1lry
papalık,bu3ebu3elfo2
papara,bu3ebu3ere
papatya,bu3ebu3ebo2bu2h
papatya,bu3ebu3ebo2yh||
papatya,bu3ebu3edbu2h
papaza,bu3ebu3esh
papaz,bu3ebu3ero1
papaz,bu3ebu3es
papazı,bu3ebu3esy
papazının,bu3ebu3esbo1ko3
papazlara,bu3ebu3eslrh
papazları,bu3ebu3eslry
papazlarına,bu3ebu3eslrybo1h
papazların,bu3ebu3eslrko3
papazlarından,bu3ebu3eslrbo1dbo1
papazlarının,bu3ebu3eslrybo1ko3
papazlar sefareti,bu3ebu3eslrsfo1erbo2y
papazlar sefâreti,bu3ebu3eslrsfo1erbo2y
papazlık,bu3ebu3ero1lfo2
papazlık,bu3ebu3eslfo2
papirüs,bu3ebu3bu2rws
papirüs,bu3ebu3yrws
papiyon,bu3ebu3bu2wbo1
papiyon,bu3ebu3ywbo1
papura,bu3ebu3wre
papuş,bu3ebu3wso3
pâpûş,bu3ebu3wso3
papuşcu (papuccu),bu3ebu3wso3xu1y
papyekuşe,bu3ebu3bu2h||fo2wso3h
papyekuşe,bu3ebu3yh||fo2wso3h||
para,bu3ere
para,bu3erh
para,bu3erh||
para,bu3o4ero4h
para,bu3o4ero4h||
para bulmak,bu3erh bu1wlmfo2
para çekmecesi,bu3erh xu3kmxu1h sy
paradan,bu3erh||dbo1
paradır,bu3erh||dr
paradoks,bu3eredwfo2s
parafe,bu3erefo1h
parafe,bu3erefo1h||
parafin,bu3erefo1bu2bo1
parafin,bu3erefo1ybo1
paragraf,bu3ereao1refo1
para harc etmek,bu3erh xo1rxu1 e
para kaybetmiş,bu3erh ao1ebo5bu1 ebu2bo2mso3
para kaybetmiş,bu3erh ao1ebo5bu1 eybo2mso3
parakete,bu3rekbo2h
parakete,bu3rekbo2h||
parala,bu3erele
paraladı,bu3erh||ledy
paralamak,bu3erelemfo2
paralamak,bu3erh lmk
paralamakla,bu3erelemfo2lh
paralan,bu3erelebo1
paralanış,bu3erh lbo1so3
paralanmak,bu3erelebo1mfo2
paralanmak,bu3erh lbo1mk
paralanmış,bu3erelebo1mso3
paraları,bu3erh||lry
paralarımızı,bu3erh||lrymro1y
paralarla,bu3erh||lrlh
paralı,bu3erely
paralık,bu3erh||lfo2
paralıyor,bu3erh||lywr
param,bu3erh||m
paramdan,bu3erh||mdbo1
paramız,bu3erh||mro1
paramla,bu3erh||mlh
paramparça,bu3erem||bu3erxu3e
paramparça,bu3erem||bu3erxu3e
paramparça,bu3erh||m bu3erxu3h
paranın,bu3erh||bo1ko3
parantez,bu3erebo1bo2ro1
parası,bu3erh||sy
parasından,bu3erh||sbo1dbo1
parasını,bu3erh||sbo1y
parasını vermek,bu3erh sbo1y wbu2rmk
parasını vermek,bu3erh sbo1y wyrmk
parasıyla,bu3resylh
parasız,bu3eresro1
parasız,bu3erh||sro1
parasızlık,bu3eresro1lfo2
parasızlıktan,bu3erh||sro1lfo2dbo1
paraşüt,bu3ereso3wbo2
paraşütlerle,bu3ereso3wbo2lrlh
paratoner,bu3erebo2wbo1h||r
paratoner,bu3erebo2wbo1h||r
paravana,bu3erewebo1e
paravanalar,bu3erewebo1h||lr
paraya,bu3erh||yh
para yedirmek,bu3erh bu2drmk
para yedirmek,bu3erh ydrmk
parayı,bu3erh||yy
parazit,bu3erero1bu2bo2
parazit,bu3erero1ybo2
parça,bu2erxu3h
parça,bu3erxu3e
parça,bu3erxu3h
parça,bu3erxu3h||
parçacı,bu3erxu3exu1y
parçacığını,bu3erxu3h||xu1ao1bo1y
parçacık,bu3erxu3h||xu1fo2
parçada,bu3erxu3h||dh
parçadaki,bu3erxu3h||dh||ky
parçadan,bu3erxu3h||dbo1
parçadır,bu3erxu3h||dr
parça-i,bu3erxu3h'u4
parça koymak,bu3erxu3h fo2wmfo2
parçakpurçak,bu3erxu3efo2||bu3wrxu3efo2
parçakpurçak,bu3erxu3efo2||bu3wrxu3efo2
parçala,bu3erxu3ele
parçaladı,bu3erxu3h||ledy
parçaladığı,bu3erxu3h||ledyao1y
parçalamak,bu3erxu3elemfo2
parçalamak,bu3erxu3h||lemfo2
parçalamaktan,bu3erxu3h||lemfo2dbo1
parçalamamak,bu3erxu3h||lememfo2
parçalaması,bu3erxu3h||lemsy
parçalamasına,bu3erxu3h||lemesbo1h
parçalamayı,bu3erxu3h||lemeyy
parçalamış,bu3erxu3h||lemso3
parçalamışlar,bu3erxu3h||lemso3lr
parçalanabilir,bu3erxu3h||lebo1h||bu1ylyr
parçalanacağı,bu3erxu3h||lebo1h||xu1ao1y
parçalanacak,bu3erxu3h||lebo1h||xu1fo2
parçalanacaktır,bu3erxu3h||lebo1h||xu1fo2dr
parçalanan,bu3erxu3h||lebo1ebo1
parçalanarak,bu3erxu3h||lebo1h||rfo2
parçalan,bu3erxu3elebo1
parçalandı,bu3erxu3h||lebo1dy
parçalandığını,bu3erxu3h||lebo1dyao1bo1y
parçalanıp,bu3erxu3h||lebo1wbu1
parçalanır,bu3erxu3h||lebo1yr
parçalanırsam,bu3erxu3h||lebo1yrsh||m
parçalanıyor,bu3erxu3h||lebo1ywr
parçalanmadan,bu3erxu3h||lebo1mh||dbo1
parçalanmağa,bu3erxu3h||lebo1mao1h
parçalanmak,bu3erxu3elebo1mfo2
parçalanmak,bu3erxu3h||lebo1mfo2
parçalanmaması,bu3erxu3h||lebo1memsy
parçalanması,bu3erxu3h||lebo1msy
parçalanmasına,bu3erxu3h||lebo1msbo1h
parçalanmasından,bu3erxu3h||lebo1mesbo1dbo1
parçalanmasını,bu3erxu3h||lebo1msbo1y
parçalanmasıyla,bu3erxu3h||lebo1mesylh
parçalanmasiyle,bu3erxu3h||lebo1mesylh
parçalanmaya,bu3erxu3h||lebo1mao1h
parçalanmayan,bu3erxu3h||lebo1myebo1
parçalanmış,bu3erxu3h||lebo1mso3
parçalanmıştır,bu3erxu3h||lebo1mso3dr
parçalansa,bu3erxu3h||lebo1sh
parçalara,bu3erxu3h||lrh
parçalar,bu3erxu3h||lr
parçalardan,bu3erxu3h||lrdbo1
parçalardır,bu3erxu3h||lrdr
parçaları,bu3erxu3h||lry
parçalarıdır,bu3erxu3h||lrydr
parçalarımızı,bu3erxu3h||lrymro1y
parçalarına,bu3erxu3h||lrybo1h
parçaların,bu3erxu3h||lrko3
parçalarında,bu3erxu3h||lrbo1dh
parçalarından,bu3erxu3h||lrbo1dbo1
parçalarını,bu3erxu3h||lrybo1y
parçalarının,bu3erxu3h||lrybo1ko3
parçalarıyla,bu3erxu3h||lrylh
parçalarla,bu3erxu3h||lrlh
parçalarsın,bu3erxu3h||lersko3
parçalasın,bu3erxu3h||lesybo1
parçalat,bu3erxu3elebo2
parçalatmak,bu3erxu3elebo2mfo2
parçalayabilir,bu3erxu3h||leyh||bu1ylyr
parçalayacağız,bu3erxu3h||leyh||xu1ao1ro1
parçalayacak,bu3erxu3h||leyh||xu1fo2
parçalayacaktır,bu3erxu3h||leyh||xu1fo2dr
parçalayan,bu3erxu3h||leyebo1
parçalayarak,bu3erxu3h||leyh||rfo2
parçalayıcı,bu3erxu3h||leyyxu1y
parçalayıp,bu3erxu3h||leywbu1
parçalıyor,bu3erxu3h||leywr
parçalıyorlar,bu3erxu3h||leywrlr
parçalıyorsun,bu3erxu3h||leywrsko3
parçanın,bu3erxu3h||bo1ko3
parça parça etmek,bu3erxu3h bu3erxu3h e
parçası,bu3erxu3h||sy
parçasıdır,bu3erxu3h||sydr
parçasına,bu3erxu3h||sbo1h
parçasında,bu3erxu3h||sbo1dh
parçasındaki,bu3erxu3h||sbo1dh||ky
parçasından,bu3erxu3h||sbo1dbo1
parçasını,bu3erxu3h||sbo1y
parçasının,bu3erxu3h||sbo1ko3
parçasıyla,bu3erxu3h||sylh
parçaya,bu3erxu3h||yh
parça,yerxu3h||
parçayı,bu3erxu3h||yy
parçe,bu3erxu3h||
pârçe,bu3erxu3h
pardon,bu3erdwbo1
pardösü,bu3erdwsw
pardösülük,bu3erdwswlk
pardotu,bu3erdy ewbo2y
pare,bu3erh||
pâre,bu3erh
pare,bu3o4ero4h
pare,bu3o4ero4h||
parelemek,bu3erh lmk
pârelemek,bu3erh lmk
parelenince,bu3erh||lbo1bo1xu1h
parelenmek,bu3erh lbo1mk
pârelenmek,bu3erh lbo1mk
pare (para),bu3erh||
pâre (para),bu3erh
pare pare,bu3erh bu3erh||
pâre pâre,bu3erh bu3erh
parıl,bu3erbu2l
parıl,bu3eryl
parıldadığı,bu3eryldedyao1y
parıldama,bu3erbu2ldemh
parıldama,bu3eryldemh||
parıldamak,bu3rldemfo2
parıldamaktadır,bu3eryldemfo2dh||dr
parıldayan,bu3eryldeyebo1
parıldıyor,bu3eryldyywr
parıltı,bu3erbu2lbo2y
parıltı,bu3erylbo2y
parıltıdır,bu3erylbo2ydr
parıltılar,bu3erylbo2ylr
parıltıları,bu3erylbo2ylry
parıltılarının,bu3erylbo2ylrybo1ko3
parıltısı,bu3erlbo2ysy
parıltısına,bu3erylbo2ysbo1h
parıltısından,bu3erylbo2ysbo1dbo1
parıltısını,bu3erlbo2ysbo1y
paris,bu3erys
paris'e,bu3erysh
paris'te,bu3erysdh
park,bu3erfo2
parke,bu3erkh
parke,bu3erkh||
parla,bu3erle
parladı,bu3erledy
parladığı,bu3erledyao1y
parladığından,bu3erledyao1bo1dbo1
parladıklarına,bu3erledfo2lrybo1h
parladılar,bu3erledylr
parlağı,bu3erleao1y
parlağıdır,bu3erleao1ydr
parlağının,bu3erleao1bo1ko3
parlak,bu3erlefo2
parlak,bu3rlefo2
parlakça,bu3erlefo2xu1h
parlakça,bu3erlefo2xu1h||
parlakça giyinmiş,bu3erlefo2xu1h kbu2bo1mso3
parlakça giyinmiş,bu3erlefo2xu1h kybo1mso3
parlaklara,bu3erlefo2lrh
parlaklarından,bu3erlefo2lrbo1dbo1
parlaklığı,bu3erlefo2lao1y
parlaklığına,bu3erlefo2lao1bo1h
parlaklığını,bu3erlefo2lao1bo1y
parlaklığıyla,bu3erlefo2lao1ylh
parlaklık,bu3erlefo2lfo2
parlaklıkla,bu3erlefo2lfo2lh
parlaksa,bu3erlefo2sh
parlaktır,bu3erlefo2dr
parlaktırlar,bu3erlefo2drlr
parlama,bu3erlemh
parlama,bu3erlemh||
parlamağa,bu3erlemao1h
parlamak,bu3erlemfo2
parlamakla,bu3erlemfo2lh
parlamaları,bu3erlemelry
parlaması,bu3erlemesy
parlamasına,bu3erlemesbo1h
parlamasın,bu3erlemesybo1
parlamasını,bu3erlemesbo1y
parlamasının,bu3erlemesbo1ko3
parlamayacaktı,bu3erlemyh||xu1fo2dy
parlamayı,bu3erlemeyy
parlamenter,bu3erlmebo1bo2h||r
parlamenter,bu3erlmebo1bo2h||r
parlamento,bu3erlembo1bo2w
parlâmento,bu3erlembo1bo2w
parlamış,bu3erlemso3
parlar,bu3erler
parlarken,bu3erlerkbo1
parlarlar,bu3erlerlr
parlasın,bu3erlesybo1
parlatacağız,bu3erlebo2exu1ao1ro1
parlatan,bu3erlebo2ebo1
parlatarak,bu3erlebo2erfo2
parlat,bu3erlebo2
parlatır,bu3erlebo2yr
parlatıyor,bu3erlebo2yywr
parlatmağa,bu3erlebo2mao1h
parlatmak,bu3erlebo2mfo2
parlatması,bu3erlebo2mesy
parlatmış,bu3erlebo2mso3
parlattı,bu3erlebo2dy
parlattıracak,bu3erlebo2dyrh||xu1fo2
parlattıran,bu3erlebo2dyrebo1
parlattırdı,bu3erlebo2dyrdy
parlattırdınız,bu3erlebo2dyrdyko3ro1
parlattırır,bu3erlebo2dyrr
parlattırıyor,bu3erlebo2dyryywr
parlattırmaya,bu3erlebo2dyrmao1h
parlayacağı,bu3erleyh||xu1ao1y
parlayacağına,bu3erleyh||xu1ao1bo1h
parlayacağını,bu3erleyh||xu1ao1bo1y
parlayacak,bu3erleyh||xu1fo2
parlayacaklar,bu3erleyh||xu1fo2lr
parlayacaktır,bu3erleyh||xu1fo2dr
parlayana,bu3erleyebo1h
parlayan,bu3erleyebo1
parlayıp,bu3erleywbu1
parlayış,bu3erlebu2bu2so3
parlayış,bu3erlebu2so3
parlayış,bu3erleyso3
parlayış,bu3erleyyso3
parler,bu3erlr
parlıyan,bu3erleyebo1
parlıyor,bu3erleywr
parlıyordu,bu3erleywrdy
parlıyorlar,bu3erleywrlr
parmağı,bu3ermao1y
parmağımın,bu3ermao1mko3
parmağına,bu3ermao1bo1h
parmağın,bu3ermao1ko3
parmağından,bu3ermao1bo1dbo1
parmağını,bu3ermao1bo1y
parmağının,bu3ermao1bo1ko3
parmağıyla,bu3ermao1ylh
parmağiyle,bu3ermao1ylh
parmağıyle,bu3ermao1ylh
parmak,bu3ermefo2
parmak,bu3ermfo2
parmak,bu3rmfo2
parmak çatırdatmak,bu3rmfo2 xu3ebo2rdebo2mfo2
parmakçı,bu3ermefo2xu1y
parmakçığı,bu3ermfo2xu1ao1y
parmak ile işâret etmek,bu3rmfo2 ebu2lh eso3erbo2 e
parmak ile işaret etmek,bu3rmfo2 eylh eso3erbo2 e
parmak kapı,bu3rmfo2 fo2bu3w
parmakla,bu3ermfo2lh
parmaklamak,bu3rmfo2lmfo2
parmaklar,bu3ermfo2lr
parmakları,bu3ermfo2lry
parmaklarıdır,bu3ermfo2lrydr
parmaklarıma,bu3ermfo2lrymh
parmaklarımız,bu3ermfo2lrymro1
parmakların,bu3ermfo2lrko3
parmaklarındaki,bu3ermfo2lrko3dh||ky
parmaklarından,bu3ermfo2lrbo1dbo1
parmaklarını,bu3ermfo2lrybo1y
parmaklarının,bu3ermfo2lrybo1ko3
parmaklarıyla,bu3ermfo2lrylh
parmaklariyle,bu3ermfo2lrylh
parmaklarla,bu3ermfo2lrlh
parmaklık,bu3ermefo2lfo2
parmaklık,bu3rmfo2lfo2
parmaklıklarını,bu3ermfo2lfo2lrybo1y
parmak vermek,bu3rmfo2 wbu2rmk
parmak vermek,bu3rmfo2 wyrmk
parola,bu3erwlh
parola,bu3erwlh||
par-par,bu3er bu3er
parsa,bu3erse
pârsâ,bu3erse
pars,bu3ers
parsi,bu3ersy
pârsî,bu3ersy
parti,bu3erbo2y
particiler,bu3erbo2yxu1ylr
particilerden,bu3erbo2yxu1ylrdbo1
particilik,bu3erbo2yxu1ylk
partide,bu3erbo2ydh
parti'den,bu3erbo2ydbo1
partiler,bu3erbo2ylr
partilerden,bu3erbo2ylrdbo1
partilerin,bu3erbo2ylrko3
parti'li,bu3erbo2yly
partililerin,bu3erbo2ylylrko3
partimiz,bu3erbo2ymro1
partimize,bu3erbo2ymro1h
partimizi,bu3erbo2ymro1y
partimizin,bu3erbo2ymro1ko3
parti'nin,bu3erbo2ybo1ko3
partinin,bu3erbo2ybo1ko3
partisi,bu3erbo2ysy
partisidir,bu3erbo2ysydr
partisinde,bu3erbo2ysbo1dh
partisine,bu3erbo2ysbo1h
partisi'nin,bu3erbo2ysbo1ko3
partisinin,bu3erbo2ysbo1ko3
parti'ye,bu3erbo2y||yh
partiye,bu3erbo2y||yh
parti'yi,bu3erbo2y||yy
partiyi,bu3erbo2y||yy
partner,bu3erbo2bo1h||r
partner,bu3erbo2bo1h||r
paşa,bu3eso3e
paşa gemisi,bu3eso3ekmbu2sy
paşa gemisi,bu3eso3ekmysy
paşa kapısı,bu3eso3e fo2bu3wsy
pasak,bu3esefo2
pasaklı,bu3esefo2ly
paşalara,bu3eso3elrh
paşalar,bu3eso3elr
paşaları,bu3eso3elry
paşaların,bu3eso3elrko3
paşalık,bu3eso3elfo2
paşa'nın,bu3eso3ebo1ko3
paşanın,bu3eso3ebo1ko3
pasaport,bu3esebu3wrbo2
pasaport,bu3esh bu3wrth
pasaport,bu3esh bu3wrth||
pasaportudur,bu3esebu3wrbo2ydr
paşasıdır,bu3eso3esydr
paşa'ya,bu3eso3eyh
paşaya,bu3eso3eyh
paşa'yı,bu3eso3eyy
pasban,bu3esbu1ebo1
pâsban,bu3esbu1ebo1
pas,bu3es
paş,bu3eso3
pâş,bu3eso3
pası,bu3ezy
pasinler,bu3esybo1lr
pasinler'in,bu3esybo1lrko3
paskal,bu3esfo2el
paskalya,bu3esfo2elbu2e
paskalya,bu3esfo2elye
paskalyalık,bu3esfo2elbu2elfo2
paskalyalık,bu3esfo2elyelfo2
paslan,bu3eslebo1
paslandıran,bu3ezlebo1dyrebo1
paslandırmak,bu3eslebo1drmfo2
paslandırmak,bu3ezlebo1drmfo2
paslanıp,bu3ezlebo1wbu1
paslanmak,bu3eslebo1mfo2
paslanmamış,bu3ezlebo1memso3
paslanmış,bu3eslebo1mso3
paslanmış,bu3ezlebo1mso3
paslanmıştı,bu3ezlebo1mso3dy
paslarını,bu3ezlrybo1y
paslı,bu3eslw
paslı,bu3esly
paso,bu3esw
paspas,bu3esbu3es
pasta,bu3esbo2e
pastacı,bu3esbo2exu1y
pastala,bu3esbo2ele
pastalamak,bu3esbo2elemfo2
pastal,bu3ztel
pastalı,bu3esbo2ely
pastırma,bu3ezdbu2rmh
pastırma,bu3ezdyrmh||
patadak,bu3eth dfo2
patadak düşmek,bu3eth dfo2 dwso3mk
patakla,bu3ebo2efo2le
pataklamak,bu3ebo2efo2lemfo2
pat,bu3ebo2
patenta,bu3ebo2bo1bo2h
patenta,bu3ebo2bo1bo2h||
patentalı,bu3ebo2bo1bo2h lw
patika,bu3ebo2bu2fo2e
patika,bu3ebo2yfo2e
patik,bu3ebo2bu2k
patik,bu3ebo2yk
patinaj,bu3ebo2bu2bo1ero3
patinaj,bu3ebo2ybo1ero3
patırdı,bu3ebo2bu2rdy
patırdı,bu3ebo2yrdy
patırkütür,bu3ebo2bu2rkwbo2wr
patırkütür,bu3ebo2yrkwbo2wr
patır patır,bu3ebo2bu2r bu3ebo2bu2r
patır patır,bu3ebo2yr bu3ebo2yr
patırtı,bu3etrdy
patırtısı,bu3etyrbo2ysy
patiska,bu3ebo2bu2sfo2e
patiska,bu3ebo2ysfo2e
patiska,bu3ebo2ysfo2h
pati̇ska,bu3o4ebo2u4so0fo2ho4
patiska,bu3o4ebo2u4so0fo2ho4
patiskadan,bu3ebo2ysfo2h||dbo1
patküt,bu3ebo2||kwbo2
patküt,bu3ebo2||kwbo2
patla,bu3ebo2le
patladı,bu3etledy
patlak,bu3ebo2lefo2
patlak,bu3etlefo2
patlama,bu3ebo2lemh
patlama,bu3ebo2lemh||
patlama,bu3etlemh
patlamak,bu3ebo2lefo2
patlamak,bu3ebo2lemfo2
patlamak,bu3etlemfo2
patlamalı,bu3etlemely
patlaması,bu1etlemesy
patlamasıdır,bu3etlemesydr
patlamasına,bu3etlemesbo1h
patlamasıyla,bu3etlemsylh
patlangaç,bu3ebo2lebo1ao1bu2xu1
patlangaç,bu3ebo2lebo1ao1yxu1
patlar,bu3etler
patlasa,bu3ebo2lesh
patlasalar,bu3etlesh||lr
patlat,bu3ebo2lebo2
patlatıp,bu3etlebo2wbu1
patlatır,bu3etlebo2yr
patlatmak,bu3ebo2lebo2mfo2
patlattırdı,bu3ebo2lebo2dyrdy
patlattırdılar,bu3etlebo2dyrdylr
patlayacak,bu3etleyh||xu1fo2
patlayıp,bu3etleywbu1
patlayış,bu3ebo2lebu2bu2so3
patlayış,bu3ebo2lebu2so3
patlayış,bu3ebo2leyso3
patlayış,bu3ebo2leyyso3
patlayış,bu3etlebu2so3
patlayış,bu3etleyso3
patlayış,bu3etleyyso3
patlıcan,bu3etlbu2xu1ebo1
patlıcan,bu3etlxu1ebo1
patlıcan,bu3etlyxu1ebo1
patlıcanları,bu3ebo2lyxu1ebo1lry
patrikâne,bu3trbu2fo2xo1ebo1h
patrikane,bu3tryfo2xo1ebo1h||
patrik,bu3trbu2fo2
patrik,bu3tryfo2
patrikleri,bu3etryfo2lry
patriklik,bu3trbu2fo2lk
patriklik,bu3tryfo2lk
patrona,bu3ebo2rwbo1e
patrona paşa,bu3trwbo1h bu3eso3e
patron,bu3ebo2rwbo1
pavyon,bu3ewbu2bu2wbo1
pavyon,bu3ewyywbo1
payanada,bu3ebu2ebo1de
payanada,bu3eyebo1de
pâyân,bu3ebu2ebo1
payan,bu3eyebo1
pâyan,bu3eyebo1
pâyân,bu3eyebo1
pâyân,bu3o4ebu2o4ebo1o0
payan,bu3o4eyo4ebo1o0
pâyanı,bu3eyebo1y
pâyansız,bu3ebu2ebo1sro1
payansız,bu3eyebo1sro1
pâyansız,bu3eyebo1sro1
pâyânsız,bu3eyebo1sro1
paybend,bu3ebu2bu1bo1d
paybend,bu3eybu1bo1d
pâybend,bu3eybu1bo1d
pay,bu3ey
pây,bu3ey
paybusi,bu3eybu1wsy
pâybûsî,bu3eybu1wsy
paydak,bu3bu2defo2
paydak,bu3ydefo2
paydâr,bu3ebu2der
pâydâr,bu3ebu2der
paydar,bu3eyder
pâydâr,bu3eyder
pâydâr etmek,bu3ebu2dere
paydar etmek,bu3eydere
paydâr olmak,bu3ebu2derew
pâydâr olmak,bu3ebu2derew
paydar olmak,bu3eyderew
paydos,bu3ebu2dws
paydos,bu3eydws
paydostan,bu3eydwsdbo1
paydostur,bu3eydwsdr
paydosundan,bu3eydwsbo1dbo1
pâye,bu3ebu2h
paye,bu3eyh
paye,bu3eyh||
pâye,bu3eyh
payeleri,bu3eyh||lry
payende,bu3ebu2bo1dh
pâyende,bu3ebu2bo1dh
payende,bu3eybo1dh||
pâyende,bu3eybo1dh
pâyende vurmak,bu3ebu2bo1dh ewrmfo2
payende vurmak,bu3eybo1dh ewrmfo2
payesine,bu3eyh||sbo1h
pâyesini,bu3eyh||sbo1y
paygamberlik etmek,bu3bu2ao1mbu1rlk e
paygamberlik etmek,bu3yao1mbu1rlk e
pây-i,bu3eyu4
payı,bu3eyy
pâyidâr,bu3ebu2der
payidar,bu3eyder
pâyidar,bu3eyder
pâyimâl,bu3ebu2mel
payimal,bu3eymel
pâyimal,bu3eymel
pâyin,bu3eybu2bo1
payin,bu3eyybo1
pâyine,bu3eybo1h
pâyinize,bu3eyko3ro1h
payıtaht,bu3ebu2bo2xo1bo2
pây-i taht,bu3ebu2bo2xo1bo2
pâyitaht,bu3ebu2bo2xo1bo2
pay-i taht,bu3eybo2xo1bo2
payitaht,bu3eybo2xo1bo2
payitaht,bu3ey||bo2xo1bo2
payıtaht,bu3eybo2xo1bo2
pâyitaht,bu3eybo2xo1bo2
pâyitaht,bu3o4ebu2u4 bo2o4xo1o0bo2o0
payi̇taht,bu3o4eyu4 bo2o4xo1o0bo2o0
payitaht,bu3o4eyu4 bo2o4xo1o0bo2o0
payitaht-ı,bu3ey||bo2xo1bo2u4
payitahtı,bu3ey||bo2xo1bo2y
payitahtına,bu3ey||bo2xo1bo2bo1h
payitahtında,bu3ey||bo2xo1bo2bo1dh
payitahtları,bu3ey||bo2xo1bo2lry
pâyîz,bu3eybu2ro1
payiz,bu3eyyro1
paykub,bu3eykwbu1
pâykûb,bu3eykwbu1
payla,bu3eyle
paylamak,bu3ebu2lemfo2
paylamak,bu3eylemfo2
paylaş,bu3eyleso3
paylaşdır,bu3eyleso3dyr
paylaşdırmak,bu3ebu2leso3dbu2rmfo2
paylaşdırmak,bu3eyleso3dyrmfo2
paylaşırsınız,bu3eyleso3yrsko3ro1
paylaşmak,bu3ebu2leso3mfo2
paylaşmak,bu3eyleso3mfo2
paylaşsam,bu3eyleso3sh||m
paylaşsın,bu3eyleso3sybo1
pay-mal,bu3eymel
pây-mâl,bu3eymel
pazara,bu3ero1erh
pazar,bu1ero1er
pâzâr,bu1ero1er
pazar,bu3ero1er
pazarcı,bu3ero1erxu1y
pazarcık,bu3ero1erxu1fo2
pazarda,bu3ero1erdh
pazardan,bu3ero1erdbo1
pazardır,bu3ero1erdr
pazar-ertesi,bu3ero1ererbo2sy
pazar günü,bu3ero1erkwbo1y
pazarı,bu3ero1ery
pazarıdır,bu3ero1erydr
pazarına,bu3ero1erybo1h
pazarlaş,bu3ero1erleso3
pazarlaşmak,bu3ero1erleso3mfo2
pazarlık,bu3ero1erlfo2
pazarlık etmek,bu3ero1erlfo2 e
pazartesi,bu3ero1erebu2rbo2h||sy
pazartesi,bu3ero1ereyrbo2h||sy
pazı,bu3ero1y
p,bu3
peçe,bu3xu3h
peçe,bu3xu3h||
peçelenirse,bu3xu3h||lbo1yrsh
peçesi,bu3xu3h||sy
peçesini,bu3xu3h||sbo1y
peçete,bu3xu3bo2h
peçete,bu3xu3bo2h||
peçeyi,bu3xu3h||yy
pedagog,bu3dh||ao1wao1
pedagoglar,bu3dh||ao1wao1lr
pedagoji,bu3h||deao1wro3y
pedagoji,bu3h||deao1wro3y
pedagok,bu3h||deao1wao1
pedagok,bu3h||deao1wao1
pedal,bu3h||del
pedal,bu3h||del
pedegoglar,bu3dh||ao1wao1lr
pederane,bu3drebo1h
pederane,bu3drebo1h||
pederâne,bu3drebo1h
pederanenin,bu3drebo1h||bo1ko3
pederaneyi,bu3drebo1h||yy
peder,bu3dr
peder,bu3o4do4ro0
pederde,bu3drdh
pedere,bu3drh
pederi,bu3dry
pederî,bu3dry
pederidir,bu3drydr
pederim,bu3drm
pederime,bu3drymh
pederimin,bu3drymko3
pederin,bu3drko3
pederinden,bu3drbo1dbo1
pederine,bu3drybo1h
pederini,bu3drybo1y
pederinin,bu3drybo1ko3
pederiniz,bu3dryko3ro1
pederinize,bu3dryko3ro1h
pederinizin,bu3dryko3ro1ko3
pederiyle,bu3drylh
pederler,bu3drlr
pederleri,bu3drlry
pederlerim,bu3drlrm
pederlerimize,bu3drlrymro1h
pederlerinde,bu3drlrbo1dh
pederlerine,bu3drlrybo1h
pederlerini,bu3drlrybo1y
pederlerinin,bu3drlrybo1ko3
pederleriniz,bu3drlryko3ro1
pederlerinizdir,bu3drlryko3ro1dr
pederlik,bu3drlk
pederşahi,bu3drso3ehy
pederşâhî,bu3drso3ehy
pedersiz,bu3drsro1
pehlevan,bu3hlwebo1
pehlevân,bu3hlwebo1
pehlivan,bu3hlwebo1
pehlivân,bu3hlwebo1
pehlivanı,bu3hlwebo1y
pehlivanları,bu3hlwebo1lry
pehlu,bu3hlw
pehlû,bu3hlw
pehnaver,bu3hbo1ewr
pehnâver,bu3hbo1ewr
pehn,bu3hbo1
pehpeh,bu3h||h||bu3h||h||
pehpeh,bu3h||h||bu3h||h
pehpehle,bu3h||h||bu3h||hlh||
pehpehlemek,bu3h||h||bu3h||hlh||mk
pehpehlemek,bu3h||h||bu3h||hlh||mk
pehriz,bu3rhbu2ro1
pehriz,bu3rhyro1
pejmürde,bu1ro3mrdh
pejmürde,bu1ro3mrdh||
pejmürde,bu3ro3mrdh
pejmürde,bu3ro3mrdh||
pek aç,bu3k exu1
pek acıkmış,bu3k exu1fo2mso3
pek a'la,bu3k eale
pek ala,bu3k eale
pekala,bu3k eale
pek a'lâ,bu3k eale
pek âlâ,bu3k eale
pekâlâ,bu3k eale
pek alevlenmek,bu3k alw lbo1mk
pek arzulu,bu3k erro1wlw
pek bakmak,bu3k bu1efo2mfo2
pek benzer,bu3k bu1kro1r
pek boylanmış,bu3k bu1wbu2lbo1mso3
pek boylanmış,bu3k bu1wylbo1mso3
pek,bu3k
pek büyük,bu3k bu1bu2wk
pek büyük,bu3k bu1ywk
pek büyümüş,bu3k bu1bu2wmso3
pek büyümüş,bu3k bu1ywmso3
pek çağırmak,bu3k xu3eao1rmfo2
pekce,bu3kxu3h
pekce,bu3kxu3h||
pek çirkin,bu3k xu3rkbu2bo1
pek çirkin,bu3k xu3rkybo1
pekçok,bu3k xu3wfo2
pekçoktur,bu3k xu3wfo2dr
pek cüz'i,bu3k xu1ro1bo5y
pek cüz'î,bu3k xu1ro1bo5y
pek de lüzûmu olmayan,bu3kdh lro1wmy ewlmbu2ebo1
pek de lüzumu olmayan,bu3kdh lro1wmy ewlmyebo1
pek de zararı olmayan,bu3kdh zo1rry ewlmbu2ebo1
pek de zararı olmayan,bu3kdh zo1rry ewlmyebo1
pek dikkat eder,bu3k dfo2bo2 ebu2dr
pek dikkat eder,bu3k dfo2bo2 eydr
pek dikkat edici,bu3k dfo2bo2 ebu2dbu2xu1y
pek dikkat edici,bu3k dfo2bo2 eydyxu1y
pek fena,bu3k fo1bo1e
pek fenâ,bu3k fo1bo1e
pek fena gelmek,bu3k fo1bo1e klmk
pek fenâ gelmek,bu3k fo1bo1e klmk
pek fena kokmak,bu3k fo1bo1e fo2wfo2mfo2
pek fırtına olmak,bu3k fo1rtwbo1h ew
pek gevrek,bu3k kwrk
pek güzel,bu3k kwro1l
peki,bu3ky
pekî,bu3ky
pekiş,bu3kyso3
pekişmek,bu3kbu2so3mk
pekişmek,bu3kso3mk
pekişmek,bu3kyso3mk
pek istekli,bu3k esbo2klw
pek istemek,bu3k esbo2mk
pekiştir,bu3kyso3dyr
pekiştirmek,bu3kbu2so3dbu2rmk
pekiştirmek,bu3kso3drmk
pekiştirmek,bu3kyso3dyrmk
pek iyi,bu3k ebu2w
pek iyi,bu3k ebu2y
pek iyi,bu3k eyw
pek iyi,bu3k eyy
pek kabîh,bu3k fo2bu1bu2x
pek kabih,bu3k fo2bu1yx
pek kavî söyler,bu3k fo2wy swbu2lr
pek kavi söyler,bu3k fo2wy swylr
pek kerîh,bu3k krbu2h
pek kerih,bu3k kryh||
pek kıymetli,bu3k fo2bu2mbo2lw
pek kıymetli,bu3k fo2ymbo2lw
pek kolay kırılır,bu3k fo2wley fo2bu2rbu2lwr
pek kolay kırılır,bu3k fo2wley fo2yrylwr
pek korkulu,bu3k fo2wrfo2wlw
pek külliyetli,bu3k klbu2bo2lw
pek külliyetli,bu3k klybo2lw
pek latîf,bu3k ltbu2fo1
pek latif,bu3k ltyfo1
pek lâyıksız,bu3k lebu2fo2sro1
pek layıksız,bu3k leyfo2sro1
peklik,bu3klk
pek mahuf,bu3k mxo1wfo1
pek mahûf,bu3k mxo1wfo1
pekmez,bu1kmro1
pekmez,bu3kmro1
pek muhîbb,bu3k mhbu2bu1
pek muhibb,bu3k mhybu1
pek münasebetsiz,bu3k mbo1esbu1bo2sro1
pek münâsebetsiz,bu3k mbo1esbu1bo2sro1
pek nazik,bu3k bo1ero1k
pek nâzik,bu3k bo1ero1k
pek niyâz etmek,bu3k bo1bu2ero1e
pek niyaz etmek,bu3k bo1yero1e
pek okumak,bu3k ewfo2wmfo2
pek oynamak seven çocuk,bu3k ewbu2bo1emfo2 swbo1 xu3wxu1fo2
pek oynamak seven çocuk,bu3k ewybo1emfo2 swbo1 xu3wxu1fo2
pek parlamak,bu3k bu3erlemfo2
pek parlayış,bu3k bu3erlebu2so3
pek parlayış,bu3k bu3erleyso3
pek rica etmek,bu3k rxu1e e
pek ricâ etmek,bu3k rxu1e e
pek sabah,bu3k zbu1ex
pek sert,bu3k srbo2
pek ses,bu3k ss
pek sesli,bu3k sslw
pek ses vermek,bu3k ss wbu2rmk
pek ses vermek,bu3k ss wyrmk
pek sever,bu3k swr
pek sevinçli,bu3k swbo1xu1lw
pek sevinmiş,bu3k swbo1mso3
pek sıklık,bu3k zbu2fo2lfo2 ao1lbu1h lfo2
pek sıklık,bu3k zyfo2lfo2 ao1lbu1h lfo2
peksimet,bu3ksmebo2
pek solumak,bu3k zwlwmfo2
pek söylemek,bu3k swbu2lmk
pek söylemek,bu3k swylmk
pek tafsîlâta girişmek,bu3k bo2fo1zbu2lebo2h kbu2rso3mk
pek tafsilata girişmek,bu3k bo2fo1zylebo2h kyrso3mk
pek tatlı,bu3k tebo2lw
pek teklîfsiz,bu3k bo2klbu2fo1sro1
pek teklifsiz,bu3k bo2klyfo1sro1
pek ümîdçi,bu3k embu2dxu1y
pek ümidçi,bu3k emydxu1y
pek yalvarmak,bu3k bu2elwermfo2
pek yalvarmak,bu3k yelwermfo2
pek yüz vermek,bu3k bu2wro1wbu2rmk
pek yüz vermek,bu3k ywro1wyrmk
pelas,bu3les
peleng,bu3lbo1ko7
pelesenk ağacı,bu3lsbo1k eao1exu1y
pelîd,bu3lbu2d
pelid,bu3lyd
pelin,bu3lbu2bo1
pelin,bu3lybo1
pelinotu,bu3lbu2bo1 ewbo2y
pelinotu,bu3lybo1 ewbo2y
pelit,bu3lbu2bo2
pelit,bu3lybo2
pelte,bu3lbo2h
pelte,bu3lbo2h||
peltek,bu3lbo2k
pelteklen,bu3lbo2sklh||bo1
pelteklenmek,bu3lbo2sklh||bo1mk
pelteklenmek,bu3lbo2sklh||bo1mk
peltekleş,bu3lbo2sklh||so3
peltekleşmek,bu3lbo2sklh||so3mk
peltekleşmek,bu3lbo2sklh||so3mk
pelteklik,bu3lbo2klk
pelteklik,bu3lbo2sklk
peltek söylemek,bu3lbo2k swbu2lmk
peltek söylemek,bu3lbo2k swylmk
pembe,bu3bo1bu1h
pembe,bu3bo1bu1h||
pembelik,bu3bo1bu1h||lk
pembelik,bu3bo1bu1h||lk
pembemsi,bu3bo1bu1h||msy
pembemsi,bu3bo1bu1h||msy
penah,bu3bo1eh
penah,bu3bo1eh||
penahgah,bu3bo1ehko7eh||
penahgâh,bu3bo1ehko7eh
penahi,bu3bo1ehy
penahı,bu3bo1ehy
penâhî,bu3bo1ehy
penaltı,bu3h||bo2elbo2y
penaltı,bu3h||bo2elbo2y
penbe,bu3bo1bu1h
penbe,bu3bo1bu1h||
penbe,bu3bo1ehy
penc,bu3bo1xu1
pence,bu3bo1xu1h
pence,bu3bo1xu1h||
pençe,bu3bo1xu1h
pençe,bu3bo1xu1h||
pençe,bu3bo1xu3h
pençe,bu3bo1xu3h||
pençe-i,bu3bo1xu3h'u4
pençele,bu3bo1xu3h||lh||
pençelemek,bu3bo1xu3h||lh||mk
pençelemek,bu3bo1xu3h||lh||mk
pençeleri,bu3bo1xu3h||lry
pençelerine,bu3bo1xu3h||lrybo1h
pençelerini,bu3bo1xu3h||lrybo1y
pençeleş,bu3bo1xu3h||lh||so3
pençeleşmek,bu3bo1xu3h||lh||so3mk
pençeleşmek,bu3bo1xu3h||lh||so3mk
pençeleşmek,bu3bo1xu3h||lso3mk
pençeleşmesi,bu3bo1xu3h||lso3mh||sy
pençeli,bu3bo1xu3h||ly
pençeli,bu3bo1xu3h||ly
pençenin,bu3bo1xu3h||bo1ko3
pencere,bu3bo1xu1h||rh||
pencere,bu3bo1xu1h||rh
pencere,bu3bo1xu1rh
pencere,bu3bo1xu1rh||
pencere,bu3bo1xu1rh||
pencerede,bu3bo1xu1rh||dh
pencereden,bu3bo1xu1rh||dbo1
penceredir,bu3bo1xu1rh||dr
pencere-i,bu3bo1xu1rh'u4
pencereler,bu3bo1xu1rh||lr
pencerelerden,bu3bo1xu1rh||lrdbo1
pencerelerdir,bu3bo1xu1rh||lrdr
pencerelere,bu3bo1xu1rh||lrh
pencereleri,bu3bo1xu1rh||lry
pencerelerimi,bu3bo1xu1rh||lrymy
pencereler'in,bu3bo1xu1rh||lrko3
pencerelerin,bu3bo1xu1rh||lrko3
pencerelerinde,bu3bo1xu1rh||lrbo1dh
pencerelerinden,bu3bo1xu1rh||lrbo1dbo1
pencerelerine,bu3bo1xu1rh||lrybo1h
pencerelerini,bu3bo1xu1rh||lrybo1y
pencerelerinin,bu3bo1xu1rh||lrybo1ko3
pencereleriyle,bu3bo1xu1rh||lrylh
pencereli,bu3bo1xu1rh||ly
penceremiz,bu3bo1xu1rh||mro1
pencere'nin,bu3bo1xu1rh||bo1ko3
pencerenin,bu3bo1xu1rh||bo1ko3
penceresi,bu3bo1xu1rh||sy
penceresidir,bu3bo1xu1rh||sydr
penceresi'nde,bu3bo1xu1rh||sbo1dh
penceresinde,bu3bo1xu1rh||sbo1dh
penceresinden,bu3bo1xu1rh||sbo1dbo1
penceresine,bu3bo1xu1rh||sbo1h
penceresini,bu3bo1xu1rh||sbo1y
penceresinin,bu3bo1xu1rh||sbo1ko3
penceresiyle,bu3bo1xu1rh||sylh
pencereye,bu3bo1xu1rh||yh
pencereyi,bu3bo1xu1rh||yy
pençesinden,bu3bo1xu3h||sbo1dbo1
pençesini,bu3bo1xu3h||sbo1y
pençesinin,bu3bo1xu3h||sbo1ko3
pençesiyle,bu3bo1xu3h||sylh
pencidü,bu3bo1xu1 w dw
pençinleşmiştir,bu3rxu3ybo1lso3mso3dr
pencise,bu3bo1xu1 w sh
pencise,bu3bo1xu1 w sh||
penciyek:,bu3bo1xu1 w yk
pençlerini,bu3bo1xu3lrybo1y
pençşenbe,bu3bo1xu1so3bo1bu1h
pençşenbe,bu3bo1xu1so3bo1bu1h||
pencüdü,bu3bo1xu1 w dw
pencüse,bu3bo1xu1 w sh
pencüse,bu3bo1xu1 w sh||
pencüyek,bu3bo1xu1 w yk
pend,bu3bo1d
pendname,bu3bo1dbo1emh
pendname,bu3bo1dbo1emh||
peni,bu3h||bo1y
peni,bu3h||bo1y
penir,bu3bo1bu2r
penîr,bu3bo1bu2r
penir,bu3bo1yr
pepe,bu3h||bu3h||
pepe,bu3h||bu3h
pepeği söylemek,bu3bu3ky swbu2lmk
pepeği söylemek,bu3bu3ky swylmk
pepele,bu3h||bu3h||lh||
pepeleme,bu3bu3ky swbu2lmk
pepelemek,bu3h||bu3h||lh||mk
pepelemek,bu3h||bu3h||lh||mk
pepelik,bu3h||bu3h||lk
pepelik,bu3h||bu3h||lk
pepemelik,bu3h||bu3h||mh||lk
pepemelik,bu3h||bu3h||mh||lk
pepsin,bu3h||bu3sbu2bo1
pepsin,bu3h||bu3sybo1
perakende,bu3rekbo1dh
perakende,bu3rekbo1dh||
per,bu3r
perçem,bu3rxu3m
perçin,bu3rxu3bu2bo1
perçin,bu3rxu3ybo1
perçindir,bu3rxu3ybo1dr
perçin etmek,bu3rxu3bu2bo1 e
perçin etmek,bu3rxu3ybo1 e
perçinle,bu3rxu3ybo1lh||
perçinlemek,bu3rxu3bu2bo1lh||mk
perçinlemek,bu3rxu3ybo1lh||mk
perçinleşir,bu3rxu3ybo1lh||so3yr
perçinleşmiştir,bu3rxu3ybo1lso3mso3dr
perçinli,bu3rxu3bu2bo1ly
perçinli,bu3rxu3ybo1ly
perdah,bu3rdexo1
perdahcı,bu3rdexo1xu1y
perdahla,bu3rdexle
perdahlamak,bu3rdexlemfo2
perdahlı,bu3rdexo1ly
perdahsız,bu3rdexo1sro1
perdaz,bu3rdero1
perde-birunane,bu3rdh||bu1yrwbo1ebo1h
perde,bu3rdh
perde,bu3rdh||
perdeci,bu3rdh||xu1y
perdeci,bu3rdh||xu1y
perdedar,bu3rdh||der
perdedar,bu3rdh||der
perdedar,bu3rdh der
perdedâr,bu3rdh||der
perdedar-ı,bu3rdh||deru4
perdedar-i dest-i̇ kudret,bu3o4ro0do4h do4eru4 do4so0bo2u4 fo2o9do0ro4bo2o0
perdedar-ı dest-i kudret,bu3o4ro0do4h do4eru4 do4so0bo2u4 fo2o9do0ro4bo2o0
perdedâr-i dest-i kudret,bu3o4ro0do4h do4eru4 do4so0bo2u4 fo2o9do0ro4bo2o0
perdedâr-ı dest-i kudret,bu3o4ro0do4h do4eru4 do4so0bo2u4 fo2o9do0ro4bo2o0
perdedarlıkta,bu3rdh||derlfo2dh
perdede,bu3rdh||dh
perdeden,bu3rdh||dbo1
perdedir,bu3rdh||dr
perdedirler,bu3rdh||drlr
perde-i,bu3rdh'u4
perde-i izzet,bu3o4ro0do4u4 au4ro1o4o8bo2o0
perde-i̇ i̇zzet,bu3o4ro0do4ۀu4 au4ro1o4o8bo2o0
perde-i izzet,bu3o4ro0do4ۀu4 au4ro1o4o8bo2o0
perde-i izzet ve azamet,bu3o4ro0do4u4 au4ro1o4o8bo2o0 w ao4to1o4mo4bo2o0
perde-i̇ i̇zzet ve azamet,bu3o4ro0do4ۀu4 au4ro1o4o8bo2o0 w ao4to1o4mo4bo2o0
perde-i izzet ve azamet,bu3o4ro0do4ۀu4 au4ro1o4o8bo2o0 w ao4to1o4mo4bo2o0
perde-i zâhirî,bu3o4ro0do4u4 to1o4ehu4rbu2
perde-i̇ zahi̇ri̇,bu3o4ro0do4ۀu4 to1o4ehu4r۪y
perde-i zahiri,bu3o4ro0do4ۀu4 to1o4ehu4r۪y
perde-i zāhiriye,bu3o4ro0do4u4 to1o4ehu4ru4bu2o4h
perde-i zĀhiriye,bu3o4ro0do4u4 to1o4ehu4ru4bu2o4h
perde-i̇ zāhi̇ri̇ye,bu3o4ro0do4ۀu4 to1o4ehu4ru4yo4h||
perde-i zāhiriye,bu3o4ro0do4ۀu4 to1o4ehu4ru4yo4h||
perdele,bu3rdh||lh||
perdeledim,bu3rdh||lh||dm
perdelemek,bu3rdh||lh||mk
perdelemek,bu3rdh||lh||mk
perdelen,bu3rdh||lh||bo1
perdelendikleri,bu3rdh||lbo1dyklry
perdelenir,bu3rdh||lh||bo1yr
perdelenirse,bu3rdh||lbo1yrsh
perdelenmek,bu3rdh||lh||bo1mk
perdelenmek,bu3rdh||lh||bo1mk
perdelenmesini,bu3rdh||lbo1mh||sbo1y
perdelenmiş,bu3rdh||lbo1mso3
perdelenmişse,bu3rdh||lbo1mso3sh
perdeler,bu3rdh||lr
perdelerde,bu3rdh||lrdh
perdelerden,bu3rdh||lrdbo1
perdelerdir,bu3rdh||lrdr
perdelere,bu3rdh||lrh
perdeleri,bu3rdh||lry
perdeleridir,bu3rdh||lrydr
perdelerin,bu3rdh||lrko3
perdelerinde,bu3rdh||lrbo1dh
perdelerinden,bu3rdh||lrbo1dbo1
perdelerine,bu3rdh||lrybo1h
perdelerini,bu3rdh||lrybo1y
perdelerinin,bu3rdh||lrybo1ko3
perdeleriyle,bu3rdh||lrylh
perdelerle,bu3rdh||lrlh
perdeli,bu3rdh||ly
perdeli,bu3rdh||ly
perdenin,bu3rdh||bo1ko3
perdesi,bu3rdh||sy
perdesidir,bu3rdh||sydr
perdesinde,bu3rdh||sbo1dh
perdesinden,bu3rdh||sbo1dbo1
perdesine,bu3rdh||sbo1h
perdesini,bu3rdh||sbo1y
perdesinin,bu3rdh||sbo1ko3
perdesiyle,bu3rdh||sylh
perdesiz,bu3rdh||sro1
perdesiz,bu3rdh||sro1
perdesizlik,bu3rdh||sro1lk
perdesizlik,bu3rdh||sro1lk
perdeye,bu3rdh||yh
perdeyi,bu3rdh||yy
perend,bu3rbo1d
perendebaz,bu3rbo1dh||bu1ero1
perendebâz,bu3rbo1dh||bu1ero1
perende,bu3rbo1dh
perende,bu3rbo1dh||
perese,bu3rsh
perese,bu3rsh||
perestar,bu3rsbo2er
perestâr,bu3rsbo2er
perest,bu3rsbo2
perestîde,bu3rsbo2bu2dh
perestide,bu3rsbo2ydh||
peresti̇ş,bu3o4ro4so0bo2u4so3o0
perestiş,bu3o4ro4so0bo2u4so3o0
perestiş,bu3rsbo2so3
perestişe,bu3rsbo2so3h
perestiş etmek,bu3rsbo2so3 e
perestişgah,bu3rsbo2so3
perestişgâh,bu3rsbo2so3
perestişgah,bu3rsbo2so3ko7eh||
perestişgâh,bu3rsbo2so3ko7eh
perestişi,bu3rsbo2so3y
perestiş-i esnam,bu3rsbo2so3 ezbo1em
perestiş-i esnâm,bu3rsbo2so3 ezbo1em
perestişkarane,bu3rsbo2so3kerebo1h||
perestişkârane,bu3rsbo2so3kerebo1h
perestişkârâne,bu3rsbo2so3kerebo1h
peresti̇şkar,bu3o4ro4so0bo2u4so3o0ko4ero0
perestişkar,bu3o4ro4so0bo2u4so3o0ko4ero0
perestişkâr,bu3o4ro4so0bo2u4so3o0ko4ero0
perestişkar,bu3rsbo2so3ker
perestişkâr,bu3rsbo2so3ker
perestişkârı,bu3rsbo2so3kery
perestişkârları,bu3rsbo2so3kerlry
perestişkârlarına,bu3rsbo2so3kerlrybo1h
perestişkârlarının,bu3rsbo2so3kerlrybo1ko3
perestişliğine,bu3rsbo2so3lko7bo1h
perestişlik,bu3rsbo2so3lk
perestişliklerin,bu3rsbo2so3lklrko3
perestu,bu3rsbo2w
perestû,bu3rsbo2w
pergal,bu3rko7el
pergâl,bu3rko7el
pergar,bu3rko7er
pergâr,bu3rko7er
pergârıyla,bu3rko7erylh
pergârla,bu3rko7erlh
pergar (pergel),bu3rker
pergâr (pergel),bu3rker
pergel,bu3rko7l
pergeli,bu3rko7ery
pergelin,bu3rko7erko3
pergelini,bu3rko7erybo1y
pergeliyle,bu3rko7erylh
pergelle,bu3rko7lh||
pergellemek,bu3rko7lh||mk
pergellemek,bu3rko7lh||mk
perhîz,bu3rhbu2ro1
perhiz,bu3rhyro1
perhizdir,bu3rhyro1dr
perhize,bu3rhyro1h
perhîz etmek,bu3rhbu2ro1e
perhiz etmek,bu3rhyro1e
perhiziyle,bu3rhyro1ylh
perhizkâr,bu3rhbu2ro1ker
perhîzkâr,bu3rhbu2ro1ker
perhizkar,bu3rhyro1ker
perhîzkârlık,bu3rhbu2ro1kerlfo2
perhizkarlık,bu3rhyro1kerlfo2
perhîzli,bu3rhbu2ro1lw
perhizli,bu3rhyro1lw
perhizsizlikten,bu3rhyro1sro1lkdbo1
perhîz tutmak,bu3rhbu2ro1twbo2mfo2
perhiz tutmak,bu3rhyro1twbo2mfo2
perhîz yemeği,bu3rhbu2ro1 bu2mky
perhiz yemeği,bu3rhyro1 ymky
peri,bu3ry
periçihre,bu3ry xu3hrh||
perîçihre,bu3ry xu3hrh
pericik,bu3rbu2xu1k
pericik,bu3ryxu1k
perihan,bu3ry xo1ebo1
periler,bu3rylr
perilere,bu3rylrh
perîpeyker,bu3ry bu3bu2kr
peripeyker,bu3ry bu3ykr
perîşan,bu3rbu2so3ebo1
perîşân,bu3rbu2so3ebo1
perişan,bu3ryso3ebo1
perîşan,bu3ryso3ebo1
perişandır,bu3ryso3ebo1dr
perîşân etmek,bu3rbu2so3ebo1 e
perişan etmek,bu3ryso3ebo1 e
perişanhal,bu3ryso3ebo1 xel
perîşanhal,bu3ryso3ebo1 xel
perîşânî,bu3rbu2so3ebo1y
perişani,bu3ryso3ebo1y
perişanı,bu3ryso3ebo1y
perîşân-ı hâtır,bu3rbu2so3ebo1 xo1etr
perişan-ı hatır,bu3ryso3ebo1 xo1etr
perişanından,bu3ryso3ebo1bo1dbo1
perişaniyet,bu3ryso3ebo1ybo2
perişaniyete,bu3ryso3ebo1ybo2h
perişaniyeti,bu3ryso3ebo1ybo2y
perişaniyetim,bu3ryso3ebo1ybo2m
perişaniyetimde,bu3ryso3ebo1ybo2mdh
perişaniyetimden,bu3ryso3ebo1ybo2mdbo1
perişaniyetime,bu3ryso3ebo1ybo2mh
perişaniyetimizi,bu3ryso3ebo1ybo2mro1y
perişaniyetimle,bu3ryso3ebo1ybo2mlh
perişaniyetinden,bu3ryso3ebo1ybo2bo1dbo1
perişaniyetine,bu3ryso3ebo1ybo2bo1h
perişaniyetini,bu3ryso3ebo1ybo2bo1y
perişaniyetlerden,bu3ryso3ebo1ybo2lrdbo1
perişaniyetlere,bu3ryso3ebo1ybo2lrh
perişaniyetlerinden,bu3ryso3ebo1ybo2lrbo1dbo1
perişaniyetlerine,bu3ryso3ebo1ybo2lrybo1h
perişaniyetten,bu3ryso3ebo1ybo2dbo1
perişanîyi,bu3ryso3ebo1y||yy
perîşâniyyet,bu3rbu2so3ebo1bu2bo2
perişaniyyet,bu3ryso3ebo1ybo2
perişaniyyetlerinden,bu3ryso3ebo1ybo2lrbo1dbo1
perişanlığından,bu3ryso3ebo1lao1bo1dbo1
perîşanlık,bu3rbu2so3ebo1lfo2
perîşânlık,bu3rbu2so3ebo1lfo2
perişanlık,bu3ryso3ebo1lfo2
perîşân olmak,bu3rbu2so3ebo1 ew
perişan olmak,bu3ryso3ebo1 ew
periveş,bu3ry wso3
perîveş,bu3ry wso3
permanganat,bu3rmebo1ao1ebo1ebo2
permi,bu3rmy
perniyân,bu3rbo1bu2ebo1
perniyan,bu3rbo1yebo1
perno,bu3rbo1w
peron,bu3h||rwbo1
peron,bu3h||rwbo1
perşembe,bu3bo1xu1so3bo1bu1h
perşembe,bu3bo1xu1so3bo1bu1h||
perşembe,bu3rso3bo1bu1h||
perşembe,bu3rso3bo1bu1h||
pertavsız,bu3rbo2wswro1
pertek,bu3rbo2k
pertev,bu3rbo2w
pertev-efşan,bu3o4ro0bo2o4wo0eo5fo1so3ebo1
pertev-endaz,bu3rbo2webo1dero1
pertev-endâz,bu3rbo2webo1dero1
pertevnisar-ı,bu3o4rbo2o4wo0 bo1bo3eru4
pertevsiz,bu3rbo2wswro1
pertevsuz,bu3rbo2wswro1
pertevsûz,bu3rbo2wswro1
pertevsuz (pertevsiz),bu3rbo2wswro1
pertevsûz (pertevsiz),bu3rbo2wswro1
peru,bu3rw
peruka,bu3rwfo2e
perva,bu3o4ro0wo4e
pervâ,bu3o4ro0wo4e
perva,bu3rwe
pervâ,bu3rwe
pervam,bu3rwem
pervane,bu3o4ro0wo4ebo1o4h
pervane,bu3o4ro0wo4ebo1o4h||
pervane,bu3rwebo1h
pervane,bu3rwebo1h||
pervâne,bu3rwebo1h
pervaneler,bu3rwebo1h||lr
pervanelerdir,bu3rwebo1h||lrdr
pervaneleri,bu3rwebo1h||lry
pervane-misal,bu3rwebo1h||mbo3el
pervanesi,bu3rwebo1h||sy
pervaneveş,bu3rwebo1h wso3
pervâneveş,bu3rwebo1h wso3
pervari,bu3rwery
pervası,bu3rwesy
pervasız,bu3rwesro1
pervâsız,bu3rwesro1
pervasızca,bu3rwesro1xu1h
pervasızlık,bu3rwesro1lfo2
pervâsızlık,bu3rwesro1lfo2
pervaz,bu3o4ro0wo4ero1o0
pervâz,bu3o4ro0wo4ero1o0
pervaz,bu3rwero1
pervâz,bu3rwero1
pervaz çekmek,bu3rwero1xu3kmk
pervâz çekmek,bu3rwero1xu3kmk
pervazlık,bu3rwero1lfo2
perver,bu3rwr
perverde,bu3o4o4ro0wo4ro0do4h
perverde,bu3o4o4ro0wo4ro0do4h||
perverde,bu3rwrdh
perverde,bu3rwrdh||
perverdeyiz,bu3rwrdh||yro1
perverdigar,bu3rwrdker
perverdigâr,bu3rwrdker
perverdigar,bu3rwrdko7er
perverdigâr,bu3rwrdko7er
perveriş etmek,bu3rwrso3 e
pervin,bu3rwybo1
perviz,bu3rwyro1
perviz'in,bu3rwyro1ko3
pes,bu1s
pes,bu3s
peş,bu3so3
pesend,bu3sbo1d
pesendide,bu3sbo1dydh||
pesendîde,bu3sbo1dydh
peşgir meşgir,bu3bu2so3kbu2r mbu2so3kbu2r
peşgir meşgir,bu3yso3kyr myso3kyr
peşîman,bu3so3bu2mebo1
peşîmân,bu3so3bu2mebo1
peşiman,bu3so3ymebo1
peşîmânlık,bu3so3bu2mebo1lfo2
peşÎmânlık,bu3so3bu2mebo1lfo2
peşi̇manlık,bu3so3ymebo1lfo2
peşimanlık,bu3so3ymebo1lfo2
peşîmânlık (pişmanlık),bu3so3bu2mebo1lfo2
peşimanlık (pişmanlık),bu3so3ymebo1lfo2
peşîmân (pişman) olmak,bu3so3bu2mebo1 ew
peşiman (pişman) olmak,bu3so3ymebo1 ew
peşimdeki,bu3so3ymdh||ky
pesimist,bu3h||sbu2mbu2sbo2
pesimist,bu3h||symysbo2
peşimizde,bu3so3ymro1dh
pesimizm,bu3h||sbu2mbu2ro1m
pesimizm,bu3h||symyro1m
peşin,bu3bu2so3bu2bo1
pesîn,bu3sbu2bo1
peşin,bu3so3bu2bo1
peşin,bu3so3ybo1
pesin,bu3sybo1
peşin,bu3yso3ybo1
peşinci,bu3so3bu2bo1xu1y
peşinci,bu3so3ybo1xu1y
peşinde,bu3so3bo1dh
peşindedir,bu3so3bo1dh||dr
peşindedirler,bu3so3bo1dh||drlr
peşindeki,bu3so3ybo1dh||ky
peşinden,bu3yso3ko3dbo1
peşindesin,bu3so3bo1dh||sko3
peşine,bu3so3ybo1h
peşine düşmek,bu3bu2so3bo1h dwso3mk
peşine düşmek,bu3yso3bo1h dwso3mk
peşinen,bu3so3ybo1o44e
peşkeş,bu3so3kso3
peşkeş,bu3yso3kso3
peşkir,bu3bu2so3kbu2r
peşkir,bu3so3kbu2r
peşkir,bu3so3kyr
peşkir,bu3yso3kyr
pesmande,bu3s mebo1dh||
pesmânde,bu3s mebo1dh
peşm,bu3so3m
pespâye,bu3sbu3ebu2h
pespaye,bu3s||bu3eyh
pespaye,bu3sbu3eyh||
pespâyeleştirdin,bu3s||bu3eyh||lso3dyrdko3
peşrev,bu3so3rw
peşşebend,bu3so3h bu1bo1d
peşşe,bu3so3h
peşşe,bu3so3h||
peştahta,bu3so3bo2xo1bo2h
peştahta,bu3so3bo2xo1bo2h||
pest,bu3o4so0bo2o0
pest,bu3sbo2
peştemal,bu3so3bo2mel
peştemâl,bu3so3bo2mel
peştemalcı,bu3so3bo2melxu1y
peştemallık,bu3so3bo2mellfo2
pestil,bu3sfo2bu2l
pestil,bu3sfo2yl
peszinde,bu3s ro1bo1dh
peszinde,bu3s ro1bo1dh||
petek,bu3bo2k
petekte,bu3bo2kdh
petersburg,bu3o4bo2o4ro0so0bu1o9ro0ao1
petmez,bu3bo2mro1
petrograd'dan,bu3bo2rwao1reddbo1
petrol,bu3bo2rwl
peyamber,bu3bu2embu1r
peyâmber,bu3bu2embu1r
peyamber,bu3yembu1r
peyâm,bu3bu2em
peyam,bu3yem
peyâmres,bu3bu2emrs
peyamres,bu3yemrs
peyapey,bu3yebu3y
pey,bu3y
peydâ,bu3bu2de
peydâ,bu3o4bu2o0do4e
peyda,bu3o4yo0do4e
peyda,bu3yde
peydâ etmek,bu3bu2de e
peyda etmek,bu3yde e
peydâ olmak,bu3bu2de ew
peyda olmak,bu3yde ew
peyderpey,bu3y dr bu3y
peygamberan-ı,bu3yao1mbu1rebo1u4
peygamber,bu3bu2ao1embu1r
peygamber,bu3bu2ao1mbu1r
peygamber,bu3yao1embu1r
peygamber,bu3yao1mbu1r
peygamber'de,bu3yao1mbu1rdh
peygamber'den,bu3yao1mbu1rdbo1
peygamberden,bu3yao1mbu1rdbo1
peygamberdir,bu3yao1mbu1rdr
peygamber'e,bu3yao1mbu1rh
peygambere,bu3yao1mbu1rh
peygamberedir,bu3yao1mbu1rh||dr
peygamber-i,bu3yao1mbu1ru4
peygamber'i,bu3yao1mbu1ry
peygamberi,bu3yao1mbu1ry
peygamberî,bu3yao1mbu1ry
peygamberî'de,bu3yao1mbu1rydh
peygamberîde,bu3yao1mbu1rydh
peygamberidir,bu3yao1mbu1rydr
peygamberîdir,bu3yao1mbu1rydr
peygamberim,bu3yao1mbu1rm
peygamber'imin,bu3yao1mbu1rymko3
peygamberimin,bu3yao1mbu1rymko3
peygamberimiz,bu3yao1mbu1rymro1
peygamberimizden,bu3yao1mbu1rymro1dbo1
peygamberimize,bu3yao1mbu1rymro1h
peygamberimiz'i,bu3yao1mbu1rymro1y
peygamberimizi,bu3yao1mbu1rymro1y
peygamberimizin,bu3yao1mbu1rymro1ko3
peygamber'in,bu3yao1mbu1rko3
peygamberin,bu3yao1mbu1rko3
peygamberine,bu3yao1mbu1rybo1h
peygamberi'nin,bu3yao1mbu1rybo1ko3
peygamberinin,bu3yao1mbu1rybo1ko3
peygamberînin,bu3yao1mbu1rybo1ko3
peygamberiniz,bu3yao1mbu1ryko3ro1
peygamberinizi,bu3yao1mbu1ryko3ro1y
peygamberîsin,bu3yao1mbu1rysko3
peygamberiye,bu3yao1mbu1ryh
peygamberîye,bu3yao1mbu1ry||yh
peygamberiyeden,bu3yao1mbu1ryh||dbo1
peygamberiyeye,bu3yao1mbu1ryh||yh
peygamberî'yi,bu3yao1mbu1ry||yy
peygamberîyi,bu3yao1mbu1ry||yy
peygamberîyle,bu3yao1mbu1rylh
peygamberle,bu3yao1mbu1rlh
peygamberler,bu3yao1mbu1rlr
peygamberlere,bu3yao1mbu1rlrh
peygamberleri,bu3yao1mbu1rlry
peygamberlerin,bu3yao1mbu1rlrko3
peygamberlerinden,bu3yao1mbu1rlrbo1dbo1
peygamberlerini,bu3yao1mbu1rlrybo1y
peygamberlerle,bu3yao1mbu1rlrlh
peygamberliğini,bu3yao1mbu1rlko7bo1y
peygamberlik,bu3yao1mbu1rlk
peygamberliklerine,bu3yao1mbu1rlklrybo1h
peygamber tarafından verilen haber,bu3bu2ao1mbu1r trfo1bo1dbo1 wbu2rbu2lebo1 xo1bu1r
peygamber tarafından verilen haber,bu3yao1mbu1r trfo1bo1dbo1 wyrylebo1 xo1bu1r
peygam,bu3bu2ao1em
peygam,bu3yao1em
peykân,bu3bu2kebo1
peykan,bu3ykebo1
peykar,bu3bu2ker
peykar,bu3yker
peyk,bu3bu2k
peyk,bu3o4bu2o0ko0
peyk,bu3o4yo0ko0
peyk,bu3yk
peyke,bu3bu2kh
peyke,bu3ykh||
peykeh,bu3bu2kh
peykeh,bu3ykh||
peyker,bu3bu2kr
peyker,bu3ykr
peykidir,bu3ykydr
peykisiniz,bu3ykysko3ro1
peyklerin,bu3yklrko3
peykleriyle,bu3yklrylh
peyle,bu3ylh||
peylemek,bu3bu2lh||mk
peylemek,bu3ylh||mk
peylen,bu3ylh||bo1
peylenmek,bu3bu2lh||bo1mk
peylenmek,bu3ylh||bo1mk
peyleş,bu3ylh||so3
peyleşmek,bu3bu2lh||so3mk
peyleşmek,bu3ylh||so3mk
peymâ,bu3bu2me
peyma,bu3yme
peymana,bu3ymebo1h
peyman,bu3ymebo1
peymâne,bu3bu2mebo1h
peymane,bu3ymebo1h||
peyman-ı,bu3ymebo1u4
peynir,bu3bu2bo1bu2r
peynir,bu3ybo1yr
peynirci,bu3bu2bo1bu2rxu1y
peynirci,bu3ybo1yrxu1y
peynircilik,bu3bo1bu2rxu1bu2lk
peynircilik,bu3bo1yrxu1ylk
peynirden,bu3ybo1yrdbo1
peyniri,bu3ybo1yry
peynirlen,bu3ybo1yrlh||bo1
peynirlenmek,bu3bu2bo1bu2rlh||bo1mk
peynirlenmek,bu3ybo1yrlh||bo1mk
peyrev,bu3bu2rw
peyrev,bu3yrw
peyzaj,bu3h||bu2ro1ero3
peyzaj,bu3h||yro1ero3
pezevenk,bu3ro1wbo1k
piç,bu3bu2xu3
pîç,bu3bu2xu3
piç,bu3yxu3
picktahall,bu3ykbo2wl
picktahall'ın,bu3ykbo2wlko3
pîç ü tâb,bu3bu2xu3 w bo2ebu1
piç ü tab,bu3yxu3 w bo2ebu1
pîç ü tâb etmek,bu3bu2xu3 wbo2ebu1 e
piç ü tab etmek,bu3yxu3 wbo2ebu1 e
piç vermek,bu3bu2xu3 wbu2rmk
piç vermek,bu3yxu3 wyrmk
pide,bu3bu2dh
pide,bu3ydh||
pidelik,bu3bu2dh||lk
pidelik,bu3ydh||lk
pıhtı,bu3xo1bo2y
pıhtılan,bu3xo1bo2ylebo1
pıhtılanma,bu3xo1bo2lebo1mh
pıhtılanma,bu3xo1bo2lebo1mh||
pıhtılanmak,bu3xo1bo2bu2lebo1mfo2
pıhtılanmak,bu3xo1bo2ylebo1mfo2
pıhtılaş,bu3xo1bo2yleso3
pıhtılaşmak,bu3xo1bo2bu2leso3mfo2
pıhtılaşmak,bu3xo1bo2yleso3mfo2
pıhtılaştır,bu3xo1bo2yleso3dyr
pıhtılaştırmak,bu3xo1bo2bu2leso3dbu2rmfo2
pıhtılaştırmak,bu3xo1bo2yleso3dyrmfo2
pıhtılat,bu3xo1bo2ylebo2
pıhtılatmak,bu3xo1bo2bu2lebo2mfo2
pıhtılatmak,bu3xo1bo2ylebo2mfo2
pijama,bu3bu2ro3eme
pijama,bu3yro3eme
pike,bu3bu2kh
pike,bu3ykh||
piktol,bu3ykbo2wl
pilâğı,bu3leao1y
pilaki,bu3leky
pilâki,bu3leky
pilâv,bu3bu2lew
pilav,bu3ylew
pil,bu3bu2l
pîl,bu3bu2l
pil,bu3yl
piliç,bu3bu2lbu2xu3
piliç,bu3lxu1
piliç,bu3ylyxu3
piliçleri,bu3ylyxu3lry
pılıpırtı,bu3bu2ly||bu3bu2rbo2y
pılıpırtı,bu3yly||bu3yrbo2y
pilot,bu3bu2lwbo2
pilot,bu3ylwbo2
pınar başı,bu3bu2ker bu1eso3y
pınar başı,bu3yker bu1eso3y
pınarbaşı,bu3ylo5o3erbu1eso3y
pınar,bu3bu2ker
pınar,bu3bu2ko3er
pınar,bu3wko3er
pınar,bu3yker
pınar,bu3ylo5o3er
pınarı,bu3wko3ery
pınarın,bu3wko3erko3
pınarlara,bu3yko3erlrh
pınarlar,bu3wko3erlr
pînedûzlükten,bu3ybo1h||dwro1lfo2dbo1
pinekle,bu3ybo1klh||
pineklemek,bu3bu2bo1klh||mk
pineklemek,bu3ybo1klh||mk
pinhan,bu3bo1hebo1
pinti,bu3bo1bo2y
pinti,bu3bu2bo1bo2y
pinti,bu3ybo1bo2y
pintilen,bu3ybo1bo2ylh||bo1
pintilenmek,bu3bu2bo1bo2bu2lh||bo1mk
pintilenmek,bu3ybo1bo2ylh||bo1mk
pintileş,bu3ybo1bo2ylh||so3
pintileşmek,bu3bu2bo1bo2bu2lh||so3mk
pintileşmek,bu3ybo1bo2ylh||so3mk
pintilik,bu3bu2bo1bo2bu2llk
pintilik,bu3ybo1bo2yllk
pipo,bu3bu2bu3w
pipo,bu3ybu3w
pirâhen,bu3bu2rehbo1
pîrahen,bu3bu2rehbo1
pirahen,bu3yrehbo1
pîran,bu3yrebo1
pırasa,bu3rezh
pırasa,bu3rezh||
pîrâye,bu3bu2reyh
piraye,bu3yreyh||
pir,bu3bu2r
pîr,bu3bu2r
pîr,bu3bu2ro0
pir,bu3yr
pîr,bu3yr
pi̇r,bu3۪yro0
pir,bu3۪yro0
pire,bu3bu2rh
pire,bu3yrh
pire,bu3yrh||
pirelen,bu3yrh||lh||bo1
pirelenmek,bu3bu2rh||lh||bo1mk
pirelenmek,bu3yrh||lh||bo1mk
pireler,bu3yrh||lr
pirenin,bu3yrh||bo1ko3
pireotu,bu3bu2rh ewbo2y
pireotu,bu3yrh ewbo2y
pirezen,bu3bu2rh ro1bo1
pîrezen,bu3bu2rh ro1bo1
pirezen,bu3yrh ro1bo1
pîr-i,bu3yru4
pîr–i,bu3yru4
pîridir,bu3yrydr
pırıl,bu3bu2rbu2l
pırıl,bu3yryl
pırıltıları,bu3yrylbo2ylry
pırıltılarla,bu3yrylbo2ylrlh
pirinç,bu3rbo1xu1
pirinç,bu3rbo1xu3
pirinçten,bu3rbo1xu1dbo1
pırlangıç,bu3rlebo1ao1bu2xu3
pırlangıç,bu3rlebo1ao1yxu3
pırlanta,bu3bu2rlebo1th
pırlanta,bu3rlebo1th
pırlanta,bu3rlebo1th||
pırlanta,bu3yrlebo1th
pırlanta,bu3yrlebo1th||
pırlantalar,bu3yrlebo1th||lr
pırlantaları,bu3yrlebo1th||lry
pırlantalarını,bu3yrlebo1th||lrybo1y
pırlanta-misal,bu3yrlebo1th||mbo3el
pırlanta-misâl,bu3yrlebo1th||mbo3el
pırlantası,bu3yrlebo1th||sy
pırlantayı,bu3yrlebo1th||yy
pîrleri,bu3yrlry
pirmis,bu3yrmys
pırtı,bu3bu2rbo2y
pırtı,bu3rbo2y
pırtı,bu3yrbo2y
pırtık,bu3bu2rbo2bu2fo2
pırtık,bu3yrbo2yfo2
pırtı-mırtılarını,bu3yrbo2y myrbo2ylrybo1y
piryol,bu3bu2rbu2wl
piryol,bu3yrywl
pirzola,bu3bu2rro1wle
pirzola,bu3yrro1wle
pîşânî,bu3bu2so3ebo1y
pişani,bu3yso3ebo1y
pisboğaz,bu3bu2s bu1wao1ero1
pisboğaz,bu3ys bu1wao1ero1
pisboğazlık,bu3bu2s bu1wao1ero1lfo2
pisboğazlık,bu3ys bu1wao1ero1lfo2
pis,bu3bu2s
pîş,bu3bu2so3
pis,bu3s
pis,bu3so3
pis,bu3ys
piş,bu3yso3
pîşdar,bu3bu2so3der
pîşdâr,bu3bu2so3o0do4ero0
pişdar,bu3so3der
pişdâr,bu3so3der
pişdar,bu3yso3der
pi̇şdar,bu3۪yso3o0do4ero0
pişdar,bu3۪yso3o0do4ero0
pişdarı,bu3yso3dery
pişdarıdır,bu3yso3derydr
pişdarlık,bu3yso3derlfo2
pîşe,bu3bu2so3h
pîşe,bu3u4bu2so3o4h
pi̇şe,bu3u4yso3o4h||
pişe,bu3u4yso3o4h||
pişe,bu3yso3h
pişe,bu3yso3h||
pîşekâr,bu3bu2so3h ker
pîşekâr,bu3bu2so3h  ker
pişekar,bu3yso3h ker
pişekar,bu3yso3h  ker
pis etmek,bu3s e
pîşgâh,bu3bu2so3ko7eh
pişgah,bu3yso3ko7eh||
pis gezen adam,bu3s kro1bo1 edm
pîşgîr,bu3bu2so3ko7bu2r
pişgir,bu3yso3ko7yr
pisibalığı,bu3sy bu1elao1y
pisi balığı,bu3sy bu1elbu2ao1y
pisi balığı,bu3sy bu1elyao1y
pisi,bu3bu2sy
pisi,bu3sy
pîş-i,bu3yso3u4
pisi,bu3ysy
pişik,bu3so3bu2k
pişik,bu3so3yk
pîşîn,bu3bu2so3bu2bo1
pişin,bu3yso3ybo1
pîşin (peşin) para,bu3bu2so3bu2bo1 bu3erh
pişin (peşin) para,bu3yso3ybo1 bu3erh||
pîşin vermek,bu3bu2so3bu2bo1 wbu2rmk
pişin vermek,bu3yso3ybo1 wyrmk
pisipisi,bu3bu2sy bu3bu2sy
pisipisi,bu3ysy bu3ysy
pişir,bu3yso3yr
pişirdi,bu3yso3yrdy
pişirdiği,bu3yso3yrdyko7y
pişirdiğim,bu3yso3yrdyko7m
pişirdikten,bu3yso3yrdkdbo1
pişiren,bu3yso3yrbo1
pişireyim,bu3yso3yrh||ym
pısırık,bu3bu2zbu2rbu2fo2
pısırık,bu3yzyryfo2
pısırıklık,bu3bu2zbu2rbu2fo2lfo2
pısırıklık,bu3yzyryfo2lfo2
pişirildi,bu3yso3yryldy
pişirildikten,bu3yso3yryldkdbo1
pişirilecek,bu3yso3yrylh||xu1k
pişirilen,bu3yso3yrylbo1
pişiriliyor,bu3yso3yrylyywr
pişirim,bu3so3bu2rbu2m
pişirim,bu3so3yrym
pişirir,bu3yso3yryr
pişiriyor,bu3yso3yryywr
pişiriyorlardı,bu3yso3yryywrlrdy
pişiriyorsa,bu3yso3yryywrsh
pişirmek,bu3bu2so3bu2rmk
pişirmek,bu3so3rmk
pişirmek,bu3so3wrmk
pişirmek,bu3yso3yrmk
pişirmelerine,bu3yso3yrmh||lrybo1h
pişirmiş,bu3yso3yrmso3
pişirt,bu3yso3yrbo2
pişirtiyor,bu3yso3yrbo2yywr
pişirtmek,bu3bu2so3bu2rbo2mk
pişirtmek,bu3yso3yrbo2mk
pişirttirdiği,bu3yso3yrbo2dyrdyko7y
pişirttiren,bu3yso3yrbo2dyrbo1
pîşkeş,bu3bu2so3kso3
pişkeş,bu3yso3kso3
pişkin,bu3bu2so3kbu2bo1
pişkin,bu3yso3kybo1
pişkinlik,bu3bu2so3kbu2bo1lk
pişkinlik,bu3yso3kybo1lk
piskopos,bu3sfo2bu2ws
piskopos,bu3sfo2bu3ws
piskopos,bu3sfo2yws
piskoposluk,bu3sfo2bu3wslfo2
pisle,bu3yslh||
pislemek,bu3bu2slh||mk
pislemek,bu3yslh||mk
pislen,bu3yslh||bo1
pislendirdiği,bu3yslbo1dyrdyko7y
pislenir,bu3yslh||bo1yr
pislenmek,bu3bu2slh||bo1mk
pislenmek,bu3yslh||bo1mk
pislerin,bu3yslrko3
pisleş,bu3yslh||so3
pisleşmek,bu3bu2slh||so3mk
pisleşmek,bu3yslh||so3mk
pislet,bu3yslh||bo2
pisletmek,bu3bu2slh||bo2mk
pisletmek,bu3yslh||bo2mk
pisliği,bu3yslko7y
pislik,bu3bu2slk
pislik,bu3slk
pislik,bu3yslk
pisliklerden,bu3yslklrdbo1
pisliklere,bu3yslklrh
pislikleri,bu3yslklry
pisliklerinden,bu3yslklrbo1dbo1
pisliyor,bu3yslh||ywr
pişman,bu3bu2so3bu2mebo1
pişman,bu3so3ymebo1
pişman,bu3yso3ymebo1
pişmâniye,bu3bu2so3mebo1bu2h
pişmaniye,bu3yso3mebo1yh||
pişmanlığımız,bu3yso3mebo1lao1mro1
pişmanlık,bu3bu2so3bu2mebo1lfo2
pişmanlık,bu3so3bu2mebo1lfo2
pişmanlık,bu3so3ymebo1lfo2
pişmanlık,bu3yso3mebo1lfo2
pişmanlık,bu3yso3ymebo1lfo2
pişmân olmak,bu3so3bu2mebo1 ew
pişman olmak,bu3so3ymebo1 ew
pişmek,bu3bu2so3mk
pişmek,bu3so3mk
pişmek,bu3yso3mk
pişmemiş,bu3so3memso3
pişmiş,bu3so3mso3
pişmiş,bu3yso3mso3
piştahta,bu3bu2so3bo2xo1bo2h
piştahta,bu3yso3bo2xo1bo2h||
pistan,bu3sbo2ebo1
pistân,bu3sbo2ebo1
piste,bu3sbo2h
piste,bu3sbo2h||
pistir,bu3ysdr
piston,bu3sbo2wbo1
piştov,bu3bu2so3bo2ww
pistov,bu3so3tw
piştov,bu3yso3bo2ww
pişüva,bu3so3we
pişüvâ,bu3so3we
pîşva,bu3bu2so3we
pişva,bu3yso3we
pişvalığını,bu3yso3welao1bo1y
pişva-yı,bu3yso3weyu4
piyâde askeri,bu3bu2edh askry
piyade askeri,bu3yedh askry
piyâde,bu3bu2edh
piyade,bu3yedh||
piyâde kaldırımı,bu3bu2edh fo2eldrbu2my
piyade kaldırımı,bu3yedh fo2eldrymy
piyâde kayığı,bu3bu2edh fo2ebu2ao1yy
piyade kayığı,bu3yedh fo2eyao1yy
piyâde yolu,bu3bu2edh bu2wly
piyade yolu,bu3yedh ywly
piyâle,bu3bu2elh
piyale,bu3yelh||
piyango,bu3bu2ebo1ao1w
piyango,bu3bu2ebo1fo2w
piyango,bu3bu2ebo2fo2w
piyango,bu3yebo1ao1w
piyango,bu3yebo1fo2w
piyango,bu3yebo2fo2w
piyangoda,bu3yebo1fo2wdh
piyangosunda,bu3yebo1fo2wsbo1dh
piyangosundan,bu3yebo1fo2wsbo1dbo1
piyangoya,bu3yebo1fo2wyh
piyangoya koymak,bu3bu2ebo2fo2wbu2h fo2wmfo2
piyangoya koymak,bu3yebo2fo2wyh fo2wmfo2
piyanist,bu3bu2ebo1bu2sbo2
piyanist,bu3yebo1ysbo2
piyano,bu3bu2ebo1w
piyano,bu3yebo1w
piyasa,bu3bu2esh
piyasa,bu3yesh||
piyaz,bu3bu2ero1
piyaz,bu3yero1
plağı,bu3leao1y
plaka,bu3lefo2e
plâka,bu3lefo2e
plâklar,bu3lefo2lr
plâksız,bu3lefo2sro1
plâna,bu3lebo1h
plan,bu3lebo1
plân,bu3lebo1
plânda,bu3lebo1dh
plândan,bu3lebo1dbo1
plândır,bu3lebo1dr
plânı,bu3lebo1y
plânına,bu3lebo1bo1h
plânın,bu3lebo1ko3
plânından,bu3lebo1bo1dbo1
plânını,bu3lebo1bo1y
plânının,bu3lebo1bo1ko3
plânıyla,bu3lebo1ylh
plânla,bu3lebo1lh
plânlar,bu3lebo1lr
plânlardan,bu3lebo1lrdbo1
plânları,bu3lebo1lry
plânlarına,bu3lebo1lrybo1h
plânların,bu3lebo1lrko3
plânlarından,bu3lebo1lrbo1dbo1
plânlarını,bu3lebo1lrybo1y
plânlarının,bu3lebo1lrybo1ko3
plânlarıyla,bu3lebo1lrylh
plânlarla,bu3lebo1lrlh
plânlı,bu3lebo1ly
plase,bu3lesh||
plâse,bu3lesh
plasman,bu3lesmebo1
plâsman,bu3lesmebo1
plâtin,bu3lebo2bu2bo1
platin,bu3lebo2ybo1
plâtonik,bu3lebo2wbo1bu2k
platonik,bu3lebo2wbo1yk
plonjon,bu1lwbo1ro3wbo1
pohpoh,bu3wh||bu3wh||
pohpoh,bu3wh||bu3wh
pohpohla,bu3wh||bu3whle
pohpohlamak,bu3wh||bu3whlemfo2
pohpohlamak,bu3wh||bu3whlemfo2
poiça,bu3wlbu2xu3h
poiça,bu3wlyxu3h||
poilip,bu3wlbu2bu3
poilip,bu3wlybu3
poker,bu3wkh||r
poker,bu3wkh||r
polad,bu3wled
polat,bu3wlet
polatlı,bu3wletly
polattan,bu3wletdbo1
poliçe,bu1wlyxu3h
poliçe,bu1wlyxu3h||
poligon,bu3wlbu2ao1wbo1
poligon,bu3wlyao1wbo1
polis,bu3wlbu2s
polis,bu3wlys
polise,bu3wlysh
polishanesinde,bu3wlysxo1ebo1h||sbo1dh
polishaneye,bu3wlysxo1ebo1h||yh
polisi,bu3wlysy
polisin,bu3wlysko3
polisle,bu3wlyslh
polisler,bu3wlyslr
polislere,bu3wlyslrh
polisleri,bu3wlyslry
polislerin,bu3wlyslrko3
polislerle,bu3wlyslrlh
polislik,bu3wlyslk
politika,bu3wlbu2bo2bu2fo2e
politika,bu3wlybo2yfo2e
politika,bu3wlybo2yfo2h
politikacı,bu3wlbu2bo2bu2fo2exu1y
politikacı,bu3wlybo2yfo2exu1y
politikacılara,bu3wlybo2yfo2h||xu1ylrh
politikasına,bu3wlybo2yfo2h||sbo1h
polonya,bu3wlwbo1ye
pomak,bu3wmefo2
porselen,bu3wrslh||bo1
porselen,bu3wrslh||bo1
porsiyon,bu3wrsbu2wbo1
porsiyon,bu3wrsywbo1
pörsü,bu3wrsw
porsu,bu3wzw
porsuk ağacı,bu1wrzfo2 eao1exu1y
pörsük,bu3wrswk
porsuk,bu3wrzwfo2
porsumak,bu3wzwmfo2
pörsümek,bu3wrswmk
porsun,bu3wrzwbo1
pörsüt,bu3wrswbo2
pörsütmek,bu3wrswbo2mk
portakal,bu3wrbo2fo2el
portatif,bu3wrbo2ebo2bu2fo1
portatif,bu3wrbo2ebo2yfo1
port,bu3wrbo2
portekiz,bu3wrbo2kyro1
portföy,bu3wrbo2fo1wy
portmanto,bu3wrbo2 mebo1bo2w
portre,bu3wrbo2rh
portre,bu3wrbo2rh||
portresini,bu3wrbo2rh||sbo1y
posa,bu3wze
posa,bu3wzh
posa,bu3wzh||
posa,bu3wzy
posalan,bu3wzelebo1
posalanmak,bu3wzelebo1mfo2
posbıyık,bu3wz||bu1bu2bu2fo2
posbıyık,bu3wz||bu1yyfo2
posof,bu3wsxo1wfo1
posta,bu3wsbo2h
posta,bu3wsbo2h||
postacı,bu3wsbo2h||xu1y
postacı,bu3wsbo2h||xu1y
postacıları,bu3wsbo2h||xu1ylry
postacılığı,bu3wsbo2h||xu1ylao1y
postacılık,bu3wsbo2h||xu1ylfo2
postacısı,bu3wsbo2h||xu1ysy
postada,bu3wsbo2h||dh
postadan,bu3wsbo2h||dbo1
postahane,bu3wsbo2h||xo1ebo1h||
postahane,bu3wsbo2h xo1ebo1h||
postahâne,bu3wsbo2h||xo1ebo1h
postahâne,bu3wsbo2h xo1ebo1h
postahanelerden,bu3wsbo2h||xo1ebo1h||lrdbo1
postahanelere,bu3wsbo2h||xo1ebo1h||lrh
postahanesi,bu3wsbo2h||xo1ebo1h||sy
postahanesinde,bu3wsbo2h||xo1ebo1h||sbo1dh
postahanesinden,bu3wsbo2h||xo1ebo1h||sbo1dbo1
postahanesine,bu3wsbo2h||xo1ebo1h||sbo1h
postahaneye,bu3wsbo2h||xo1ebo1h||yh
postal,bu3wsbo2el
posta memuru,bu3wsbo2h meo5mwry
posta memûru,bu3wsbo2h meo5mwry
posta nazırı,bu3wsbo2h bo1eto1ry
posta nâzırı,bu3wsbo2h bo1eto1ry
postane,bu3wsbo2h||xo1ebo1h||
postâne,bu3wsbo2h||xo1ebo1h
postaya,bu3wsbo2h||yh
postaya vermek,bu3wsbo2h bu2h wbu2rmk
postaya vermek,bu3wsbo2h yh wyrmk
postayı,bu3wsbo2h||yy
post,bu3sbo2
post,bu3wsbo2
posteki,bu3wsbo2h||ky
posteki,bu3wsbo2ky
pösteki,bu3wsbo2ky
postîn,bu3sbo2bu2bo1
postin,bu3sbo2ybo1
postla,bu3wsbo2lh
postlarıyla,bu3wsbo2lrylh
postnişin,bu3sbo2 bo1so3bu2 bo1
postnişin,bu3sbo2 bo1so3ybo1
postnişin,bu3sbo2 bo1so3y bo1
postu,bu3wsbo2y
postuna,bu3wsbo2bo1h
postunu,bu3wsbo2bo1y
poşu,bu3wso3w
pota,bu3wbo2e
pota,bu3wbo2h
pota,bu3wbo2h||
pota,bu3wth
pota,bu3wth||
potada,bu3wbo2h||dh
pota-i,bu3wbo2h'u4
pot,bu3wbo2
pot,bu3wt
potur,bu3wtwr
poyraz,bu3wbu2rero1
poyraz,bu3wyrero1
poyrazla,bu3wyrero1le
poyrazlamak,bu3wbu2rero1lemfo2
poyrazlamak,bu3wyrero1lemfo2
pozitif,bu3wro1ybo2yfo1
pozitivism,bu3wro1bu2bo2bu2swbu2ro1m
pozitivism,bu3wro1ybo2yswyro1m
pozitivist,bu3wro1bu2bo2bu2fo1
pozitivist,bu3wro1bu2bo2bu2swbu2sbo2
pozitivist,bu3wro1ybo2yfo1
pozitivist,bu3wro1ybo2yswysbo2
pozitivizm,bu3wro1ybo2wyro1m
pragmatism,bu3reao1mebo2bu2ro1m
pragmatism,bu3reao1mebo2yro1m
pranga,bu3rebo1ao1e
prangalı,bu3rebo1ao1h lw
prasa,bu3rezh
prasa,bu3rezh||
prazvana,bu3rero1webo1h
prazvana,bu3rero1webo1h||
prencapta,???????
prens,bu3rbo1s
prens,bu3rh||bo1s
prensibi,bu3rbo1sbu1y
prensibidir,bu3rbo1sbu1ydr
prensibimiz,bu3rbo1sbu1mro1
prensibimize,bu3rbo1sbu1mro1h
prensibin,bu3rbo1sbu1ko3
prensibinde,bu3rbo1sbu1bo1dh
prensibine,bu3rbo1sybu1bo1h
prensibini,bu3rbo1sbu1bo1y
prensibiyle,bu3rbo1sbu1ylh
prensip,bu3rbo1sbu1
prensip,bu3rh||bo1sbu2bu3
prensip,bu3rh||bo1sybu3
prensipler,bu3rbo1sybu1lr
prensipleri,bu3rbo1sybu1lry
prensiplerimize,bu3rbo1sbu1lrymro1h
prensiplerin,bu3rbo1sybu1lrko3
prensiplerine,bu3rbo1sbu1lrybo1h
prensiplerini,bu3rbo1sbu1lrybo1y
prensiplerinin,bu3rbo1sybu1lrybo1ko3
prensiplerinizle,bu3rbo1sbu1lryko3ro1lh
prensipleriyle,bu3rbo1sbu1lrylh
prensiplerle,bu3rbo1sybu1lrlh
prenslik,bu3rbo1slk
pres,bu3u4ro4so0
prestijini,bu3rsbo2yro3ybo1y
presto,bu3rh||sbo2w
presto,bu3rh||sbo2w
prev,bu3rh||w
prim,bu3rbu2m
prim,bu3rym
priz,bu3rbu2ro1
priz,bu3ryro1
profesör,bu3rwfo1swr
profesörler,bu3rwfo1swrlr
profesörlerce,bu3rwfo1swrlrxu1h
profesörü,bu3rwfo1swry
profesörün,bu3rwfo1swrko3
proğrama,bu3rwao1remh
program,bu3rwao1rem
proğram,bu3rwao1rem
programı,bu3rwao1remy
proğramı,bu3rwao1remy
proğramıdır,bu3rwao1remydr
proğramımız,bu3rwao1remmro1
programını,bu3rwao1rembo1y
proğramını,bu3rwao1rembo1y
proğramıyla,bu3rwao1remylh
proğramla,bu3rwao1remlh
programlar,bu3rwao1remlr
proğramlar,bu3rwao1remlr
programları,bu3rwao1remlry
proğramları,bu3rwao1remlry
proğramlarını,bu3rwao1remlrybo1y
proğramlarının,bu3rwao1remlrybo1ko3
proje,bu3rwro3h
proje,bu3rwro3h||
projeksiyon,bu3rwro3h||ksbu2wbo1
projeksiyon,bu3rwro3h||ksywbo1
projeksiyon,bu3rwro3ksywbo1
projektör,bu3rwro3h||ksbo2wr
projektör,bu3rwro3h||ksbo2wr
projektörlerle,bu3rwro3kbo2wrlrlh
projektör-misal,bu3rwro3kbo2wrmbo3el
projektörü,bu3rwro3kbo2wry
proleter,bu3rwlh||bo2r
proleter,bu3rwlh||bo2r
proleterya,bu3rwlh||bo2erbu2e
proleterya,bu3rwlh||bo2erye
propaganda,bu3rwbu3eao1bo1dh
propaganda,bu3rwbu3eao1ebo1de
propagandacı,bu3rwbu3eao1ebo1dexu1y
propagandacılar,bu3rwbu3eao1bo1dh||xu1ylr
propagandacıları,bu3rwbu3eao1bo1dh||xu1ylry
propagandacılarına,bu3rwbu3eao1bo1dh||xu1ylrybo1h
propagandadır,bu3rwbu3eao1bo1dh||dr
propaganda-i,bu3rwbu3eao1bo1dh'u4
propagandalara,bu3rwbu3eao1bo1dh||lrh
propagandalar,bu3rwbu3eao1bo1dh||lr
propagandalarda,bu3rwbu3eao1bo1dh||lrdh
propagandalardan,bu3rwbu3eao1bo1dh||lrdbo1
propagandaları,bu3rwbu3eao1bo1dh||lry
propagandalarına,bu3rwbu3eao1bo1dh||lrybo1h
propagandalarını,bu3rwbu3eao1bo1dh||lrybo1y
propagandalarla,bu3rwbu3eao1bo1dh||lrlh
propagandanızla,bu3rwbu3eao1bo1dh||ko3ro1lh
propagandası,bu3rwbu3eao1bo1dh||sy
propagandasına,bu3rwbu3eao1bo1dh||sbo1h
propagandasında,bu3rwbu3eao1bo1dh||sbo1dh
propagandasını,bu3rwbu3eao1bo1dh||sbo1y
propagandaya,bu3rwbu3eao1bo1dh||yh
protestan,bu3rwbo2sbo2ebo1
protestanlığa,bu3rwbo2sbo2ebo1lao1h
protestanlığı,bu3rwbo2sbo2ebo1lao1y
protestanlık,bu3rwbo2sbo2ebo1lfo2
protesto,bu3rwbo2sbo2w
protesto,bu3rwbo2stw
protesto etmek,bu3rwbo2stw e
protesto vermek,bu3rwbo2stw wbu2rmk
protesto vermek,bu3rwbo2stw wyrmk
protokol,bu3rwbo2wfo2wl
protoplazma,bu3rwbo2wbu3lesme
prova,bu3rwwe
prusya,bu3rwsye
pruva direği,bu3rwwh dbu2rky
pruva direği,bu3rwwh dyrky
psikolog,bu3syfo2wlwao1
psikologlar,bu3ysyfo2wlwao1lr
psikoloji,bu3sbu2fo2wlwro3y
psikoloji,bu3syfo2wlwro3y
psikoz,bu3sbu2fo2wro1
psikoz,bu3syfo2wro1
pud,bu3wd
pûd,bu3wd
puf,bu3wfo1
püf,bu3wfo1
pufla,bu3wfo1le
pufla,bu3wfo1lh
pufla,bu3wfo1lh||
puflamak,bu3wfo1lemfo2
püfürpüfür,bu3wfo1wrbu3wfo1wr
puhte,bu3xo1bo2h
puhte,bu3xo1bo2h||
puhu,bu3whw
pulad,bu3wled
pûlâd,bu3wled
pulat,bu3wled
pul,bu3wl
pulcu,bu3wlxu1y
pul ile yapıştırmak,bu3wl ebu2lh bu2ebu3so3drmfo2
pul ile yapıştırmak,bu3wl eylh yebu3so3drmfo2
pülümür,bu3lwmr
pülverizatör,bu3wlwh||rbu2ro1ebo2wr
pülverizatör,bu3wlwh||ryro1ebo2wr
pür-alîl,bu3ralyl
pur,bu3r
pür,bu3r
pur,bu3wr
pûr,bu3wr
pür-cemal,bu3rxu1mel
pürcemal,bu3rxu1mel
püre,bu3wrh
püre,bu3wrh||
pür-emvat,bu3reo5mwebo2
pür-emvatı,bu3reo5mwebo2y
pür-envârın,bu3reo5bo1werko3
pür-envârından,bu3reo5bo1werbo1dbo1
pür-envârının,bu3reo5bo1werybo1ko3
pürgatif,bu3wrao1ebo2bu2fo1
pürgatif,bu3wrao1ebo2yfo1
pür-hatar,bu3o9ro0 xo1o4to4ro0
pür-hatar,bu3rxo1tr
pür-hatarkâr,bu3rxo1trker
pürheves,bu3rhws
pürhiddet,bu3o9rxdo8bo2
pür-hikmettir,bu3rxkmbo2dr
pürhun,bu3rxo1wbo1
pürhûn,bu3rxo1wbo1
pür-iştiyak,bu3reu5so3bo2yefo2
pür-kemal,bu3rkmel
pürkemal,bu3rkmel
pürkemâl,bu3rkmel
pür-kusura,bu3rfo2zwrh
pür-kusur,bu3rfo2zwr
pürkusur,bu3rfo2zwr
pür-kusurlukta,bu3rfo2zwrlfo2dh
pürkusuru,bu3rfo2zwry
pür-kusurun,bu3rfo2zwrko3
pür-maânî,bu3rmaebo1y
pür-meal,bu3rmyo5eo6l
pürmelâli,bu3rmlely
pürmelalin,bu3rmlelko3
pür-merak,bu3o9ro0mo4ro4efo2o0
pür-merâk,bu3o9ro0mo4ro4efo2o0
pür-merak,bu3rmrefo2
pürmerak,bu3rmrefo2
pür-mesaib,bu3rmzeyo5bu1
pürnârız,bu3rbo1erro1
pür-nâz,bu3rbo1ero1
pür-nâzı,bu3rbo1ero1y
pürnâzı,bu3rbo1ero1y
pürneval,bu3rbo1wel
pür-niyazî,bu3rbo1yero1y
pürniyazî,bu3rbo1yero1y
pürnura,bu3rbo1wrh
pür-nur,bu3rbo1wr
pürnur,bu3rbo1wr
pür-nurlarını,bu3rbo1wrlrybo1y
pürnurlarınızda,bu3rbo1wrlryko3ro1dh
pürnur-u,bu3rbo1wru4
pürnuru,bu3rbo1wry
pürnurun,bu3rbo1wrko3
pür-rahm,bu3rrxm
pürşanı,bu3rso3ebo1y
pürşaşaa,bu3rso3aso3ah
pür-şer beşer,bu3o9ro0 so3o4ro0 bu1o4so3o4ro0
pür-şer,bu3rso3r
pürşer,bu3rso3r
pür-şerr,bu3rso3ro8
pürsevda,bu3rswde
pür-seyyal,bu3o9ro0syo8el
pürsiş,bu3rsso3
pürsükut,bu3rskwbo2
pürsükût,bu3rskwbo2
pür-taksir,bu3rbo2fo2zyr
pürtaksir,bu3rbo2fo2zyr
pür-taksiri,bu3rbo2fo2zyry
pür-telaş,bu3o9ro0bo2leso3
pürtük,bu3wrbo2wk
pür-ümid,bu3reo9myd
purutlar,bu3rwbo2lr
purutluğa,bu3rwbo2lao1h
purutluk,bu3rwbo2lfo2
purutlukta,bu3rwbo2lfo2dh
pürüz,bu3wrwro1
pürüzlen,bu3wrwro1lh||bo1
pürüzlenmek,bu3wrwro1lh||bo1mk
pürüzlenmek,bu3wrwro1lh||bo1mk
pürüzlü,bu3rwro1lw
pürüzlü,bu3wrwro1lw
pürüzsüz,bu3o9ro9ro1o0sro1
pürüzsüz,bu3wrwro1sro1
pürvesvas,bu3rwswes
pürz,bu3rro1
pür-zünub,bu3rdo1bo1wbu1
pus,bu3ws
puş,bu3wso3
pûş,bu3wso3
püser,bu3sr
pûşîde,bu3wso3bu2dh
puşide,bu3wso3ydh||
pûşide,bu3wso3ydh
püskül,bu3wskl
püskül,bu3wskwl
püskülcükler,bu3wskwlxu1klr
püskülleri,bu3wskwllry
püsküllü,bu3wskwlly
püskülsüz,bu3wskwlsro1
püskür,bu3wskwr
püsküren,bu3wskwrbo1
püskürme,bu3wskwrmh
püskürme,bu3wskwrmh||
püskürmek,bu3wskwrmk
püskürmesi,bu3wskwrmh||sy
püskürt,bu3wskwrbo2
püskürtmek,bu3wskwrbo2mk
pusla,bu3wzle
pusla,bu3wzlh
pusla,bu3wzlh||
puslada,bu3wzlh||dh
pusladaki,bu3wzlh||dh||ky
puslalık,bu3wzlh||lfo2
puslalık,bu3wzlh||lfo2
puslan,bu3wzlebo1
puslanmak,bu3wzlebo1mfo2
puslasında,bu3wzlh||sbo1dh
puslasını,bu3wzlh||sbo1y
puslayı,bu3wzlh||yy
püşt,bu3so3bo2
püştîban,bu3so3bo2bu2bu1ebo1
püştiban,bu3so3bo2ybu1ebo1
püştibane,bu3so3bo2ybu1ebo1h
pusu,bu3wzw
pusula,bu2wzlh
pusula,bu3o9wzo9wlo4h
pusula,bu3o9wzo9wlo4h||
pusula,bu3wzlh
pusula,bu3wzlh||
pusula,bu3wzwle
pusula,bu3wzwlh
pusula,bu3wzwlh||
pusulanın,bu3wzlh||bo1ko3
pusularına,bu3wzwlrybo1h
pusulası,bu3wzlesy
pusulasını,bu3wzlh||sbo1y
pusulasıyla,bu3wzwlesylh
pusulasiyle,bu3wzwlesylh
pusulayı,bu3wzlh||yy
pusulayı şaşırmak,bu3wzlh bu2y so3eso3rmfo2
pusulayı şaşırmak,bu3wzlh yy so3eso3rmfo2
pusula,ywzlh||
pusval,bu3wzwel
put,bu1bo2
put,bu3wbo2
pute,bu3wbo2h||
pûte,bu3wbo2h
puthane,bu1bo2xo1ebo1h||
puthâne,bu1bo2xo1ebo1h
puthane,bu3wbo2xo1ebo1h
puthaneye,bu3wbo2xo1ebo1h||yh
putkal,bu3wbo2fo2el
putlara,bu3wbo2lrh
putların,bu3wbo2lrko3
putlarını,bu3wbo2lrybo1y
putlarıyla,bu3wbo2lrylh
putperest,bu1bo2bu3rsbo2
putperest,bu3wbo2||bu3rsbo2
putperestliğe,bu3wbo2||bu3rsbo2lko7h
putperestliği,bu3wbo2||bu3rsbo2lko7y
putperestliğinin,bu3wbo2||bu3rsbo2lko7bo1ko3
putperestlik,bu3bo2bu3rsbo2lk
putperestlik,bu3wbo2||bu3rsbo2lk
putu,bu3wbo2y
putunu,bu3wbo2bo1y
pütürge,bu3bo2wrkh||
puyan,bu3wyebo1
pûyan,bu3wyebo1
pûyân,bu3wyebo1
puziş,bu3wro1so3
pûziş,bu3wro1so3
