cabacı,xu1ebu1exu1y
caba,xu1ebu1e
cabeca,xu1ebu1xu1e
câbecâ,xu1ebu1xu1e
câbir'den,xu1ebu1rdbo1
câbir'in,xu1ebu1rko3
câbir-ül,xu1ebu1r el
cabir,xu1ebu1r
câbir,xu1ebu1r
cacık,xu1exu1yfo2
cadalozluk,xu1edelwro1lfo2
cadaloz,xu1edelwro1
caddeden,xu1edo8h||dbo1
caddede,xu1edo8h||dh
caddedir,xu1edo8h||dr
cadde-i kübrâ-yi kur'âniye,xu1o4edo4o8u4 ko9bu1o0ro4ebu2u4 fo2o9ro0eo6bo1u4bu2o4h
cadde-i kübrâ-yı kur'âniye,xu1o4edo4o8u4 ko9bu1o0ro4ebu2u4 fo2o9ro0eo6bo1u4bu2o4h
cadde-i̇ kübra-yi kur'ani̇ye,xu1o4edo4o8ۀu4 ko9bu1o0ro4eyu4 fo2o9ro0eo6bo1u4yo4h||
cadde-i kübra-yı kur'aniye,xu1o4edo4o8ۀu4 ko9bu1o0ro4eyu4 fo2o9ro0eo6bo1u4yo4h||
cadde-i,xu1edo8h||'u4
caddeleridir,xu1edo8h||lrydr
caddelerini,xu1edo8h||lrybo1y
caddenin,xu1edo8h||bo1ko3
caddesidir,xu1edo8h||sydr
caddesindedir,xu1edo8h||sbo1dh||dr
caddesinden,xu1edo8h||sbo1dbo1
caddesinde,xu1edo8h||sbo1dh
caddesini,xu1edo8h||sbo1y
caddesi,xu1edo8h||sy
cadde,xu1edh
cadde,xu1edh||
câdde,xu1edh
cadde,xu1edo8h
caddeye,xu1edo8h||yh
caddeyi,xu1edo8h||yy
ca'de,xu1adh
ca'de'ye,xu1adh||yh
cadı,xu1edy
caduger,xu1edwko7r
câdûger,xu1edwko7r
cadu,xu1edw
câdû,xu1edw
ca'd,xu1ad
cafcaflı,xu1efo1||xu1efo1ly
cafcaflı,xu1efo1||xu1efo1ly
cafcaf,xu1efo1||xu1efo1
cafcaf,xu1efo1||xu1efo1
cafer'den,xu1afo1rdbo1
cafer'e,xu1afo1rh
cafer-i,xu1afo1ru4
cafer,xu1afo1r
cağız,xu1ao1ro1
câha,xu1ehh
cahid,xu1ehd
câhid,xu1ehd
cahilanedir,xu1ehlebo1h||dr
cahilane,xu1ehlebo1h
cahilane,xu1ehlebo1h||
câhilâne,xu1ehlebo1h
cahildir,xu1ehldr
cahile,xu1ehlh
cahileyi,xu1ehlh||yy
cahilim,xu1ehlm
cahilin,xu1ehlko3
cahil-i,xu1ehlu4
cahili,xu1ehly
cahiliyeleri,xu1ehlyh||lry
cahiliyete,xu1ehlybo2h
cahiliyetteki,xu1ehlybo2dh||ky
cahiliyette,xu1ehlybo2dh
câhiliyette,xu1ehlybo2dh
cahiliyet,xu1ehlybo2
cahiliye,xu1ehlyh
cahiliyeyi,xu1ehlyh||yy
cahiliz,xu1ehlro1
cahillere,xu1ehllrh
cahillerin,xu1ehllrko3
cahilleri,xu1ehllry
cahillik,xu1ehllk
câhillik,xu1ehllk
cahil-münevver,xu1ehl mbo1wo8r
cahilsiniz,xu1ehlsko3ro1
cahil,xu1ehl
câhil,xu1ehl
cahîm,xu1xbu2m
cahim,xu1xym
câhını,xu1ehbo1y
câh-ı,xu1ehu4
câhı,xu1ehy
cahız'ın,xu1exto1ko3
cahız,xu1exto1
cahş,xu1xso3
câhtan,xu1ehdbo1
cah,xu1eh
cah,xu1eh||
câh,xu1eh
câilin,xu1ealko3
caizdir,xu1eyo5ro1dr
caize,xu1ebo5ro1h||
câize,xu1ebo5ro1h
câiz kılmak,xu1ebo5ro1 fo2bu2lmfo2
caiz kılmak,xu1ebo5ro1 fo2ylmfo2
caizse,xu1eyo5ro1sh
caiz,xu1ebo5ro1
câiz,xu1ebo5ro1
caiz,xu1eyo5ro1
cai̇z,xu1o4ebo5u4ro1o0
caiz,xu1o4ebo5u4ro1o0
câiz,xu1o4ebo5u4ro1o0
cak,xu1fo2
calapa,xu1lebu3h
calapa,xu1lebu3h||
ca'ldir,xu1aldr
ca'le,xu1alh
cali̇b-i̇ di̇kkat,xu1elbu1 dfo2bo2
calib -i dikkat,xu1elbu1 dfo2bo2
calib-i dikkat,xu1elbu1 dfo2bo2
câlib-i dikkat,xu1elbu1 dfo2bo2
calib-i,xu1elbu1u4
câlib-i,xu1elbu1u4
calib,xu1elbu1
câlib,xu1elbu1
ca'lindeki,xu1albo1dh||ky
ca'line,xu1albo1h
ca'linin,xu1albo1ko3
calinos'un,xu1elybo1wsko3
calinos,xu1elybo1ws
ca'lin,xu1alko3
ca'lîsi,xu1alysy
calis,xu1els
câlis,xu1els
ca'li,xu1aly
ca’li,xu1aly
cali,xu1aly
ca'lî,xu1aly
câlî,xu1aly
ca'liyle,xu1alylh
calud,xu1elwbo2
ca'l,xu1al
ca’l,xu1al
camadan,xu1emh||debo1
camadan,xu1emh||debo1
cama,xu1emh
cambazlık,xu1ebo1bu1ero1lfo2
cambaz,xu1ebo1bu1ero1
camcı macunu,xu1emxu1y maxu1wbo1y
camcı macûnu,xu1emxu1y maxu1wbo1y
camcı,xu1emxu1y
camda çizmek,xu1emdh xu3bu2ro1mk
camda çizmek,xu1emdh xu3yro1mk
camdan,xu1emdbo1
camdır,xu1emdr
camedan,xu1emh debo1
câmedân,xu1emh debo1
câmedir,xu1emh||dr
camegi,xu1emko7y
câmegî,xu1emko7y
camekan,xu1emkebo1
camekân,xu1emkebo1
câmekan,xu1emkebo1
cameşuy,xu1emh so3wy
câmeşûy,xu1emh so3wy
camevi,xu1em||ewy
camevi,xu1em||ewy
came,xu1emh||
câme,xu1emh
cam geçirmek,xu1em kxu3wrmk
camgöbeği,xu1em ko7wbu1ko7y
camgöz,xu1em||ko7wro1
camgöz,xu1em||ko7wro1
câmiadır,xu1emah||dr
câmia-i,xu1emah||'u4
câmianın,xu1emah||bo1ko3
câmiasına,xu1emah||sbo1h
câmiasında,xu1emah||sbo1dh
câmiasının,xu1emah||sbo1ko3
câmiası,xu1emah||sy
câmiasıyla,xu1emah||sylh
camia,xu1emah||
câmia,xu1emah
câmiayı,xu1emah||yy
camidata,xu1emdebo2h
camidat-ı,xu1emdebo2u4
camidatı,xu1emdebo2y
camidattaki,xu1emdebo2dh||ky
camidat,xu1emdebo2
camidden,xu1emddbo1
camiddirler,xu1emddrlr
camiddir,xu1emddr
camideden,xu1emdh||dbo1
camide-i,xu1emdh||'u4
câmidekiler,xu1emadh||kylr
câmi'deki,xu1emadh||ky
câmideki,xu1emadh||ky
camidenin,xu1emdh||bo1ko3
câmiden,xu1emadbo1
câmi'de,xu1emadh
câmide,xu1emadh
camide,xu1emdh
camideye,xu1emdh||yh
camidin,xu1emdko3
câmi'dirler,xu1emadrlr
câmi'dir,xu1emadr
câmidir,xu1emadr
camidi,xu1emdy
camidiyet,xu1emdybo2
camidlerden,xu1emdlrdbo1
camidler,xu1emdlr
camid,xu1emd
câmid,xu1emd
câmi'e,xu1emah
câmie,xu1emah
câmiime,xu1emamh
câmiimi,xu1emamy
câmiim,xu1emam
câmii'ndeki,xu1emabo1dh||ky
câmiindeki,xu1emabo1dh||ky
câmii'nden,xu1emabo1dbo1
câmiinden,xu1emabo1dbo1
câmii'nde,xu1emabo1dh
câmiinde,xu1emabo1dh
câmii'ne,xu1emabo1h
câmiine,xu1emabo1h
câmii'nin,xu1emabo1ko3
câmii'ni,xu1emabo1y
câmi'in,xu1emako3
câmiin,xu1emako3
câmi-i,xu1emau4
câmi'-i,xu1emau4
câmii,xu1emay
camî-i,xu1emyo5u4
câmiiyete,xu1emaybo2h
câmiiyetidir,xu1emaybo2ydr
câmiiyetinden,xu1emaybo2bo1dbo1
câmiiyetine,xu1emaybo2bo1h
câmiiyetinin,xu1emaybo2bo1ko3
câmiiyetini,xu1emaybo2bo1y
câmiiyetin,xu1emaybo2ko3
câmiiyet-i,xu1emaybo2u4
câmiiyeti,xu1emaybo2y
câmiiyetiyle,xu1emaybo2ylh
câmiiyetle,xu1emaybo2lh
câmiiyette,xu1emaybo2dh
câmiiyettir,xu1emaybo2dr
câmiiyet,xu1emaybo2
câmiiyyet-i,xu1emaybo2u4
câmiiyyeti,xu1emaybo2y
câmiiyyetiyle,xu1emaybo2ylh
câmiiyyetle,xu1emaybo2lh
câmilerde,xu1emalrdh
câmilere,xu1emalrh
câmilerinde,xu1emalrbo1dh
câmilerin,xu1emalrko3
câmileri,xu1emalry
câmiler,xu1emalr
câmimiz,xu1emamro1
câminin,xu1emako3
camî'nin,xu1emy||bo1ko3
câmî'nin,xu1emy||bo1ko3
camını,xu1embo1y
camın,xu1emko3
câmisinin,xu1emasybo1ko3
câmisi,xu1emasy
câmiülkelâm,xu1ema elklem
câmiülkelim,xu1ema elklm
câmi-ül,xu1ema el
câmi'-ül,xu1ema el
cami,xu1ema
cami',xu1ema
cami’,xu1ema
câmi,xu1ema
câmi',xu1ema
cam-ı,xu1emu4
câm-ı,xu1emu4
camî,xu1emy
camı,xu1emy
câmî,xu1emy
cami̇',xu1o4emu4ao0
cami',xu1o4emu4ao0
câmi',xu1o4emu4ao0
câmi'ye,xu1emah
câmiye,xu1emah
câmiyi,xu1emay
câmî'yi,xu1emy||yy
cam kaplamak,xu1em fo2ebu3lemfo2
camlamak,xu1emlemfo2
camlarda,xu1emlrdh
camlarını,xu1emlrybo1y
camların,xu1emlrko3
camlar,xu1emlr
camlatmak,xu1emlebo2mfo2
camlat,xu1emlebo2
camla,xu1emle
camlık,xu1emlfo2
camlı,xu1emly
camuşa,xu1emwso3h
camus (camış),xu1emws
camûs (camış),xu1emws
camus,xu1emws
câmûs,xu1emws
camuş,xu1emwso3
cam,xu1em
câm,xu1em
canana,xu1ebo1ebo1h
canane,xu1ebo1ebo1h||
cânâne,xu1ebo1ebo1h
cananımıza,xu1ebo1ebo1mro1h
cananımız,xu1ebo1ebo1mro1
cananı,xu1ebo1ebo1y
canan,xu1ebo1ebo1
cânân,xu1ebo1ebo1
canavara,xu1ebo1ewerh
canavarcasına,xu1ebo1ewerxu1h||sbo1h
canavarca,xu1ebo1ewerxu1h
canavarcıklara,xu1ebo1ewerxu1fo2lrh
canavarda,xu1ebo1ewerdh
canavardır,xu1ebo1ewerdr
canavarı,xu1ebo1ewery
canavarlara,xu1ebo1ewerlrh
canavarlardan,xu1ebo1ewerlrdbo1
canavarlarının,xu1ebo1ewerlrybo1ko3
canavarların,xu1ebo1ewerlrko3
canavarları,xu1ebo1ewerlry
canavarlar,xu1ebo1ewerlr
canavarlaşmış,xu1bo1ewerleso3mso3
canavarlığa,xu1ebo1ewerlao1h
canavarlık,xu1ebo1ewerlfo2
canavarvari,xu1bo1ewerwery
canavar,xu1ebo1ewer
cana,xu1ebo1e
cânâ,xu1ebo1e
canbahştır,xu1ebo1bu1xo1so3dr
canbaz,xu1ebo1bu1ero1
cânbâz,xu1ebo1bu1ero1
can çekişmek,xu1ebo1 xu3kso3mk
cançekişme,xu1ebo1 xu3kyso3mh
canciğer,xu1ebo1||xu1ko7r
canciğer,xu1ebo1||xu1ko7r
candan,xu1ebo1dbo1
candar,xu1ebo1der
cândâr,xu1ebo1der
candır,xu1ebo1dr
cândır,xu1ebo1dr
canefşan,xu1ebo1 efo1so3ebo1
canefşân,xu1ebo1 efo1so3ebo1
canefza,xu1ebo1 efo1ro1e
cânefzâ,xu1ebo1 efo1ro1e
caneriği,xu1ebo1 eryko7y
câne,xu1ebo1h
canfersa,xu1ebo1 fo1rse
cânfersâ,xu1ebo1 fo1rse
canfeşan,xu1ebo1 fo1so3ebo1
cânfeşân,xu1ebo1 fo1so3ebo1
canfes,xu1ebo1fo1s
canfeza,xu1ebo1 fo1ro1e
cânfezâ,xu1ebo1 fo1ro1e
cangılcungul,xu1ebo1ao1l xu1wbo1ao1wl
cangüdaz,xu1ebo1 ko7dero1
cângüdâz,xu1ebo1 ko7dero1
canhıraşanede,xu1ebo1xo1reso3ebo1h||dh
canhıraş,xu1ebo1xo1reso3
canhıraş,xu1ebo1 xo1reso3
canibdar,xu1ebo1bu1der
cânibdâr,xu1ebo1bu1der
canibden,xu1ebo1bu1dbo1
canibde,xu1ebo1bu1dh
canibindeki,xu1ebo1bu1bo1dh||ky
canibinden,xu1ebo1bu1bo1dbo1
cânibinden,xu1ebo1bu1bo1dbo1
canibinde,xu1ebo1bu1bo1dh
cânibinde,xu1ebo1bu1bo1dh
canibine,xu1ebo1bu1bo1h
cânibine,xu1ebo1bu1bo1h
canibini,xu1ebo1bu1bo1y
cânib-i,xu1ebo1bu1u4
canibiyle,xu1ebo1bu1ylh
canibler,xu1ebo1bu1lr
canib,xu1ebo1bu1
cânib,xu1ebo1bu1
canı çıkmak,xu1ebo1y xu3bu2fo2mfo2
canı çıkmak,xu1ebo1y xu3yfo2mfo2
canı istemek,xu1ebo1y esbo2mk
cânı istemek,xu1ebo1y esbo2mk
canilerden,xu1ebo1ylrdbo1
canilere,xu1ebo1ylrh
canilerin,xu1ebo1ylrko3
cânilerin,xu1ebo1ylrko3
canileri,xu1ebo1ylry
caniler,xu1ebo1ylr
canımdan,xu1ebo1mdbo1
canımın,xu1ebo1mko3
canımı,xu1ebo1my
canımızın,xu1ebo1mro1ko3
canımızı,xu1ebo1mro1y
cânımızı,xu1ebo1mro1y
canımızla,xu1ebo1mro1lh
canımız,xu1ebo1mro1
canımla,xu1ebo1mlh
canım,xu1ebo1m
canını almak,xu1ebo1bo1y elmfo2
cânını almak,xu1ebo1bo1y elmfo2
caninin,xu1ebo1ybo1ko3
câninin,xu1ebo1ybo1ko3
canını,xu1ebo1bo1y
canınızın,xu1ebo1ko3ro1ko3
cânın,xu1ebo1ko3
canı pek,xu1ebo1y bu3k
canı sıkılmış,xu1ebo1y zbu2fo2lmso3
canı sıkılmış,xu1ebo1y zyfo2lmso3
cânişin,xu1ebo1so3bu2bo1
canişin,xu1ebo1so3ybo1
can-ı,xu1ebo1u4
cani,xu1ebo1y
canı,xu1ebo1y
câni,xu1ebo1y
cânî,xu1ebo1y
cânı,xu1ebo1y
câni,xu1o4ebo1bu2
cani̇,xu1o4ebo1۪y
cani,xu1o4ebo1۪y
caniyanede,xu1ebo1yebo1h||dh
caniyane,xu1ebo1yebo1h
câniyane,xu1ebo1yebo1h
caniye,xu1ebo1yh
câniye,xu1ebo1yh
câniyi,xu1ebo1y||yy
canıyla,xu1ebo1ylh
cankurtaran,xu1ebo1 fo2wrbo2erebo1
canlanacağına,xu1ebo1lebo1h||xu1ao1bo1h
canlanacak,xu1ebo1lebo1exu1fo2
canlandıran,xu1ebo1lebo1dyrebo1
canlandırarak,xu1ebo1lebo1dyrh||rfo2
canlandırıp,xu1ebo1lebo1dyrwbu1
canlandırır,xu1ebo1lebo1dyrr
canlandırmak,xu1ebo1lbo1drmfo2
canlandırmak,xu1ebo1lebo1dyrmfo2
canlandırmış,xu1ebo1lebo1dyrmso3
canlandır,xu1ebo1lebo1dyr
canlandı,xu1ebo1lebo1dy
canlanıp,xu1ebo1lebo1wbu1
canlanmak,xu1ebo1lbo1mfo2
canlanmak,xu1ebo1lebo1mfo2
canlanmaları,xu1ebo1lebo1mh||lry
canlansın,xu1ebo1lebo1sybo1
canlan,xu1ebo1lebo1
canlara,xu1ebo1lrh
canlarımızı,xu1ebo1lrymro1y
canlarına,xu1ebo1lrybo1h
canlarından,xu1ebo1lrbo1dbo1
canlarını,xu1ebo1lrybo1y
canların,xu1ebo1lrko3
canları,xu1ebo1lry
canlarıyla,xu1ebo1lrylh
canlariyle,xu1ebo1lrylh
canlar,xu1ebo1lr
canla,xu1ebo1lh
canlılara,xu1ebo1lylrh
canlılar,xu1ebo1lylr
canlı,xu1ebo1lw
canlı,xu1ebo1ly
canlıya,xu1ebo1ly||yh
cannisar,xu1ebo1 bo1bo3er
cânnisâr,xu1ebo1 bo1bo3er
cânn,xu1ebo1o8
can sıkıntısı,xu1ebo1 zbu2fo2bo1dbu2sy
can sıkıntısı,xu1ebo1 zyfo2bo1dysy
cansın,xu1ebo1sko3
cansipar,xu1ebo1 sbu3er
cânsipâr,xu1ebo1 sbu3er
cansiperane,xu1ebo1sbu3erebo1h
cansiperane,xu1ebo1 sbu3rebo1h||
cânsiperâne,xu1ebo1 sbu3rebo1h
cansitan,xu1ebo1 sbo2ebo1
cânsitân,xu1ebo1 sbo2ebo1
cansız gibi,xu1ebo1sro1 kbu1y
cansızlara,xu1ebo1sro1lrh
cansızlardan,xu1ebo1sro1lrdbo1
cansızlar,xu1ebo1sro1lr
cansızlık,xu1ebo1sro1lfo2
cansız,xu1ebo1sro1
canvar,xu1ebo1wer
can vermek,xu1ebo1 wbu2rmk
can vermek,xu1ebo1 wyrmk
canver,xu1ebo1 wr
cânver,xu1ebo1 wr
can,xu1ebo1
cân,xu1ebo1
carcar,xu1er
carcı,xu1erxu1y
care,fo2er
care'ın,fo2erko3
caridir,xu1erydr
câridir,xu1erydr
cârîdir,xu1erydr
cariha,xu1erxh||
câriha,xu1erxh
carih,xu1erx
cârînin,xu1erybo1ko3
cari,xu1e
cari,xu1eru4
cârî,xu1eru4
cari,xu1ery
carî,xu1ery
câri,xu1ery
cârî,xu1ery
cârî,xu1o4erbu2
cari̇,xu1o4er۪y
cari,xu1o4er۪y
câriye,xu1erbu2h
cariye,xu1eryh
cariye,xu1eryh||
câriye,xu1eryh
cariyeyi,xu1eryh||yy
cârîyi,xu1ery||yy
carlayl,fo2erleyl
carlyle,fo2erleyl
carr,xu1er
carşeb,xu1erso3bu1
cârşeb,xu1erso3bu1
carub,xu1erwbu1
cârûb,xu1erwbu1
cârud,xu1erwbo2
caru,xu1erw
cârû,xu1erw
car,xu1er
câr,xu1er
cascavlak,xu1es||xu1ewlefo2
cascavlak,xu1es||xu1ewlefo2
casiye,xu1ebo3yh
câsiye,xu1ebo3yh
casusa,xu1eswsh
casusi,xu1eswsy
câsûsî,xu1eswsy
casuslamak,xu1eswslemfo2
câsuslamak,xu1eswslemfo2
casuslara,xu1eswslrh
casuslarının,xu1eswslrybo1ko3
casusların,xu1eswslrko3
casusları,xu1eswslry
casuslarıyla,xu1eswslrylh
casuslar,xu1eswslr
casusla,xu1eswsle
casusluğu,xu1eswslao1y
casusluktan,xu1eswslfo2dbo1
casusluk,xu1eswslfo2
câsusluk,xu1eswslfo2
casusluk yapmak,xu1eswslfo2 e
câsûsluk yapmak,xu1eswslfo2 e
casusun,xu1eswsko3
casus,xu1esws
câsus,xu1esws
câsûs,xu1esws
cava'da,xu1ewedh
cavalacos,xu1ewelexu1ws
cava,xu1ewe
cavidani,xu1ewdebo1y
cavidanî,xu1ewdebo1y
câvidânî,xu1ewdebo1y
cavidan,xu1ewdebo1
câvidan,xu1ewdebo1
câvidân,xu1ewdebo1
cavid,xu1ewd
câvid,xu1ewd
cavlak,xu1ewlefo2
cavlamak,xu1ewlemfo2
cavla,xu1ewle
ca,xu1e
câ,xu1e
caydırmak,xu1ebu2dbu2rmfo2
caydırmak,xu1eydyrmfo2
caydır,xu1eydyr
caygah,xu1eyko7eh||
câygâh,xu1eyko7eh
câygîr olmak,xu1ebu2kbu2rew
caygir olmak,xu1eykyrew
cayırcayır,xu1ebu2bu2rxu1ebu2bu2r
cayırcayır,xu1eyyrxu1eyyr
cayırdamak,xu1ebu2bu2r||demfo2
cayırdamak,xu1eyyr||demfo2
cayırdatmak,xu1ebu2bu2r||debo2mfo2
cayırdatmak,xu1eyyr||debo2mfo2
cayırdat,xu1eyyr||debo2
cayırda,xu1eyyr||de
cayır,xu1ebu2bu2r
cayır,xu1eyyr
cay-i sual,xu1ey swo5el
cây-i suâl,xu1ey swo5el
cayi',xu1eya
cayi’,xu1eya
câyi',xu1eya
cây-i,xu1eyu4
cây-ı,xu1eyu4
caymak,xu1ebu2mfo2
caymak,xu1eymfo2
caymam,xu1eymem
câynişîn,xu1eybo1so3bu2bo1
caynişin,xu1eybo1so3ybo1
cay,xu1ey
cây,xu1ey
cazbant,xu1ero1bu1ebo1d
cazibedarane,xu1edo1bu1h||derebo1h
cazibedara,xu1edo1bu1h||derh
cazibedardırlar,xu1edo1bu1h||derdrlr
cazibedardır,xu1edo1bu1h||derdr
cazibedarın,xu1edo1bu1h||derko3
câzibedârın,xu1edo1bu1h||derko3
cazibedarı,xu1edo1bu1h||dery
cazibedarlara,xu1edo1bu1h||derlrh
cazibedarlığı,xu1edo1bu1h||derlao1y
cazibedarlık,xu1edo1bu1h||derlfo2
cazibedarsa,xu1edo1bu1h||dersh
cazibedar,xu1edo1bu1h||der
cazibedar,xu1edo1bu1h der
câzibedar,xu1edo1bu1h||der
cazibedendir,xu1edo1bu1h||dbo1dr
cazibe-i,xu1edo1bu1h||'u4
câzibe-i,xu1edo1bu1h||'u4
cazibekârane,xu1edo1bu1h||kerebo1h
cazibelerin,xu1edo1bu1h||lrko3
cazibeleri,xu1edo1bu1h||lry
cazibeler,xu1edo1bu1h||lr
cazibeli,xu1edo1bu1h||ly
cazibeli,xu1edo1bu1h||ly
câzibeli,xu1edo1bu1h||ly
cazibenin,xu1edo1bu1h||bo1ko3
cazibesinden,xu1edo1bu1h||sbo1dbo1
cazibesine,xu1edo1bu1h||sbo1h
cazibesinin,xu1edo1bu1h||sbo1ko3
cazibesi,xu1edo1bu1h||sy
cazibesiyle,xu1edo1bu1h||sylh
cazibe,xu1edo1bu1h
cazibe,xu1edo1bu1h||
câzibe,xu1edo1bu1h
cazibe,xu1ero1bu1h||
câzibe,xu1ero1bu1h
cazi̇be,xu1o4edo1u4bu1o4h||
cazibe,xu1o4edo1u4bu1o4h||
câzibe,xu1o4edo1u4bu1o4h
cazibeye,xu1edo1bu1h||yh
cazibeyi,xu1edo1bu1h||yy
cazibin,xu1edo1bu1ko3
cazibiyet,xu1edo1bu1ybo2
câzibiyyet,xu1edo1bu1bu2bo2
cazibiyyet,xu1edo1bu1ybo2
cazibler,xu1edo1bu1lr
cazib,xu1edo1bu1
câzib,xu1edo1bu1
cazib,xu1ero1bu1
câzib,xu1ero1bu1
câzimeden,xu1ero1mh||dbo1
câzim,xu1ero1m
cebabire,xu1bu1ebu1rh||
cebâbire,xu1bu1ebu1rh
cebanetin,xu1bu1ebo1bo2ko3
cebânetin,xu1bu1ebo1bo2ko3
cebanettir,xu1bu1ebo1bo2dr
cebanet,xu1bu1ebo1bo2
cebânet,xu1bu1ebo1bo2
cebbarane,xu1bu1o8erebo1h
cebbar'a,xu1bu1o8erh
cebbardır,xu1bu1o8erdr
cebbar'ın,xu1bu1o8erko3
cebbari,xu1bu1ery
cebbârî,xu1bu1ery
cebbar-ı,xu1bu1o8eru4
cebbarı,xu1bu1o8ery
cebbarların,xu1bu1o8erlrko3
cebbarları,xu1bu1o8erlry
cebbarlar,xu1bu1o8erlr
cebbarlığa,xu1bu1o8erlao1h
cebbar,xu1bu1er
cebbâr,xu1bu1er
cebbar,xu1bu1o8er
cebbar,xu1o4bu1o4o8ero0
cebbâr,xu1o4bu1o4o8ero0
cebbar,xu1o4bu1o8eo4ro0
cebbâr,xu1o4bu1o8eo4ro0
cebe-hane,xu1bu1h xo1ebo1h||
cebe-hâne,xu1bu1h xo1ebo1h
cebelibereket,xu1bu1l bu1rkbo2
cebel-i̇ cudi̇,xu1o4bu1o4lu4 xu1o9wdu4
cebel-i cudi,xu1o4bu1o4lu4 xu1o9wdu4
cebelikum,xu1bu1lfo2wm
cebel'in,xu1bu1lko3
cebelin,xu1bu1lko3
cebel-i,xu1bu1lu4
cebelleşmiş,xu1bu1llso3mso3
cebel-ül,xu1bu1l el
cebel,xu1bu1l
ceberuta,xu1bu1rwbo2h
ceberutiyet-i,xu1bu1rwbo2ybo2u4
ceberutiyet,xu1bu1rwbo2ybo2
ceberutlarını,xu1bu1rwbo2lrybo1y
ceberuttan,xu1bu1rwbo2dbo1
ceberutuna,xu1bu1rwbo2bo1h
ceberut-u,xu1bu1rwbo2u4
ceberut,xu1bu1rwbo2
cebhanelik,xu1bu1xo1ebo1h||lk
cebhânelik,xu1bu1xo1ebo1h||lk
cebhane,xu1bu1xo1ebo1h||
cebhâne,xu1bu1xo1ebo1h
cebhede,xu1bu1hh||dh
cebhedir,xu1bu1hh||dr
cebhe-i,xu1bu1hh||'u4
cebhelerinde,xu1bu1hh||lrbo1dh
cebheleri,xu1bu1hh||lry
cebhemiz,xu1bu1hh||mro1
cebhesinde,xu1bu1hh||sbo1dh
cebhesinin,xu1bu1hh||sbo1ko3
cebhesi,xu1bu1hh||sy
cebhe,xu1bu1hh
cebhe,xu1bu1hh||
cebheyi,xu1bu1hh||yy
cebime,xu1ybu1mh
cebinden,xu1ybu1bo1dbo1
cebinde,xu1ybu1bo1dh
cebine koymak,xu1bu2bu1bo1h fo2wmfo2
cebine koymak,xu1ybu1bo1h fo2wmfo2
cebine,xu1ybu1bo1h
cebînindeki,xu1bu1ybo1bo1dh||ky
cebinizde,xu1ybu1ko3ro1dh
cebînlerinde,xu1bu1ybo1lrbo1dh
cebin,xu1bu1bu2bo1
cebîn,xu1bu1bu2bo1
cebin,xu1bu1ybo1
cebîn,xu1bu1ybo1
cebin,xu1o4bu1u4bu2bo1o0
cebi̇n,xu1o4bu1u4ybo1o0
cebin,xu1o4bu1u4ybo1o0
cebirdir,xu1bu1rdr
cebirle,xu1bu1rlh
cebir,xu1bu1r
cebi̇r,xu1o4bu1o0ro0
cebir,xu1o4bu1o0ro0
cebi̇r,xu1o4bu1u4ro0
cebir,xu1o4bu1u4ro0
cebrail'den,xu1bu1reyo5yldbo1
cebrail'in,xu1bu1reyo5ylko3
cebrail'i,xu1bu1reyo5yly
cebrail,xu1bu1rebo5yl
cebrail,xu1bu1reyo5yl
cebrâil,xu1bu1reyo5yl
cebrederken,xu1bu1r eydrkbo1
cebrediyordum,xu1bu1r eydyywrdm
cebren almak,xu1bu1reo44 elmfo2
cebren kabûl ettirmek,xu1bu1reo44 fo2bu1wl ebu2bo2drmk
cebren kabul ettirmek,xu1bu1reo44 fo2bu1wl eybo2drmk
cebren,xu1bu1re
cebren,xu1bu1reo44
cebren,xu1bu1ro44e
cebren,xu1o4bu1o0ro44e
cebr etmek,xu1bu1re
cebretmesi,xu1bu1r eybo2mh||sy
cebretmeyi,xu1bu1r eybo2mko7y
cebretmez,xu1bu1r eybo2mro1
cebrettiği,xu1bu1r eybo2dyko7y
cebr'e,xu1bu1rh
cebr-i kat'î,xu1o4bu1o0ru4 fo2o4to0abu2
cebr-i̇ kat'i̇,xu1o4bu1o0ru4 fo2o4to0a۪y
cebr-i kat'i,xu1o4bu1o0ru4 fo2o4to0a۪y
cebr-i keyfî,xu1o4bu1o0ru4 ko4bu2o0fo1bu2
cebr-i̇ keyfi̇,xu1o4bu1o0ru4 ko4yo0fo1۪y
cebr-i keyfi,xu1o4bu1o0ru4 ko4yo0fo1۪y
cebr-i nefs etmek,xu1bu1r bo1fo1s e
cebrinefs,xu1bu1rbo1fo1s
cebr'in,xu1bu1rko3
cebrin,xu1bu1rko3
cebrîsiyle,xu1bu1rysylh
cebr-i,xu1bu1ru4
cebri,xu1bu1ry
cebrî,xu1bu1ry
cebrî,xu1o4bu1o0ru4bu2
cebri̇,xu1o4bu1o0ru4y
cebri,xu1o4bu1o0ru4y
cebriye,xu1bu1rbu2h
cebriye,xu1bu1ryh
cebriye,xu1bu1ryh||
cebriyle,xu1bu1rylh
cebr,xu1bu1r
ceb,xu1bu1
ceb,xu1bu2bu1
ceb,xu1ybu1
cedavil-i,xu1dewlu4
cedavili,xu1dewly
cedaviliyle,xu1dewlylh
cedavil,xu1dewl
cedâvil,xu1dewl
cedde,xu1do8h
ceddimin,xu1do8ymko3
ceddinden,xu1do8bo1dbo1
ceddine,xu1do8ybo1h
ceddinin,xu1do8ybo1ko3
ceddini,xu1do8ybo1y
ceddin,xu1do8ko3
cedd-i,xu1do8u4
ceddi,xu1do8y
cedd u cihet,xu1dwxu1hd
cedd,xu1d
cedeli,xu1dly
cedelî,xu1dly
cedel,xu1dl
cedideden,xu1dydh||dbo1
cedidede,xu1dydh||dh
cedide-i,xu1dydh||'u4
cedidenin,xu1dydh||bo1ko3
cedide,xu1dydh
cedide,xu1dydh||
cedîde,xu1dydh
cedideye,xu1dydh||yh
cedideyi,xu1dydh||yy
cedidi,xu1dydy
cedîd u mücedded,xu1dbu2dwmxo1dd
cedid u mücedded,xu1dydwmxo1dd
cedîd,xu1dbu2d
cedid,xu1dyd
cedîd,xu1dyd
cedi,xu1dy
cedî,xu1dy
cedlerinden,xu1dlrbo1dbo1
cedlerinizden,xu1dlryko3ro1dbo1
cedleri,xu1dlry
cedvelden,xu1dwldbo1
cedvelde,xu1dwldh
cedveldir,xu1dwldr
cedvele,xu1dwlh
cedvelimiz,xu1dwlmro1
cedvelinden,xu1dwlbo1dbo1
cedvelinde,xu1dwlbo1dh
cedvelinin,xu1dwlbo1ko3
cedvelini,xu1dwlbo1y
cedvelin,xu1dwlko3
cedveli,xu1dwly
cedveliyle,xu1dwlylh
cedvellerden,xu1dwllrdbo1
cedvellerin,xu1dwllrko3
cedvelleri,xu1dwllry
cedveller,xu1dwllr
cedvel şeklinde,xu1dwl so3klbo1dh
cedvel şeklinde,xu1dwl so3klbo1dh||
cedvel,xu1dwl
cedvel,xu1o4do0wo4lo0
ced,xu1d
cefacu,xu1fo1exu1w
cefâcû,xu1fo1exu1w
cefadan,xu1fo1edbo1
cefada,xu1fo1edh
cefadide,xu1fo1edydh||
cefâdîde,xu1fo1edydh
cefa-ender,xu1fo1e eo5bo1dr
cefakari,xu1fo1ekery
cefâkârî,xu1fo1ekery
cefakar,xu1fo1eker
cefakâr,xu1fo1eker
cefâkâr,xu1fo1eker
cefakar,xu3fo1eker
cefâkâr,xu3fo1eker
cefakeş,xu1fo1ekso3
cefâkeş,xu1fo1ekso3
cefalara,xu1fo1elrh
cefalarını,xu1fo1elrybo1y
cefalar,xu1fo1elr
cefâpîşe,xu1fo1ebu3bu2so3h
cefapişe,xu1fo1ebu3yso3h||
cefasını,xu1fo1esbo1y
cefa,xu1fo1e
cefâ,xu1fo1e
cefa,xu1o4fo1o4e
cefâ,xu1o4fo1o4e
cefayı,xu1fo1eyy
cefcaf,xu1fo1xu1efo1
cefcâf,xu1fo1xu1efo1
ceffelkalem,xu1fo1 elfo2lm
cefne,xu1fo1bo1h
cefr,xu1fo1r
ceğiz,xu1ko7ro1
cehalatından,xu1helebo2bo1dbo1
cehalete,xu1helbo2h
cehaletimizin,xu1helbo2mro1ko3
cehaletimiz,xu1helbo2mro1
cehaletim,xu1helbo2m
cehaletine,xu1helbo2bo1h
cehaletini,xu1helbo2bo1y
cehaletinizden,xu1helbo2ko3ro1dbo1
cehaletinizi,xu1helbo2ko3ro1y
cehaletin,xu1helbo2ko3
cehaleti,xu1helbo2y
cehaletlerine,xu1helbo2lrybo1h
cehaletlerini,xu1helbo2lrybo1y
cehaletlerin,xu1helbo2lrko3
cehaletleri,xu1helbo2lry
cehaletleriyle,xu1helbo2lrylh
cehaletle,xu1helbo2lh
cehaletperver,xu1helbo2||bu3rwr
cehalettedir,xu1helbo2dh||dr
cehaletten,xu1helbo2dbo1
cehalette,xu1helbo2dh
cehalettir,xu1helbo2dr
cehalet,xu1helbo2
cehâlet,xu1helbo2
cehalet,xu1o4ho4elo4bo2o0
cehâlet,xu1o4ho4elo4bo2o0
cehdidir,xu1hdydr
cehdine,xu1hdybo1h
cehdini,xu1hdybo1y
cehd-i,xu1hdu4
cehdi,xu1hdy
cehdle,xu1hdlh
cehd,xu1hd
cehele,xu1hlh
cehele,xu1hlh||
cehennemdedir,xu1hbo1o8mdh||dr
cehennem'den,xu1hbo1o8mdbo1
cehennemden,xu1hbo1o8mdbo1
cehennem'de,xu1hbo1o8mdh
cehennemde,xu1hbo1o8mdh
cehennem'dir,xu1hbo1o8mdr
cehennemdir,xu1hbo1o8mdr
cehenneme göndermek,xu1hbo1mh kwbo1drmk
cehennem'e,xu1hbo1o8mh
cehenneme,xu1hbo1o8mh
cehennemidir,xu1hbo1o8mydr
cehenneminden,xu1hbo1o8mbo1dbo1
cehennemini,xu1hbo1o8mbo1y
cehennem'in,xu1hbo1o8mko3
cehennemin,xu1hbo1o8mko3
cehennemi,xu1hbo1my
cehennemî,xu1hbo1my
cehennem-i,xu1hbo1o8mu4
cehennem'i,xu1hbo1o8my
cehennemi,xu1hbo1o8my
cehennemî,xu1hbo1o8my
cehennemlerden,xu1hbo1o8mlrdbo1
cehennemlere,xu1hbo1o8mlrh
cehennemlerini,xu1hbo1o8mlrybo1y
cehennemleri,xu1hbo1o8mlry
cehennem'le,xu1hbo1o8mlh
cehennemle,xu1hbo1o8mlh
cehennemliksiniz,xu1hbo1o8mlksko3ro1
cehennemlik,xu1hbo1mlk
cehennemlik,xu1hbo1o8mlk
cehennem-nümun,xu1hbo1o8m||bo1mwbo1
cehennemnümun,xu1hbo1o8m||bo1mwbo1
cehennem olmak,xu1hbo1m ew
cehennem ol,xu1hbo1m ewl
cehennem'siz,xu1hbo1o8msro1
cehennem taşı,xu1hbo1m teso3y
cehennem,xu1hbo1m
cehennem,xu1hbo1o8m
cehildendir,xu1hldbo1dr
cehil'den,xu1hldbo1
cehilden,xu1hldbo1
cehilde,xu1hldh
cehildir,xu1hldr
cehil'in,xu1hlko3
cehil-i,xu1hlu4
cehil'lerde,xu1hllrdh
cehillerini,xu1hllrybo1y
cehilleri,xu1hllry
cehiller,xu1hllr
cehil,xu1hl
cehi̇l,xu1o4hu4lo0
cehil,xu1o4hu4lo0
cehle,xu1hlh
cehl-i azîm,xu1o4ho0lu4 ao4to1u4bu2mo0
cehl-i̇ azi̇m,xu1o4ho0lu4 ao4to1u4ymo0
cehl-i azim,xu1o4ho0lu4 ao4to1u4ymo0
cehlimden,xu1hlmdbo1
cehlime,xu1hlmh
cehlimizden,xu1hlmro1dbo1
cehlimizi,xu1hlmro1y
cehlimizle,xu1hlmro1lh
cehlim,xu1hlm
cehlindendir,xu1hlko3dbo1dr
cehlinden,xu1hlbo1dbo1
cehline,xu1hlbo1h
cehlini,xu1hlbo1y
cehliniz,xu1hlko3ro1
cehl'in,xu1hlko3
cehlin,xu1hlko3
cehlistan,xu1hlsbo2ebo1
cehl-i,xu1hlu4
cehl'i,xu1hly
cehli,xu1hly
cehliyle,xu1hlylh
cehl,xu1hl
cehran,xu1hreo44
cehrde,xu1hrdh
cehren,xu1hre
cehren,xu1hreo44
cehren,xu1hro44e
cehri,xu1hry
cehrî,xu1hry
cehriye,xu1hryh
cehûldür,xu1hwldr
cehûl,xu1hwl
cek,xu1k
celadetine,xu1ledbo2bo1h
celadet-i,xu1ledbo2u4
celadeti,xu1ledbo2y
celadetle,xu1ledbo2lh
celadette,xu1ledbo2dh
celadet,xu1ledbo2
celâdet,xu1ledbo2
celaldarane,xu1lelderebo1h
celal'den,xu1leldbo1
celalden,xu1leldbo1
celal'de,xu1leldh
celaldir,xu1leldr
celaleddin'in,xu1lel eldybo1ko3
celaleddin-i,xu1lel eldybo1u4
celâleddin-i,xu1lel eldybo1u4
celaleddin'i,xu1lel eldybo1y
celaleddin,xu1lel eldybo1
celaletine,xu1lelbo2bo1h
celaletini,xu1lelbo2bo1y
celaleti,xu1lelbo2y
celâleti,xu1lelbo2y
celalet,xu1lelbo2
celal'e,xu1lelh
celale,xu1lelh
celâle,xu1lelh
celalîdir,xu1lelydr
celalinden,xu1lelko3dbo1
celaline,xu1lelbo1h
celâline,xu1lelbo1h
celalinin,xu1lelbo1ko3
celalini,xu1lelbo1y
celal'in,xu1lelko3
celalin,xu1lelko3
celal-i,xu1lelu4
celâl-i,xu1lelu4
celal'i,xu1lely
celali,xu1lely
celalî,xu1lely
celâlî,xu1o4lo4elbu2
celali̇,xu1o4lo4el۪y
celali,xu1o4lo4el۪y
celaliye-i,xu1lelyh||'u4
celaliyenin,xu1lelyh||bo1ko3
celâliyenin,xu1lelyh||bo1ko3
celaliyesine,xu1lelyh||sbo1h
celaliyesinin,xu1lelyh||sbo1ko3
celaliyesini,xu1lelyh||sbo1y
celaliyesi,xu1lelyh||sy
celaliye,xu1lelyh
celaliyeye,xu1lelyh||yh
celaliyeyi,xu1lelyh||yy
celaliyle,xu1lelylh
celâliyyesine,xu1lelyh||sbo1h
celâliyyesini,xu1lelyh||sbo1y
celâliyyeyi,xu1lelyh||yy
celal'ler,xu1lellr
celalli,xu1lelly
celâlli,xu1lelly
celalühü'nün,xu1lelh||bo1ko3
celaluhu,xu1lelh
celalühü,xu1lelh
celal,xu1lel
celâl,xu1lel
celal,xu1o4lo4elo0
celâl,xu1o4lo4elo0
celbedebiliriz,xu1lbu1 eydh||bu1ylyrro1
celbedebilir,xu1lbu1 eydh||bu1ylyr
celbedeceğiz,xu1lbu1 eydh||xu1ko7ro1
celbedecektir,xu1lbu1 eydh||xu1kdr
celbedecek,xu1lbu1 eydh||xu1k
celbeden,xu1lbu1 eydbo1
celbederek,xu1lbu1 eydh||rk
celbederler,xu1lbu1 eydrlr
celbederse,xu1lbu1 eydrsh
celbeder,xu1lbu1 eydr
celbedeyim,xu1lbu1 eydh||ym
celbedilebilir,xu1lbu1 eydylh||bu1ylyr
celbedilen,xu1lbu1 eydylbo1
celbediliyor,xu1lbu1 eydylyywr
celbedilmesi,xu1lbu1 eydylmh||sy
celbedilmiş,xu1lbu1 eydylmso3
celbedilsin,xu1lbu1 eydylsybo1
celbedince,xu1lbu1 eydbo1xu1h
celbedip,xu1lbu1 eydwbu1
celbediyorlar,xu1lbu1 eydyywrlr
celbediyorum,xu1lbu1 eydyywrm
celbediyoruz,xu1lbu1 eydyywrro1
celbediyor,xu1lbu1 eydyywr
celbetmeğe,xu1lbu1 eybo2mko7h
celbetmekle,xu1lbu1 eybo2mklh
celbetmekliğin,xu1lbu1 eybo2mklko7ko3
celbetmektedir,xu1lbu1 eybo2mkdh||dr
celbetmekte,xu1lbu1 eybo2mkdh
celbetmektir,xu1lbu1 eybo2mkdr
celbetmekti,xu1lbu1 eybo2mkdy
celb etmek,xu1lbu1 e
celbetmek,xu1lbu1 eybo2mk
celbetmeliyiz,xu1lbu1 eybo2mh||ly||yro1
celbetmemek,xu1lbu1 eybo2mh||mk
celbetmeniz,xu1lbu1 eybo2mh||ko3ro1
celbetmesinden,xu1lbu1 eybo2mh||sbo1dbo1
celbetmesine,xu1lbu1 eybo2mh||sbo1h
celbetmesin,xu1lbu1 eybo2mh||sybo1
celbetmesi,xu1lbu1 eybo2mh||sy
celbetmeyen,xu1lbu1 eybo2mh||ybo1
celbetmeye,xu1lbu1 eybo2mh||yh
celbetmeyi,xu1lbu1 eybo2mh||yy
celbetmez,xu1lbu1 eybo2mro1
celbetmiştir,xu1lbu1 eybo2mso3dr
celbetmiş,xu1lbu1 eybo2mso3
celbetse,xu1lbu1 eybo2sh
celbetsin,xu1lbu1 eybo2sybo1
celbettiğinden,xu1lbu1 eybo2dyko7bo1dbo1
celbettiğine,xu1lbu1 eybo2dyko7bo1h
celbettiğinin,xu1lbu1 eybo2dyko7bo1ko3
celbettiğini,xu1lbu1 eybo2dyko7bo1y
celbettiği,xu1lbu1 eybo2dyko7y
celbettiler,xu1lbu1 eybo2dylr
celbettim,xu1lbu1 eybo2dm
celbettireceğini,xu1lbu1 eybo2dyrh||xu1ko7bo1y
celbettirip,xu1lbu1 eybo2dyrwbu1
celbettiriyor,xu1lbu1 eybo2dyryywr
celbetti,xu1lbu1 eybo2dy
celbet,xu1lbu1 eybo2
celbe,xu1lbu1h
celbeylemek,xu1lbu1 eo5ylh||mk
celb-i̇ di̇kkat,xu1o4lo0bu1u4 du4fo2o4o8bo2o0
celb-i dikkat,xu1o4lo0bu1u4 du4fo2o4o8bo2o0
celbinden,xu1lbu1bo1dbo1
celbine,xu1lbu1bo1h
celb-i,xu1lbu1u4
celbi,xu1lbu1y
celbkârane,xu1lbu1kerebo1h
celbnamesiyle,xu1lbu1bo1emh||sylh
celbname,xu1lbu1 bo1emh||
celbname,xu1lbu1bo1emh||
celbnâme,xu1lbu1bo1emh
celbnâme,xu1lbu1 bo1emh
celbolunsun,xu1lbu1 ewlwbo1swbo1
celbolunur,xu1lbu1 ewlwbo1wr
celbolup,xu1lbu1 ewlwbu1
celboluyor,xu1lbu1 ewlwywr
celb-ül,xu1lbu1 el
celb,xu1lbu1
celb,xu1o4lo0bu1o0
celcelutiye'den,xu1lxu1lwbo2yh||dbo1
celcelutiye'de,xu1lxu1lwbo2yh||dh
celcelutiye'mde,xu1lxu1lwbo2yh||mdh
celcelutiye'nin,xu1lxu1lwbo2yh||bo1ko3
celcelutiye'sindeki,xu1lxu1lwbo2yh||sbo1dh||ky
celcelutiye'sinde,xu1lxu1lwbo2yh||sbo1dh
celcelutiyesinde,xu1lxu1lwbo2yh||sbo1dh
celcelutiyesi,xu1lxu1lwbo2yh||sy
celcelutiye,xu1lxu1lwbo2yh
celcelutiye'yi,xu1lxu1lwbo2yh||yy
celeb,xu1lbu1
celesat,xu1lsebo2
celesât,xu1lsebo2
celevat-ı,xu1lwebo2u4
celevât-ı,xu1lwebo2u4
celevatı,xu1lwebo2y
celevâtı,xu1lwebo2y
celevat,xu1lwebo2
celfa,xu1lfo1e
celîdir,xu1lydr
celildir,xu1lyldr
celileden,xu1lylh||dbo1
celiledir,xu1lylh||dr
celile-i,xu1lylh||'u4
celileleri,xu1lylh||lry
celilenin,xu1lylh||bo1ko3
celilesindeki,xu1lylh||sbo1dh||ky
celilesine,xu1lylh||sbo1h
celilesinin,xu1lylh||sbo1ko3
celilesini,xu1lylh||sbo1y
celilesi,xu1lylh||sy
celilesiyle,xu1lylh||sylh
celile,xu1lylh
celileye,xu1lylh||yh
celilince,xu1lylbo1xu1h
celilinden,xu1lylbo1dbo1
celiline,xu1lylbo1h
celilinin,xu1lylbo1ko3
celilini,xu1lylbo1y
celil'in,xu1lylko3
celilin,xu1lylko3
celîlin,xu1lylko3
celil-i,xu1lylu4
celîl-i,xu1lylu4
celili,xu1lyly
celîli,xu1lyly
celilüşşan,xu1lyl elso3o8ebo1
celîl,xu1lbu2l
celil,xu1lyl
celîl,xu1lyl
celîl,xu1o4lu4bu2lo0
celi̇l,xu1o4lu4ylo0
celil,xu1o4lu4ylo0
celîs,xu1lbu2s
celis,xu1lys
celi,xu1ly
celî,xu1ly
cellab,xu1leo8bu1
celladının,xu1leo8dybo1ko3
celladi,xu1ledy
cellâdî,xu1ledy
cellad-ı,xu1leo8du4
cellâdı,xu1leo8dy
celladıyla,xu1leo8dylh
cellad,xu1led
cellâd,xu1led
celle,xu1lo8
celsede,xu1lsh||dh
celse-i,xu1lsh||'u4
celsesine,xu1lsh||sbo1h
celse,xu1lsh
celse,xu1lsh||
cemaata,xu1meabo2h
cemaatça,xu1meabo2xu1h
cemaatçe,xu1meabo2xu1h
cemaate,xu1meabo2h
cemâat-i azîme,xu1o4mo4eao4bo2u4 ao4to1bu2mo4h
cemaat-i̇ azi̇me,xu1o4mo4eao4bo2u4 ao4to1۪ymo4h||
cemaat-i azime,xu1o4mo4eao4bo2u4 ao4to1۪ymo4h||
cemaatımıza,xu1meabo2mro1h
cemaatımızdan,xu1meabo2mro1dbo1
cemaatimize,xu1meabo2mro1h
cemaatimizin,xu1meabo2mro1ko3
cemaatımızın,xu1meabo2mro1ko3
cemâat-i müslimîn,xu1o4mo4eao4bo2u4 mslmbu2bo1
cemaat-i̇ müsli̇mi̇n,xu1o4mo4eao4bo2u4 mslmybo1
cemaat-i müslimin,xu1o4mo4eao4bo2u4 mslmybo1
cemaatım,xu1meabo2m
cemaatindeki,xu1meabo2bo1dh||ky
cemaatindeki,xu1meabo2ko3dh||ky
cemaatinden,xu1meabo2bo1dbo1
cemaatinde,xu1meabo2bo1dh
cemaatine,xu1meabo2bo1h
cemaatinin,xu1meabo2bo1ko3
cemaatini,xu1meabo2bo1y
cemaatinizin,xu1meabo2ko3ro1ko3
cemaatınız,xu1meabo2ko3ro1
cemaatin,xu1meabo2ko3
cemaatın,xu1meabo2ko3
cemâatın,xu1meabo2ko3
cemaat-i̇ uzma,xu1o4mo4eao4bo2u4 ao9to1o0mo4e
cemaat-i uzma,xu1o4mo4eao4bo2u4 ao9to1o0mo4e
cemâat-i uzmâ,xu1o4mo4eao4bo2u4 ao9to1o0mo4e
cemaat-i,xu1meabo2u4
cemaat-ı,xu1meabo2u4
cemaati,xu1meabo2y
cemaatî,xu1meabo2y
cemaatı,xu1meabo2y
cemaatiye,xu1meabo2yh
cemaatiz,xu1meabo2ro1
cemaatız,xu1meabo2ro1
cemaatlara,xu1meabo2lrh
cemaatlarındaki,xu1meabo2lrbo1dh||ky
cemaatlarının,xu1meabo2lrybo1ko3
cemaatların,xu1meabo2lrko3
cemaatlar,xu1meabo2lr
cemaatla,xu1meabo2lh
cemaatlerde,xu1meabo2lrdh
cemaatlere,xu1meabo2lrh
cemaatlerinden,xu1meabo2lrbo1dbo1
cemaatlerine,xu1meabo2lrybo1h
cemaatlerinin,xu1meabo2lrybo1ko3
cemaatlerini,xu1meabo2lrybo1y
cemaatlerin,xu1meabo2lrko3
cemâatlerin,xu1meabo2lrko3
cemaatleri,xu1meabo2lry
cemaatlerle,xu1meabo2lrlh
cemaatler,xu1meabo2lr
cemaatle,xu1meabo2lh
cemaatli,xu1meabo2ly
cemaatsiz,xu1meabo2sro1
cemaattan,xu1meabo2dbo1
cemaatta,xu1meabo2dh
cemaatten,xu1meabo2dbo1
cemaatte,xu1meabo2dh
cemaattir,xu1meabo2dr
cemaattır,xu1meabo2dr
cema'at,xu1meabo2
cemaat,xu1meabo2
cemâ'at,xu1meabo2
cemâat,xu1meabo2
cemadata,xu1medebo2h
cemadatın,xu1medebo2ko3
cemadatı,xu1medebo2y
cemadattan,xu1medebo2dbo1
cemadatta,xu1medebo2dh
cemadattır,xu1medebo2dr
cemadat,xu1medebo2
cemâdât,xu1medebo2
cemadat,xu1o4mo4edo4ebo2o0
cemâdât,xu1o4mo4edo4ebo2o0
cemada,xu1medh
cemadi,xu1medy
cemâdî,xu1medy
cemadiyetten,xu1medybo2dbo1
cemad,xu1med
cemâd,xu1med
cemahir-i,xu1mehyru4
cemâhîr,xu1mehbu2r
cemahir,xu1mehyr
cemalce,xu1melxu1h
cemaldeki,xu1meldh||ky
cemalde,xu1meldh
cemaldir,xu1meldr
cemâl'dir,xu1meldr
cemaleddin-i,xu1mel eldybo1u4
cemale,xu1melh
cemâle,xu1melh
cemalidir,xu1melydr
cemalîdir,xu1melydr
cemal-i̇ kemal,xu1o4mo4elu4 ko4mo4elo0
cemal-i kemal,xu1o4mo4elu4 ko4mo4elo0
cemâl-i kemâl,xu1o4mo4elu4 ko4mo4elo0
cemalimi,xu1melmy
cemal-i̇ mutlak,xu1o4mo4elu4 mo9to0lo4fo2o0
cemal-i mutlak,xu1o4mo4elu4 mo9to0lo4fo2o0
cemâl-i mutlak,xu1o4mo4elu4 mo9to0lo4fo2o0
cemalinden,xu1melbo1dbo1
cemaline,xu1melbo1h
cemâline,xu1melbo1h
cemalinin,xu1melbo1ko3
cemâlinin,xu1melbo1ko3
cemalini,xu1melbo1y
cemâlini,xu1melbo1y
cemalinle,xu1melko3lh
cemal'in,xu1melko3
cemalin,xu1melko3
cemâlin,xu1melko3
cemal-i̇ rahmet,xu1o4mo4elu4 ro4xo0mo4bo2o0
cemal-i rahmet,xu1o4mo4elu4 ro4xo0mo4bo2o0
cemâl-i rahmet,xu1o4mo4elu4 ro4xo0mo4bo2o0
cemal-i̇ suret,xu1o4mo4elu4 zo9wro4bo2o0
cemal-i suret,xu1o4mo4elu4 zo9wro4bo2o0
cemâl-i sûret,xu1o4mo4elu4 zo9wro4bo2o0
cemal-i,xu1melu4
cemâl-i,xu1melu4
cemali,xu1mely
cemalî,xu1mely
cemâlî,xu1o4mo4elbu2
cemali̇,xu1o4mo4el۪y
cemali,xu1o4mo4el۪y
cemaliyesini,xu1melyh||sbo1y
cemaliyesi,xu1melyh||sy
cemaliyesiyle,xu1melyh||sylh
cemaliye,xu1melyh
cemaliyeye,xu1melyh||yh
cemaliyeyi,xu1melyh||yy
cemaliyle,xu1melylh
cemâliyyesini,xu1melyh||sbo1y
cemâliyyesi,xu1melyh||sy
cemâliyye,xu1melyh
cemaliyyeyi,xu1melyh||yy
cemâliyyeyi,xu1melyh||yy
cemallerden,xu1mellrdbo1
cemallerine,xu1mellrybo1h
cemallerini,xu1mellrybo1y
cemâllerini,xu1mellrybo1y
cemallerin,xu1mellrko3
cemalleri,xu1mellry
cemâlleri,xu1mellry
cemaller,xu1mellr
cemalli,xu1melly
cemalperestlik,xu1mel||bu3rsbo2lk
cemal-perest,xu1mel||bu3rsbo2
cemalperest,xu1mel||bu3rsbo2
cemâl-perest,xu1mel||bu3rsbo2
cemalperverane,xu1mel||bu3rwrebo1h
cemalühü,xu1o4mo4elo9ho9
cemalullaha,xu1mel ello8h||h
cemalullahsın,xu1mel ello8h||sko3
cemalullah,xu1mel e||ellh
cemal,xu1mel
cemâl,xu1mel
cemal,xu1o4mo4elo0
cemâl,xu1o4mo4elo0
cem'an,xu1mae
cem’an,xu1mae
cem'an,xu1mao44e
cemaziyelahir,xu1medo1y||elexo1r
cemâziyelâhir,xu1medo1y||elexo1r
cemaziyelevvel,xu1medo1y||elewl
cemâziyelevvel,xu1medo1y||elewl
cemaziye-l,xu1medo1y el
cembres,kh||mbu1rs
cem'de,xu1madh
cem'dir,xu1madr
cem'edebilirsin,xu1ma eydh||bu1ylyrsko3
cem'edenler,xu1ma eydbo1lr
cem'eden,xu1ma eydbo1
cem'ederek,xu1ma eydh||rk
cem'eder,xu1ma eydr
cem'edilen,xu1ma eydylbo1
cem'edilerek,xu1ma eydylh||rk
cem'edilmiş,xu1ma eydylmso3
cem'edilse,xu1ma eydylsh
cem'edip,xu1ma eydwbu1
cem'ediyor,xu1ma eydyywr
cemed,xu1md
cemel'de,xu1mldh
cemel,xu1ml
cem'en,xu1maeo44
cem'etmekle,xu1ma eybo2mklh
cem' etmek,xu1ma e
cem'etmek,xu1ma eybo2mk
cem'etmesidir,xu1ma eybo2mh||sydr
cem'etmesi,xu1ma eybo2msy
cem'etmiştik,xu1ma eybo2mso3dk
cem'etmiştir,xu1ma eybo2mso3dr
cem'etmiş,xu1ma eybo2mso3
cem'ettiğinden,xu1ma eybo2dyko7bo1dbo1
cem'ettiği,xu1ma eybo2dyko7y
cem'ettikten,xu1ma eybo2dkdbo1
cem'ettik,xu1ma eybo2dk
cem'etti,xu1ma eybo2dy
cem'et,xu1ma eybo2
cem'e,xu1mah
cemî'an,xu1mbu2ae
cemi'an,xu1myae
cemi’an,xu1myae
cem'idir,xu1maydr
cemî'en,xu1mbu2aeo44
cemi'en,xu1myaeo44
cemi'-i,xu1myau4
cemilane,xu1mylebo1h
cemilden,xu1myldbo1
cemildir,xu1myldr
cemilelerinizden,xu1mylh||lryko3ro1dbo1
cemileleri,xu1mylh||lry
cemîleleri,xu1mylh||lry
cemilemek,xu1malh||mk
cemilemek,xu1malh||mk
cemilenmek,xu1malh||bo1mk
cemilenmek,xu1malh||bo1mk
cemilen,xu1malh||bo1
cemile,xu1malh||
cemîle,xu1mbu2lh
cemile,xu1mylh
cemile,xu1mylh||
cemîle,xu1mylh
cemileyi,xu1mylh||yy
cemilinize,xu1mylko3ro1h
cemil'in,xu1mylko3
cemîl'in,xu1mylko3
cemil-i,xu1mylu4
cemîl-i,xu1mylu4
cemili,xu1myly
cemîl-i zülcelâl,xu1o4mbu2lu4 do1o9welo0xu1o4lo4elo0
cemi̇l-i̇ zülcelal,xu1o4m۪ylu4 do1o9welo0xu1o4lo4elo0
cemil-i zülcelal,xu1o4m۪ylu4 do1o9welo0xu1o4lo4elo0
cemilsin,xu1mylsko3
cemil,xu1mbu2l
cemil,xu1myl
cemîl,xu1myl
cemîl,xu1o4mbu2lo0
cemi̇l,xu1o4m۪ylo0
cemil,xu1o4m۪ylo0
cem'indendir,xu1mabo1dbo1dr
cem'ine,xu1mabo1h
cem'in,xu1mako3
cem-i,xu1mau4
cem'-i,xu1mau4
cem'i,xu1may
cemî',xu1mbu2a
cemi,xu1mya
cemi',xu1mya
cemi’,xu1mya
cemî,xu1mya
cem'iyat-ı,xu1mayebo2u4
cem'iyetçilikten,xu1maybo2xu1ylkdbo1
cem'iyetçilik,xu1maybo2xu1ylk
cem'iyetçi,xu1maybo2xu1y
cem'iyete,xu1maybo2h
cem'iyetidir,xu1maybo2ydr
cem'iyetimizden,xu1maybo2mro1dbo1
cem'iyetimize,xu1maybo2mro1h
cem'iyetimizin,xu1maybo2mro1ko3
cem'iyetimiz,xu1maybo2mro1
cem'iyetindenim,xu1maybo2bo1dbo1m
cem'iyetinden,xu1maybo2bo1dbo1
cem'iyetinde,xu1maybo2bo1dh
cem'iyetine,xu1maybo2bo1h
cem'iyeti'nin,xu1maybo2bo1ko3
cem'iyetinin,xu1maybo2bo1ko3
cem'iyeti'ni,xu1maybo2bo1y
cem'iyetini,xu1maybo2bo1y
cem'iyetinize,xu1maybo2ko3ro1h
cem'iyetin,xu1maybo2ko3
cem'iyet-i,xu1maybo2u4
cemiyet-i,xu1maybo2u4
cem'iyeti,xu1maybo2y
cem'iyetiyle,xu1maybo2ylh
cem'iyetiz,xu1maybo2ro1
cem'iyetlerden,xu1maybo2lrdbo1
cem'iyetlerde,xu1maybo2lrdh
cem'iyetlere,xu1maybo2lrh
cem'iyetlerinden,xu1maybo2lrbo1dbo1
cem'iyetlerine,xu1maybo2lrybo1h
cem'iyetlerinin,xu1maybo2lrybo1ko3
cem'iyetlerin,xu1maybo2lrko3
cem'iyetleri,xu1maybo2lry
cem'iyetlerle,xu1maybo2lrlh
cem'iyetler,xu1maybo2lr
cem'iyetle,xu1maybo2lh
cem'iyetli,xu1maybo2ly
cemiyetli,xu1maybo2ly
cem'iyet-memiyet,xu1maybo2 mmaybo2
cem'iyettensin,xu1maybo2dbo1sko3
cem'iyetten,xu1maybo2dbo1
cem'iyette,xu1maybo2dh
cem'iyettir,xu1maybo2dr
cemiyet,xu1mabu2bo2
cem'iyet,xu1maybo2
cemiyet,xu1maybo2
cem'iyet,xu1o4mo0au4bu2o4bo2o0
cem'i̇yet,xu1o4mo0au4yo4bo2o0
cem'iyet,xu1o4mo0au4yo4bo2o0
cem'iyle,xu1maylh
cem'iyyât,xu1mabu2ebo2
cem'iyyat,xu1mayebo2
cem’iyyat,xu1mayebo2
cem'iyyet-i akvâm,xu1mabu2bo2 efo2wem
cem'i̇yyet-i̇ akvam,xu1maybo2 efo2wem
cem'iyyet-i akvam,xu1maybo2 efo2wem
cem’iyyet -i akvam,xu1maybo2 efo2wem
cem'iyyet-i,xu1maybo2u4
cem'iyyeti,xu1maybo2y
cem'iyyetli,xu1maybo2ly
cem'iyyet,xu1mabu2bo2
cemiyyet,xu1mabu2bo2
cem'iyyet,xu1maybo2
cem’iyyet,xu1maybo2
cemiyyet,xu1maybo2
cemiyyet,xu1mbu2abo2
cemiyyet,xu1myabo2
cem'lendirilmiştir,xu1malbo1dyrylmso3dr
cemm-i gafîr,xu1m ao1fo1bu2r
cemm-i gafir,xu1m ao1fo1yr
cemm-i,xu1mo8u4
cemm,xu1m
cemm,xu1mo8
cem' olmak,xu1ma ew
cem'olmuştur,xu1ma ewlmso3dr
cemre,xu1mrh
cemre,xu1mrh||
cem'-ül,xu1ma el
cem,xu1m
cem,xu1ma
cem',xu1ma
cem’,xu1ma
cem',xu1o4mo0ao0
cenabdan,xu1bo1ebu1dbo1
cenabet,xu1bo1ebu1bo2
cenâbet,xu1bo1ebu1bo2
cenâb-i hakîm-i rahîm,xu1o4bo1o4ebu1u4 xo4kbu2mu4 ro4xbu2mo0
cenâb-ı hakîm-i rahîm,xu1o4bo1o4ebu1u4 xo4kbu2mu4 ro4xbu2mo0
cenab-i haki̇m-i̇ rahi̇m,xu1o4bo1o4ebu1u4 xo4k۪ymu4 ro4x۪ymo0
cenab-ı hakim-i rahim,xu1o4bo1o4ebu1u4 xo4k۪ymu4 ro4x۪ymo0
cenab-i hak,xu1o4bo1eo4bu1u4 xo4fo2o0
cenab-ı hak,xu1o4bo1eo4bu1u4 xo4fo2o0
cenâb-i hak,xu1o4bo1eo4bu1u4 xo4fo2o0
cenâb-ı hak,xu1o4bo1eo4bu1u4 xo4fo2o0
cenabınıza,xu1bo1ebu1ko3ro1h
cenab-ı,xu1bo1ebu1u4
cenâb-ı,xu1bo1ebu1u4
cenablarına,xu1bo1ebu1lrybo1h
cenablarından,xu1bo1ebu1lrbo1dbo1
cenabla,xu1bo1ebu1lh
cenab,xu1bo1ebu1
cenâb,xu1bo1ebu1
cenaha,xu1bo1exh
cenâha,xu1bo1exh
cenahına,xu1bo1exbo1h
cenahındaki,xu1bo1exbo1dh||ky
cenahın,xu1bo1exko3
cenah-ı,xu1bo1exu4
cenahı,xu1bo1exy
cenahlarıyla,xu1bo1exlrylh
cenahlariyle,xu1bo1exlrylh
cenahla,xu1bo1exlh
cenahta,xu1bo1exdh
cenahtır,xu1bo1exdr
cenah,xu1bo1ex
cenâh,xu1bo1ex
cenah,xu1o4bo1o4exo0
cenâh,xu1o4bo1o4exo0
cenanda,xu1o4bo1ebo1dh
cenanını,xu1bo1ebo1ko3y
cenanî,xu1bo1ebo1y
cenanı,xu1bo1ebo1y
cenan,xu1bo1ebo1
cenân,xu1bo1ebo1
cenaze alayı,xu1bo1ero1h elebu2y
cenâze alayı,xu1bo1ero1h elebu2y
cenaze alayı,xu1bo1ero1h eleyy
cenaze defni,xu1bo1ero1h dfo1bo1y
cenâze defni,xu1bo1ero1h dfo1bo1y
cenaze-i,xu1bo1ero1h||'u4
cenazelerden,xu1bo1ero1h||lrdbo1
cenazelerdir,xu1bo1ero1h||lrdr
cenazeleridir,xu1bo1ero1h||lrydr
cenazelerinden,xu1bo1ero1h||lrbo1dbo1
cenazelerinin,xu1bo1ero1h||lrybo1ko3
cenazelerini,xu1bo1ero1h||lrybo1y
cenazelerin,xu1bo1ero1h||lrko3
cenazeleri,xu1bo1ero1h||lry
cenâzeleri,xu1bo1ero1h||lry
cenazeleriyle,xu1bo1ero1h||lrylh
cenazelerle,xu1bo1ero1h||lrlh
cenazeler,xu1bo1ero1h||lr
cenazemdir,xu1bo1ero1h||mdr
cenazemin,xu1bo1ero1h||mko3
cenazenin,xu1bo1ero1h||bo1ko3
cenazesine,xu1bo1ero1h||sbo1h
cenazesinin,xu1bo1ero1h||sbo1ko3
cenazesini,xu1bo1ero1h||sbo1y
cenazesi,xu1bo1ero1h||sy
cenaze,xu1bo1ero1h
cenaze,xu1bo1ero1h||
cenâze,xu1bo1ero1h
cenazeye,xu1bo1ero1h||yh
cenazeyim,xu1bo1ero1h||ym
cenazeyi,xu1bo1ero1h||yy
cenb,xu1bo1bu1
cendel,xu1bo1dl
cendereden geçirmek,xu1bo1drh dbo1 kxu3wrmk
cendere,xu1bo1drh
cendere,xu1bo1drh||
cendereye,xu1o4bo1o0do4ro4h||yh
ceneviz,xu1bo1wyro1
cenevre'de,xu1o4bo1o4wo0rh||dh
cengaveri,xu1bo1ko7ewry
cengâverî,xu1bo1ko7ewry
cengaverlerinin,xu1bo1ko7ewrlrybo1ko3
cengâverlerinin,xu1bo1ko7ewrlrybo1ko3
cengaverlik,xu1bo1kewrlk
cengâverlik,xu1bo1kewrlk
cengaver,xu1bo1kewr
cengâver,xu1bo1kewr
cengaver,xu1bo1ko7ewr
cengâver,xu1bo1ko7ewr
cengcu,xu1bo1ko7xu1w
cengcû,xu1bo1ko7xu1w
cenge başlamak,xu1bo1kh bu1eso3lemfo2
cengel,xu1bo1ko7l
cenge mezûn bâzirgân gemisi,xu1bo1kh meo5do1wbo1 bu1ero1rkebo1 kmbu2sy
cenge mezun bazirgan gemisi,xu1bo1kh meo5do1wbo1 bu1ero1rkebo1 kmysy
cenge,xu1bo1kh
cenge,xu1bo1kh||
cengiz'e,xu1bo1ko7ro1h
cengiz'in,xu1bo1ko7yro1ko3
cengiz,xu1bo1ko7yro1
ceng,xu1bo1ko7
ceninin,xu1bo1ybo1ko3
cenîn,xu1bo1bu2bo1
cenin,xu1bo1ybo1
cenin,xu1o4bo1ybo1
cenkçi,xu1bo1kxu1y
cenk etmek,xu1bo1k e
cenk gemisi,xu1bo1k kmbu2sy
cenk gemisi,xu1bo1k kmysy
cenkleşmek,xu1bo1keso3mk
cenkleş,xu1bo1keso3
cenk,xu1bo1k
cennat,xu1bo1ebo2
cennât,xu1bo1ebo2
cennet-âbâd,xu1bo1o8bo2||eo6bu1ed
cennet-âsâ,xu1bo1o8bo2||eo6se
cennet-cehennem,xu1bo1o8bo2 xu1hbo1o8m
cennete,xu1bo1o8bo2h
cennet -i a’la,xu1bo1bo2 ealy
cennet-i̇ a'la,xu1bo1bo2 ealy
cennet-i a'la,xu1bo1bo2 ealy
cennet-i a'lâ,xu1bo1bo2 ealy
cennetidir,xu1bo1o8bo2ydr
cennetindendir,xu1bo1o8bo2bo1dbo1dr
cennetinden,xu1bo1o8bo2bo1dbo1
cennetinde,xu1bo1o8bo2bo1dh
cennetine,xu1bo1o8bo2bo1h
cennetini,xu1bo1o8bo2bo1y
cennetinizden,xu1bo1o8bo2ko3ro1dbo1
cennetiniz,xu1bo1o8bo2ko3ro1
cennet’in,xu1bo1o8bo2ko3
cennetin,xu1bo1o8bo2ko3
cennet-i,xu1bo1o8bo2u4
cenneti,xu1bo1o8bo2y
cennetlerden,xu1bo1o8bo2lrdbo1
cennetlerde,xu1bo1o8bo2lrdh
cennetleridir,xu1bo1o8bo2lrydr
cennetlerinden,xu1bo1o8bo2lrbo1dbo1
cennetlerinde,xu1bo1o8bo2lrbo1dh
cennetlerini,xu1bo1o8bo2lrybo1y
cennetlerin,xu1bo1o8bo2lrko3
cennetleri,xu1bo1o8bo2lry
cennetler,xu1bo1o8bo2lr
cennetle,xu1bo1o8bo2lh
cennetlik,xu1bo1bo2lk
cennetli,xu1bo1bo2ly
cennetmekan,xu1bo1bo2 mkebo1
cennetmekân,xu1bo1bo2 mkebo1
cennet-misal,xu1bo1o8bo2||mbo3el
cennetnümun,xu1bo1o8o8bo2||bo1mwbo1
cennetteki,xu1bo1o8bo2dh||ky
cennettendir,xu1bo1o8bo2dbo1dr
cennetten,xu1bo1o8bo2dbo1
cennette,xu1bo1o8bo2dh
cennettirler,xu1bo1o8bo2drlr
cennettir,xu1bo1o8bo2dr
cennet-ül,xu1bo1o8bo2 el
cennetü,xu1o4bo1o8o4ho2o9
cennet,xu1bo1bo2
cennet,xu1bo1o8bo2
centilmenlik,xu1bo1bo2ylmbo1lk
centilmen,xu1bo1bo2ylmbo1
cenuba,xu1bo1wbu1h
cenubdaki,xu1bo1wbu1dh||ky
cenubdan,xu1bo1wbu1dbo1
cenubda,xu1bo1wbu1dh
cenuben,xu1bo1wbu1eo44
cenûben,xu1bo1wbu1eo44
cenub -i garbi,xu1bo1wbu1 ao1rbu1y
cenub-i̇ garbi̇,xu1bo1wbu1 ao1rbu1y
cenub-i garbi,xu1bo1wbu1 ao1rbu1y
cenûb-i garbî,xu1bo1wbu1 ao1rbu1y
cenub -i garb,xu1bo1wbu1 ao1rbu1
cenub-i̇ garb,xu1bo1wbu1 ao1rbu1
cenub-i garb,xu1bo1wbu1 ao1rbu1
cenûb-i garb,xu1bo1wbu1 ao1rbu1
cenub -i şarki,xu1bo1wbu1 so3rfo2y
cenub-i̇ şarki̇,xu1bo1wbu1 so3rfo2y
cenub-i şarki,xu1bo1wbu1 so3rfo2y
cenûb-i şarkî,xu1bo1wbu1 so3rfo2y
cenub -i şark,xu1bo1wbu1 so3rfo2
cenub-i̇ şark,xu1bo1wbu1 so3rfo2
cenub-i şark,xu1bo1wbu1 so3rfo2
cenûb-i şark,xu1bo1wbu1 so3rfo2
cenubi,xu1bo1wbu1y
cenûbî,xu1bo1wbu1y
cenubunda,xu1bo1wbu1bo1dh
cenubu,xu1bo1wbu1y
cenub,xu1bo1wbu1
cenûb,xu1bo1wbu1
cephane-i,xu1bu1xo1ebo1h||'u4
cephanelerini,xu1bu1xo1ebo1h||lrybo1y
cephaneler,xu1bu1xo1ebo1h||lr
cephanesini,xu1bu1xo1ebo1h||sbo1y
cephane,xu1bu1xo1ebo1h
cephane,xu1bu1xo1ebo1h||
cephâne,xu1bu1xo1ebo1h
cep harçlığı,xu1bu2bu1 xo1rxu1lao1y
cep harçlığı,xu1ybu1 xo1rxu1lao1y
cepheden,xu1bu1hh||dbo1
cephede,xu1bu1hh||dh
cephe-i,xu1bu1hh||'u4
cephelerde,xu1bu1hh||lrdh
cephelerinden,xu1bu1hh||lrbo1dbo1
cephemde,xu1bu1hh||mdh
cephemize,xu1bu1hh||mro1h
cephemiz,xu1bu1hh||mro1
cephenin,xu1bu1hh||bo1ko3
cephesinden,xu1bu1hh||sbo1dbo1
cephesinde,xu1bu1hh||sbo1dh
cephesine,xu1bu1hh||sbo1h
cephesinin,xu1bu1hh||sbo1ko3
cephesi,xu1bu1hh||sy
cephe,xu1bu1hh
cephe,xu1bu1hh||
cepheyi,xu1bu1hh||yy
ceplerine,xu1ybu1lrybo1h
ceplerini,xu1ybu1lrybo1y
cepte,xu1ybu1dh
cep,xu1bu2bu1
cep,xu1ybu1
cerad,xu1red
cerâd,xu1red
cerahat akmak,xu1rexbo2 efo2mfo2
cerâhat akmak,xu1rexbo2 efo2mfo2
cerahatini,xu1rexbo2bo1y
cerahatlenmek,xu1rexbo2lh||bo1mk
cerahatlenmek,xu1rexbo2lh||bo1mk
cerahatlen,xu1rexbo2lh||bo1
cerahatli,xu1rexbo2ly
cerahatlı,xu1rexbo2ly
cerahat toplanmak,xu1rexbo2 twbu3lebo1mfo2
cerâhat toplanmak,xu1rexbo2 twbu3lebo1mfo2
cerahat,xrexbo2
cerâhat,xrexbo2
cerahat,xu1rexbo2
cerâhat,xu1rexbo2
ceraiddir,xu1reyo5ddr
ceraid-i,xu1reyo5du4
ceraidi,xu1reyo5dy
ceraid,xu1rebo5d
cerâid,xu1rebo5d
ceraim,xu1rebo5m
cerâim,xu1rebo5m
cerbeze-âlûd,xu1rbu1ro1h||eo6lwd
cerbezeden,xu1rbu1ro1h||dbo1
cerbezedir,xu1rbu1ro1h||dr
cerbezeliğine,xu1rbu1ro1h||lko7bo1h
cerbezeliktir,xu1rbu1ro1h||lkdr
cerbezelik,xu1rbu1ro1h||lk
cerbezeli,xu1rbu1ro1h lw
cerbezeli,xu1rbu1ro1h||ly
cerbezenin,xu1rbu1ro1h||bo1ko3
cerbezesiyle,xu1rbu1ro1h||sylh
cerbeze,xu1o4ro0bu1o4ro1o4h
cerbeze,xu1o4ro0bu1o4ro1o4h||
cerbeze,xu1rbu1ro1h
cerbeze,xu1rbu1ro1h||
cerbezeye,xu1rbu1ro1h||yh
cercis,xu1rxu1ys
cereme,xu1rymh
cereme,xu1rymh||
ceres,xu1rs
cereyana,xu1ryebo1h
cereyandan,xu1ryebo1dbo1
cereyân etmek,xu1rbu2ebo1 e
cereyan etmek,xu1ryebo1 e
cereyân-i dalâlet,xu1o4ro4bu2o4ebo1u4 zo1o4leo4lo4bo2o0
cereyân-ı dalâlet,xu1o4ro4bu2o4ebo1u4 zo1o4leo4lo4bo2o0
cereyan-i dalalet,xu1o4ro4yo4ebo1u4 zo1o4leo4lo4bo2o0
cereyan-ı dalalet,xu1o4ro4yo4ebo1u4 zo1o4leo4lo4bo2o0
cereyanıdır,xu1ryebo1ydr
cereyanına,xu1ryebo1bo1h
cereyanından,xu1ryebo1bo1dbo1
cereyanında,xu1ryebo1bo1dh
cereyanındayım,xu1ryebo1bo1dh||ym
cereyanındayız,xu1ryebo1bo1dh||yro1
cereyanının,xu1ryebo1bo1ko3
cereyanını,xu1ryebo1bo1y
cereyanın,xu1ryebo1ko3
cereyan-ı,xu1ryebo1u4
cereyanı,xu1ryebo1y
cereyanıyla,xu1ryebo1ylh
cereyanlara,xu1ryebo1lrh
cereyanlardan,xu1ryebo1lrdbo1
cereyanlarda,xu1ryebo1lrdh
cereyanlarıdır,xu1ryebo1lry||dr
cereyanlarına,xu1ryebo1lrybo1h
cereyanlarından,xu1ryebo1lrbo1dbo1
cereyanlarında,xu1ryebo1lrbo1dh
cereyanlarının,xu1ryebo1lrybo1ko3
cereyanlarını,xu1ryebo1lrybo1y
cereyanların,xu1ryebo1lrko3
cereyanları,xu1ryebo1lry
cereyanlarıyla,xu1ryebo1lrylh
cereyanlarla,xu1ryebo1lrlh
cereyanlar,xu1ryebo1lr
cereyanla,xu1ryebo1lh
cereyân,xu1o4ro4bu2o4ebo1o0
cereyan,xu1o4ro4yo4ebo1o0
cereyan,xu1rbu2ebo1
cereyan,xu1ryebo1
cereyân,xu1ryebo1
cerge,xu1rko7h
cerge,xu1rko7h||
cerhdir,xu1rxdr
cerhedemedim,xu1rx eydh||mdm
cerhedememesidir,xu1rx eydh||mh||msydr
cerhedememişler,xu1rx eydh||mh||mso3lr
cerhedememiş,xu1rx eydh||mh||mso3
cerhedemez,xu1rx eydh||mro1
cerhedemiyorlar,xu1rx eydh||myywrlr
cerheden,xu1rx eydbo1
cerhedilmeksizin,xu1rx eydylmksro1ybo1
cerhedilmeyen,xu1rx eydylmh||ybo1
cerhedilmez,xu1rx eydylmro1
cerhedip,xu1rx eydwbu1
cerhediyor,xu1rx eydyywr
cerhetmeğe,xu1rx eybo2mko7h
cerh etmek,xu1rx e
cerhetmemesi,xu1rx eybo2mh||msy
cerhetmez,xu1rx eybo2mro1
cerhetmişim,xu1rx eybo2mso3m
cerhetmiyor,xu1rx eybo2myywr
cerhetsin,xu1rx eybo2sybo1
cerhtir,xu1rxdr
cerh,xu1o4ro0xo0
cerh,xu1rx
ceride-i,xu1rydh||'u4
ceridelerde,xu1rydh||lrdh
ceridelere,xu1rydh||lrh
ceridelerinde,xu1rydh||lrbo1dh
ceridelerinin,xu1rydh||lrybo1ko3
ceridelerin,xu1rydh||lrko3
cerideleri,xu1rydh||lry
ceridelerle,xu1rydh||lrlh
cerideler,xu1rydh||lr
ceridenin,xu1rydh||bo1ko3
ceridesinde,xu1rydh||sbo1dh
ceridesinin,xu1rydh||sbo1ko3
ceridesi,xu1rydh||sy
cerîde,xu1o4rbu2do4h
ceri̇de,xu1o4r۪ydo4h||
ceride,xu1o4r۪ydo4h||
cerîde,xu1rbu2dh
ceride,xu1rydh
ceride,xu1rydh||
cerîde,xu1rydh
cerideye,xu1rydh||yh
cerihalara,xu1ryxh||lrh
cerihaların,xu1ryxh||lrko3
cerihalar,xu1ryxh||lr
cerihası,xu1ryxh||sy
cerîha,xu1o4rbu2xo4h
ceri̇ha,xu1o4r۪yxo4h||
ceriha,xu1o4r۪yxo4h||
ceriha,xu1ryxh
ceriha,xu1ryxh||
cerîha,xu1ryxh
cerîme alınmak şartıyla,xu1rbu2mh elbo1mfo2 so3rtbu2lh
cerime alınmak şartıyla,xu1rymh elbo1mfo2 so3rtylh||
cerîme almak,xu1rbu2mh elmfo2
cerime almak,xu1rymh elmfo2
cerîme,xu1rbu2mh
cerime,xu1rymh||
cerîme,xu1rymh
cerir'den,xu1ryrdbo1
cerir-i,xu1ryru4
cerrahını,xu1ro8exbo1y
cerrahi,xu1rexy
cerrâhî,xu1rexy
cerrahiye-i,xu1ro8exyh||'u4
cerrahiyenin,xu1ro8exyh||bo1ko3
cerrahiyesine,xu1ro8exyh||sbo1h
cerrahiye,xu1ro8exyh
cerrahlık,xu1rexlfo2
cerrah,xu1rex
cerrâh,xu1rex
cerran,xu1ro8o44e
cerrarlar,xu1ro8erlr
cerrar,xu1rer
cerrar,xu1ro8er
cerr-i eskal kuvveti,xu1rebo3fo2el fo2wbo2y
cerr-i eskâl kuvveti,xu1rebo3fo2el fo2wbo2y
cerri,xu1ro8y
cerr,xu1ro8
cer,xu1r
cesametinde,xu1sembo2bo1dh
cesameti,xu1sembo2y
cesamette,xu1sembo2dh
cesamet,xu1o4so4emo4bo2o0
cesâmet,xu1o4so4emo4bo2o0
cesamet,xu1sembo2
cesâmet,xu1sembo2
cesaret etmek,xo1serbo2 e
cesâret etmek,xo1serbo2 e
cesaret etmek,xu1serbo2 e
cesâret etmek,xu1serbo2 e
cesarete,xu1serbo2h
cesaretimi,xu1serbo2my
cesaretimizde,xu1serbo2mro1dh
cesaretimizi,xu1serbo2mro1y
cesaretim,xu1serbo2m
cesaretinde,xu1serbo2bo1dh
cesaretini,xu1serbo2bo1y
cesaretinizin,xu1serbo2ko3ro1ko3
cesaretiniz,xu1serbo2ko3ro1
cesaretin,xu1serbo2ko3
cesaret-i,xu1serbo2u4
cesareti,xu1serbo2y
cesaretlenmek,xu1serbo2lh||bo1mk
cesâretlenmek,xu1serbo2lh||bo1mk
cesaretlen,xu1serbo2lh||bo1
cesaretlerini,xu1serbo2lrybo1y
cesaretleri,xu1serbo2lry
cesaretleriyle,xu1serbo2lrylh
cesaretle,xu1serbo2lh
cesaretli,xu1serbo2lw
cesâretli,xu1serbo2lw
cesaretli,xu1serbo2ly
cesaretsizliği,xu1serbo2sro1lko7y
cesaretsiz,xu1serbo2sro1
cesâretsiz,xu1serbo2sro1
cesaretten,xu1serbo2dbo1
cesarette,xu1serbo2dh
cesâret vermek,xu1serbo2 wbu2rmk
cesaret vermek,xu1serbo2 wyrmk
cesaret,xu1serbo2
cesâret,xu1serbo2
ceseddeki,xu1sddh||ky
cesedden,xu1sddbo1
cesedde,xu1sddh
ceseddir,xu1sddr
cesede,xu1sdh
cesedîdir,xu1sdydr
cesed-i fani,xu1sd fo1ebo1y
cesed-i fânî,xu1sd fo1ebo1y
cesedimdeki,xu1sdmdh||ky
cesedimden,xu1sdmdbo1
cesedimin,xu1sdmko3
cesed-i misâlî,xu1o4so4du4 mu4bo3o4elu4bu2
cesed-i̇ mi̇sali̇,xu1o4so4du4 mu4bo3o4elu4y
cesed-i misali,xu1o4so4du4 mu4bo3o4elu4y
cesedimizi,xu1sdymro1y
cesedimiz,xu1sdymro1
cesedindeki,xu1sdko3dh||ky
cesedinden,xu1sdbo1dbo1
cesedinde,xu1sdbo1dh
cesed-i necmî,xu1o4so4du4 bo1o4xu1o0mu4bu2
cesed-i̇ necmi̇,xu1o4so4du4 bo1o4xu1o0mu4y
cesed-i necmi,xu1o4so4du4 bo1o4xu1o0mu4y
cesedine,xu1sdybo1h
cesedinin,xu1sdyko3ko3
cesedini,xu1sdybo1y
cesedin,xu1sdko3
cesed-i,xu1sdu4
cesedi,xu1sdy
cesediyle,xu1sdylh
cesedlerdeki,xu1sdlrdh||ky
cesedlerde,xu1sdlrdh
cesedlere,xu1sdlrh
cesedlerinden,xu1sdlrbo1dbo1
cesedlerine,xu1sdlrybo1h
cesedlerinin,xu1sdlrybo1ko3
cesedlerini,xu1sdlrybo1y
cesedlerin,xu1sdlrko3
cesedleri,xu1sdlry
cesedler,xu1sdlr
cesedle,xu1sdlh
cesedli,xu1sdly
cesedsiz,xu1sdsro1
cesed,xu1sd
ceset,xu1sd
cesîmdir,xu1symdr
cesîme-i,xu1symh||'u4
cesîmelerinden,xu1symh||lrbo1dbo1
cesîme,xu1symh
cesîmeye,xu1symh||yh
cesîmeyi,xu1symh||yy
cesîmi,xu1symy
cesîmülcüsse,xu1sbu2m elxu1bo3h
cesimülcüsse,xu1sym elxu1bo3h||
cesîm,xu1o4sbu2mo0
cesi̇m,xu1o4s۪ymo0
cesim,xu1o4s۪ymo0
cesim,xu1sbu2m
cesîm,xu1sbu2m
cesi̇m,xu1sym
cesim,xu1sym
cesîm,xu1sym
cesine,xu1h||sbo1h||
cesine,xu1h||sbo1h
cessas,xu1so8es
ceste ceste,xu1sbo2h xu1sbo2h
ceste ceste,xu1sbo2h xu1sbo2h||
ceste,xu1sbo2h
ceste,xu1sbo2h||
cesurane,xu1swrebo1h
cesurca,xu1swrxu1h
cesurdur,xu1swrdr
cesurlarda,xu1swrlrdh
cesur,xu1swr
cesûr,xu1swr
cetele,xu3bo2lh
cetele,xu3bo2lh||
cetvelini,xu1dwlbo1y
cetvelin,xu1dwlko3
cetvel tahtası,xu1dwl bo2xo1bo2h sy
cetvel,xu1dwl
cevaba,xu1webu1h
cevabdaki,xu1webu1dh||ky
cevabdan,xu1webu1dbo1
cevabda,xu1webu1dh
cevabdır,xu1webu1dr
cevaben,xu1webu1e
cevâben,xu1webu1e
cevaben,xu1webu1eo44
cevâben,xu1webu1eo44
cevaben,xu1webu1o44e
cevab etmek,xu1webu1 e
cevâb etmek,xu1webu1 e
cevabıdır,xu1webu1ydr
cevabıma,xu1webu1mh
cevabımdan,xu1webu1mdbo1
cevabımın,xu1webu1mko3
cevabımı,xu1webu1my
cevabımızdır,xu1webu1mro1dr
cevabımız,xu1webu1mro1
cevab-i müski̇t,xu1o4wo4ebu1u4 mo9so0ku4bo2o0
cevab-ı müskit,xu1o4wo4ebu1u4 mo9so0ku4bo2o0
cevâb-i müskit,xu1o4wo4ebu1u4 mo9so0ku4bo2o0
cevâb-ı müskit,xu1o4wo4ebu1u4 mo9so0ku4bo2o0
cevabım,xu1webu1m
cevabına,xu1webu1bo1h
cevabındaki,xu1webu1bo1dh||ky
cevabında,xu1webu1bo1dh
cevabındır,xu1webu1ko3dr
cevabının,xu1webu1bo1ko3
cevabını,xu1webu1bo1y
cevabınızı,xu1webu1ko3ro1y
cevabın,xu1webu1ko3
cevab-ı,xu1webu1u4
cevâb-ı,xu1webu1u4
cevabi,xu1webu1y
cevabî,xu1webu1y
cevabı,xu1webu1y
cevâbî,xu1webu1y
cevabiyem,xu1webu1yh||m
cevabıyla,xu1webu1ylh
cevabiyle,xu1webu1ylh
cevablandırıldığını,xu1webu1lebo1dyryldyao1bo1y
cevablandırıldı,xu1webu1lebo1dyryldy
cevablandırılıyor,xu1webu1lebo1dyrylyywr
cevablandırılmıştır,xu1webu1lebo1dyrylmso3dr
cevablandırıyordu,xu1webu1lebo1dyryywrdy
cevablandırıyor,xu1webu1lebo1dyryywr
cevablandırmaktır,xu1webu1lebo1dyrmfo2dr
cevablandırmak,xu1webu1lebo1dyrmfo2
cevablandırmıştır,xu1webu1lebo1dyrmso3dr
cevablanıyor,xu1webu1lebo1ywr
cevablara,xu1webu1lrh
cevablardan,xu1webu1lrdbo1
cevablardır,xu1webu1lrdr
cevablarımı,xu1webu1lrymy
cevablarımızı,xu1webu1lrymro1y
cevablarımla,xu1webu1lrmlh
cevablarına,xu1webu1lrybo1h
cevablarının,xu1webu1lrybo1ko3
cevablarını,xu1webu1lrybo1y
cevabların,xu1webu1lrko3
cevabları,xu1webu1lry
cevablarla,xu1webu1lrlh
cevablar,xu1webu1lr
cevabla,xu1webu1lh
cevablı,xu1webu1ly
cevabname,xu1webu1bo1emh||
cevâbnâme,xu1webu1bo1emh
cevabsız,xu1webu1sro1
cevab-ül,xu1o4wo4ebu1o9 el
cevâb vermek,xu1webu1 wbu2rmk
cevab vermek,xu1webu1 wyrmk
cevab,xu1webu1
cevâb,xu1webu1
cevad,xu1wed
cevâd,xu1wed
cevahircilik,xu1wehrxu1ylk
cevâhircilik,xu1wehrxu1ylk
cevahirci,xu1wehrxu1y
cevâhirci,xu1wehrxu1y
cevahirden,xu1wehrdbo1
cevahirdir,xu1wehrdr
cevahire,xu1wehrh
cevahirinden,xu1wehrbo1dbo1
cevahirini,xu1wehrybo1y
cevahirin,xu1wehrko3
cevahir-i,xu1wehru4
cevahiri,xu1wehry
cevahirlerini,xu1wehrlrybo1y
cevahirlerin,xu1wehrlrko3
cevahirler,xu1wehrlr
cevahirle,xu1wehrlh
cevahi̇r,xu1o4wo4ehu4ro0
cevahir,xu1o4wo4ehu4ro0
cevâhir,xu1o4wo4ehu4ro0
cevahir,xu1wehr
cevâhir,xu1wehr
cevamid,xu1wemd
cevâmid,xu1wemd
cevâmîs,xu1wembu2s
cevamis,xu1wemys
cevami-ül,xu1wema el
cevami',xu1wema
cevami’,xu1wema
cevâmi,xu1wema
cevâmi',xu1wema
cevanibde,xu1webo1bu1dh
cevanibini,xu1webo1bu1bo1y
cevanib-i,xu1webo1bu1u4
cevanib,xu1webo1bu1
cevânib,xu1webo1bu1
cevan,xu1webo1
cevân,xu1webo1
cevaplarını,xu1webu1lrybo1y
cevapsız,xu1webu1sro1
cevaptır,xu1webu1dr
cevap vermek,xu1webu1 wbu2rmk
cevap vermek,xu1webu1 wyrmk
cevap,xu1webu1
cevarihi,xu1werxy
cevarihiyle,xu1werxylh
cevarihlerini,xu1werxlrybo1y
cevarih,xu1werx
cevari,xu1wery
cevârî,xu1wery
cevasis-i,xu1wesysu4
cevasisi,xu1wesysy
cevat,xu1wed
cevazına,xu1wero1ybo1h
cevaz-ı,xu1wero1u4
cevazı,xu1wero1y
cevâz vermek,xu1wero1 wbu2rmk
cevaz vermek,xu1wero1 wyrmk
cevaz,xu1o4wo4ero1o0
cevâz,xu1o4wo4ero1o0
cevaz,xu1wero1
cevâz,xu1wero1
cevdet'in,xu1wdbo2ko3
cevdet,xu1wdbo2
cevdet,xu1wdbo2 iyilik
cevelana,xu1wlebo1h
cevelâna,xu1wlebo1h
cevelandan,xu1wlebo1dbo1
cevelandır,xu1wlebo1dr
cevelangâhıdır,xu1wlebo1ko7ehydr
cevelângâhıdır,xu1wlebo1ko7ehydr
cevelangâhı,xu1wlebo1ko7ehy
cevelangah,xu1wlebo1ko7eh||
cevelângâh,xu1wlebo1ko7eh
cevelanıdır,xu1wlebo1ydr
cevelânıdır,xu1wlebo1ydr
cevelanına,xu1wlebo1bo1h
cevelânına,xu1wlebo1bo1h
cevelanında,xu1wlebo1bo1dh
cevelanını,xu1wlebo1bo1y
cevelan-ı,xu1wlebo1u4
cevelanı,xu1wlebo1y
cevelan,xu1o4wo4lo4ebo1o0
cevelân,xu1o4wo4lo4ebo1o0
cevelan,xu1wlebo1
cevelân,xu1wlebo1
cevelan,xu3wlebo1
cevelân,xu3wlebo1
cevfinde,xu1wfo1bo1dh
cevflerine,xu1wfo1lrybo1h
cevf,xu1wfo1
cevher-baha,xu1whrbu1he
cevhercidir,xu1whrxu1ydr
cevherci,xu1whrxu1y
cevherden,xu1whrdbo1
cevherdir,xu1whrdr
cevheresiyle,xu1whrh||sylh
cevhere,xu1whrh
cevhereyi,xu1whrh||yy
cevherfüruş,xu1whrfo1rwso3
cevherfürûş,xu1whrfo1rwso3
cevheridir,xu1whrydr
cevher-i̇ ferd,xu1o4wo0ho4ru4 fo1o4ro0do0
cevher-i ferd,xu1o4wo0ho4ru4 fo1o4ro0do0
cevherimizi,xu1whrymro1y
cevherimiz,xu1whrymro1
cevherinden,xu1whrbo1dbo1
cevherinde,xu1whrbo1dh
cevherine,xu1whrybo1h
cevherini,xu1whrybo1y
cevherin,xu1whrko3
cevher-i̇ ruh,xu1o4wo0ho4ru4 ro9wxo0
cevher-i ruh,xu1o4wo0ho4ru4 ro9wxo0
cevherî,xu1o4wo0hrbu2
cevheri̇,xu1o4wo0hr۪y
cevheri,xu1o4wo0hr۪y
cevher-i,xu1whru4
cevheri,xu1whry
cevherî,xu1whry
cevheriyeyi,xu1whryh||yy
cevherlerden,xu1whrlrdbo1
cevherlere,xu1whrlrh
cevherlerinden,xu1whrlrbo1dbo1
cevherlerine,xu1whrlrybo1h
cevherlerinin,xu1whrlrybo1ko3
cevherlerini,xu1whrlrybo1y
cevherlerinize,xu1whrlryko3ro1h
cevherlerin,xu1whrlrko3
cevherleri,xu1whrlry
cevherler,xu1whrlr
cevherle,xu1whrlh
cevherlik,xu1whrlk
cevherli,xu1whrly
cevher,xu1o4wo0ho4ro0
cevher,xu1whr
cevin,xu1wybo1
cevîn,xu1wybo1
cevir,xu1wr
cevizden,xu1wyro1dbo1
cevize,xu1wyro1h
cevizimize,xu1wyro1ymro1h
ceviz-i,xu1wyro1u4
cevizi,xu1wyro1y
cevizlerin,xu1wyro1lrko3
cevizli,xu1wyro1ly
ceviz,xu1wro1
ceviz,xu1wyro1
cevr,xu1wr
cevşen'den,xu1wso3bo1dbo1
cevşen'in,xu1wso3bo1ko3
cevşen'i,xu1wso3bo1y
cevşeniye-i,xu1wso3bo1yh||'u4
cevşeniyeyi,xu1wso3bo1yh||yy
cevşen-ül,xu1wso3bo1 el
cevşen,xu1wso3bo1
cevvadane,xu1wo8edebo1h
cevvad-ı,xu1wo8edu4
cevvâd-ı,xu1wo8edu4
cevvadı,xu1wo8edy
cevvad,xu1wo8ed
cevvalesini,xu1wo8elh||sbo1y
cevvale,xu1wo8elh
cevvalin,xu1wo8elko3
cevvaliyette,xu1wo8elybo2dh
cevval,xu1o4wo4o8elo0
cevvâl,xu1o4wo4o8elo0
cevval,xu1wel
cevvâl,xu1wel
cevval,xu1wo8el
cevvdeki,xu1wo8dh||ky
cevvden,xu1wo8dbo1
cevvde,xu1wo8dh
cevve,xu1wo8h
cevv-i̇ hava,xu1o4wu4o8 ho4wo4e
cevv-i hava,xu1o4wu4o8 ho4wo4e
cevvinde,xu1wo8bo1dh
cevv-i̇ sema,xu1o4wu4o8 so4mo4e
cevv-i sema,xu1o4wu4o8 so4mo4e
cevv-i semâ,xu1o4wu4o8 so4mo4e
cevv-i,xu1wo8u4
cevvi,xu1wo8y
cevvi,xu1wy
cevvî,xu1wy
cevviye,xu1wo8yh
cevviyeyi,xu1wo8yh||yy
cevv,xu1w
cevv,xu1wo8
cev,xu1w
cevza,xu1wro1e
cevzâ,xu1wro1e
cevza,xu1wro1ec
cevzâ,xu1wro1ec
cevz-i bevva,xu1wro1bu1we
cevz-i bevvâ,xu1wro1bu1we
cevzî'nin,xu1wro1ybo1ko3
cevzî,xu1wro1y
ce,xu1h
ce,xu1h||
ceyb-i,xu1ybu1u4
ceyb,xu1bu2bu1
ceyb,xu1ybu1
ceyhan,xu1yxebo1
ceylan'a,xu1ylebo1h
ceylana,xu1ylebo1h
ceylan'ın,xu1ylebo1ko3
ceylanın,xu1ylebo1ko3
ceylan'ı,xu1ylebo1y
ceylanı,xu1ylebo1y
ceylân,xu1bu2rebo1
ceylan,xu1ylebo1
ceylan,xu1yrebo1
ceyran (ceylan),xu1bu2rebo1
ceyran (ceylan),xu1yrebo1
ceyrân,xu1bu2rebo1
ceyran,xu1yrebo1
ceyş,xu1bu2s
ceyş,xu1ys
ceyş,xu1yso3
ceyyid,xu1bu2d
ceyyid,xu1yd
cezadan,xu1ro1edbo1
cezada,xu1ro1edh
cezadır,xu1ro1edr
cezaen,xu1ro1eco44
cezaevi'nde,xu1ro1e eo5wbo1dh
cezaevinde,xu1ro1e eo5wbo1dh
cezaevine,xu1ro1e eo5wybo1h
cezaevleri'nde,xu1ro1e eo5wlrbo1dh
cezahümüllahu,xu1ro1ehm e||ellh
cezair,xu1ro1ebo5r
cezâir,xu1ro1ebo5r
ceza-i,xu1ro1ecu4
cezaî,xu1ro1eyo5y
cezalandıracak,xu1ro1elebo1dyrh||xu1fo2
cezalandıran,xu1ro1elebo1dyrebo1
cezalandırdılar,xu1ro1elebo1dyrdylr
cezalandırıldım,xu1ro1elebo1dyryldm
cezalandırılır,xu1ro1elebo1dyrylyr
cezalandırılmaklığımın,xu1ro1elebo1dyrylmfo2lao1mko3
cezalandırılmamı,xu1ro1elebo1dyrylmemy
cezalandırılsa,xu1ro1elebo1dyrylsh
cezalandırınız,xu1ro1elebo1dyryko3ro1
cezalandırır,xu1ro1elebo1dyrr
cezalandırıyor,xu1ro1elebo1dyryywr
cezalandırmağa,xu1ro1elebo1dyrmao1h
cezalandırmak,xu1ro1elebo1dyrmfo2
cezâlandırmak,xu1ro1elebo1dyrmfo2
cezalandırmaya,xu1ro1elebo1dyrmao1h
cezalandırmaz,xu1ro1elebo1dyrmero1
cezalandır,xu1ro1elebo1dyr
cezalanmak,xu1ro1elebo1mfo2
cezâlanmak,xu1ro1elebo1mfo2
cezalanmasına,xu1ro1elebo1mesbo1h
cezalan,xu1ro1elebo1
cezalardan,xu1ro1elrdbo1
cezalarına,xu1ro1elrybo1h
cezalarından,xu1ro1elrbo1dbo1
cezalarının,xu1ro1elrybo1ko3
cezalarını,xu1ro1elrybo1y
cezalarınız,xu1ro1elryko3ro1
cezaları,xu1ro1elry
cezalarıyla,xu1ro1elrylh
cezalarla,xu1ro1elrlh
cezalar,xu1ro1elr
cezaletinden,xu1ro1elbo2bo1dbo1
cezaletine,xu1ro1elbo2bo1h
cezaletinin,xu1ro1elbo2bo1ko3
cezaletin,xu1ro1elbo2ko3
cezalet-i,xu1ro1elbo2u4
cezaleti,xu1ro1elbo2y
cezaletler,xu1ro1elbo2lr
cezaletle,xu1ro1elbo2lh
cezaletlidir,xu1ro1elbo2lydr
cezaletli,xu1ro1elbo2ly
cezalettir,xu1ro1elbo2dr
cezalet,xu1ro1elbo2
cezâlet,xu1ro1elbo2
cezalılar,xu1ro1elylr
cezamın,xu1ro1emko3
cezamıza,xu1ro1emro1h
cezamızı,xu1ro1emro1y
cezanın,xu1ro1ebo1ko3
cezanıza,xu1ro1eko3ro1h
cezanızı,xu1ro1eko3ro1y
cezanız,xu1ro1eko3ro1
cezasıdır,xu1ro1esydr
cezasına hükmetmek,xu1ro1esbo1h xkm e
cezâsına hükmetmek,xu1ro1esbo1h xkm e
cezasına,xu1ro1esbo1h
cezasından,xu1ro1esbo1dbo1
cezasında,xu1ro1esbo1dh
cezasının,xu1ro1esbo1ko3
cezâsını vermek,xu1ro1esbo1y wbu2rmk
cezasını vermek,xu1ro1esbo1y wyrmk
cezasını,xu1ro1esbo1y
cezası,xu1ro1esy
cezasıyla,xu1ro1esylh
cezasız,xu1ro1esro1
ceza-üş,xu1ro1ec el
ceza,xu1o4ro1o4e
cezâ,xu1o4ro1o4e
ceza',xu1o4u4ro1o4ao0
ceza',xu1ro1a
cez'a,xu1ro1ah
ceza,xu1ro1e
cezâ,xu1ro1e
ceza,xu1ro1ec
cezâ,xu1ro1ec
cezaya,xu1ro1ah
cezaya,xu1ro1eyh
cezâya,xu1ro1eyh
cezâ-yi amel,xu1o4ro1o4ebu2u4 ao4mo4lo0
cezâ-yı amel,xu1o4ro1o4ebu2u4 ao4mo4lo0
ceza-yi amel,xu1o4ro1o4eyu4 ao4mo4lo0
ceza-yı amel,xu1o4ro1o4eyu4 ao4mo4lo0
cezayinakdi,xu1ro1ey||bo1fo2dy
cezâyinakdi,xu1ro1ey||bo1fo2dy
cezayir,xu1ro1eyo5r
cezayir,xu1ro1eyr
ceza-yı,xu1ro1eyu4
cezayı,xu1ro1eyy
cezbedarane,xu1do1bu1h||derebo1h
cezbedarâne,xu1do1bu1h||derebo1h
cezbedebilsin,xu1do1bu1 eydh||bu1ylsybo1
cezbeden,xu1do1bu1 eydbo1
cezbeder,xu1do1bu1 eydr
cezbedici,xu1do1bu1 eydyxu1y
cezbedip,xu1do1bu1 eydwbu1
cezbedir,xu1do1bu1h||dr
cezbediyor,xu1do1bu1 eydyywr
cezbeeda,xu1do1bu1h||eo5de
cezbe-edâ,xu1do1bu1h||eo5de
cezbe-i,xu1do1bu1h||'u4
cezbekâranede,xu1do1bu1h||kerebo1h||dh
cezbekârane,xu1do1bu1h||kerebo1h
cezbelendiriyor,xu1do1bu1h||lbo1dyryywr
cezbelerini,xu1do1bu1h||lrybo1y
cezbeler,xu1do1bu1h||lr
cezbeli,xu1do1bu1h||ly
cezbesinde,xu1do1bu1h||sbo1dh
cezbesi,xu1do1bu1h||sy
cezbesiyledir,xu1do1bu1h||sylh||dr
cezb etmek,xu1do1bu1 e
cezbetmek,xu1do1bu1 eybo2mk
cezb etmek,xu1ro1bu1 e
cezbetmemek,xu1do1bu1 eybo2mh||mk
cezbetmesi,xu1do1bu1 eybo2msy
cezbetmiş,xu1do1bu1 eybo2mso3
cezbettiren,xu1do1bu1 eybo2dyrbo1
cezbe,xu1do1bu1h
cezbe,xu1do1bu1h||
cezbe,xu1o4do1o0bu1o4h
cezbe,xu1o4do1o0bu1o4h||
cezbeye,xu1do1bu1h||yh
cezbini,xu1do1bu1bo1y
cezb-i,xu1do1bu1u4
cezbi,xu1do1bu1y
cezbiyledir,xu1do1bu1ylh||dr
cezbiyle,xu1do1bu1ylh
cezb,xu1do1bu1
cezb,xu1o4do1o0bu1o0
cezer,xu1ro1r
cezîl,xu1ro1yl
cezim,xu1ro1m
ceziredeki,xu1ro1yrh||dh||ky
cezire'de,xu1ro1yrh||dh
cezirede,xu1ro1yrh||dh
cezire-i,xu1ro1yrh||'u4
cezire'nin,xu1ro1yrh||bo1ko3
ceziresine,xu1ro1yrh||sbo1h
ceziret-i,xu1ro1yrho2u4
ceziret-ül,xu1ro1yrho2 el
cezîretül,xu1ro1yrho2 el
cezîre,xu1o4ro1bu2ro4h
cezi̇re,xu1o4ro1۪yro4h||
cezire,xu1o4ro1۪yro4h||
cezire,xu1ro1bu2rh
cezîre,xu1ro1bu2rh
cezi̇re,xu1ro1yrh||
cezire,xu1ro1yrh
cezire,xu1ro1yrh||
cezîre,xu1ro1yrh
cezire'ye,xu1ro1yrh||yh
cezireye,xu1ro1yrh||yh
cezir,xu1do1r
cezir,xu1ro1r
cezmederim,xu1ro1m eydrm
cezmettiğim,xu1ro1m eybo2dyko7m
cezmettiklerine,xu1ro1m eybo2dklrybo1h
cezmettim,xu1ro1m eybo2dm
cezmiyet,xu1ro1mybo2
cezm,xu1o4ro1o0mo0
cezm,xu1ro1m
cezr-i asamm,xu1do1rezm
cezr u medd,xu1do1rwmd
cezr,xu1do1r
cezr,xu1ro1r
cezve,xu1ro1wh
cezve,xu1ro1wh||
cez',xu1ro1a
cezzab,xu1do1ebu1
cezzâb,xu1do1ebu1
cibalden,xu1bu1eldbo1
cibalde,xu1bu1eldh
cibalîden,xu1bu1elydbo1
cibalinde,xu1bu1elbo1dh
cibaline,xu1bu1elbo1h
cibalin,xu1bu1elko3
cibal-i,xu1bu1elu4
cibali,xu1bu1ely
ci̇bal,xu1bu1el
cibal,xu1bu1el
cibâl,xu1bu1el
cibillet,xu1bu1lbo2
cibillî,xu1bu1lo8y
cibilli,xu1bu1ly
cibillî,xu1bu1ly
cibilliyeten,xu1bu1lo8yho2o44
cibilliyeti,xu1bu1lo8ybo2y
cibilliyetsiz,xu1bu1lbo2sro1
cibilliyet,xu1bu1lbu2bo2
cibilliyet,xu1bu1lybo2
cibilliyet,xu1u4bu1u4lu4o8bu2o4bo2o0
ci̇bi̇lli̇yet,xu1u4bu1u4lu4o8yo4bo2o0
cibilliyet,xu1u4bu1u4lu4o8yo4bo2o0
cibinlik,xu1bu1ybo1lk
cibril'den,xu1bu1ryldbo1
cibril'in,xu1bu1rylko3
cibril-i,xu1bu1rylu4
cibril'i,xu1bu1ryly
cibril,xu1bu1ryl
cıcık,xu1yxu1yfo2
cicili,xu1bu2xu1bu2lw
cicili,xu1yxu1ylw
cicili,xu1yxu1yly
cici,xu1yxu1y
cidalcu,xu1del xu1w
cidâlcû,xu1del xu1w
cidaldedir,xu1deldh||dr
cidalde,xu1deldh
cidaldeyiz,xu1deldh||yro1
cidaldir,xu1deldr
cidalin,xu1delko3
cidâlin,xu1delko3
cidal-i,xu1delu4
cidali,xu1dely
ci̇dal,xu1del
cidal,xu1del
cidâl,xu1del
ci̇dal,xu1u4do4elo0
cidal,xu1u4do4elo0
cidâl,xu1u4do4elo0
cidar-ı,xu1deru4
cidar,xu1der
cidâr,xu1der
cidden,xu1de
cidden,xu1deo44
cidden,xu1do8o44e
ciddîleşmiş,xu1do8ylso3mso3
ciddîsi,xu1do8ysy
ciddi,xu1do8y
ciddî,xu1do8y
ciddi,xu1dy
ciddî,xu1dy
ciddiyat,xu1do8yebo2
ciddiyede,xu1do8yh||dh
ciddiyete,xu1do8ybo2h
ciddiyetinde,xu1do8ybo2bo1dh
ciddiyetine,xu1do8ybo2bo1h
ciddiyetini,xu1do8ybo2bo1y
ciddiyetinizden,xu1do8ybo2ko3ro1dbo1
ciddiyetiniz,xu1do8ybo2ko3ro1
ciddiyeti,xu1do8ybo2y
ciddiyetiyle,xu1do8ybo2ylh
ciddiyetledir,xu1do8ybo2lh||dr
ciddiyetlerinden,xu1do8ybo2lrbo1dbo1
ciddiyetlerinde,xu1do8ybo2lrbo1dh
ciddiyetlerini,xu1do8ybo2lrybo1y
ciddiyetle,xu1do8ybo2lh
ciddiyette,xu1do8ybo2dh
ciddiyettir,xu1do8ybo2dr
ciddiyet,xu1do8ybo2
ciddiyet,xu1dybo2
ciddiyyet,xu1dybo2
cide,xu1ydh||
cîfe,xu1bu2fo1h
cîfe,xu1u4bu2fo1o4h
ci̇fe,xu1u4yfo1o4h||
cife,xu1u4yfo1o4h||
cife,xu1yfo1h||
cîfe,xu1yfo1h
cifirce,xu1fo1rxu1h
cifirde,xu1fo1rdh
cifirle,xu1fo1rlh
cifirli,xu1fo1rly
cifir,xu1fo1r
ci̇fi̇r,xu1u4fo1u4ro0
cifir,xu1u4fo1u4ro0
cifren,xu1fo1ro44e
cifre,xu1fo1rh
cifre,xu1fo1rh||
cifrin,xu1fo1rko3
cifrîsinde,xu1fo1rysbo1dh
cifrîsine,xu1fo1rysbo1h
cifrîsi,xu1fo1rysy
cifrîsiyle,xu1fo1rysylh
cifri,xu1fo1ry
cifrî,xu1fo1ry
cifriyesi,xu1fo1ryh||sy
cifriye,xu1fo1ryh
cifriyle,xu1fo1rylh
cifrîyle,xu1fo1rylh
ci̇fr,xu1fo1r
cifr,xu1fo1r
ciğerci,xu1ko7rxu1y
cigerguşe,xu1ko7rko7wso3h||
cigergûşe,xu1ko7rko7wso3h
ciğerimize,xu1ko7rymro1h
ciğerine,xu1ko7rybo1h
ciğeri,xu1ko7ry
ciğer köşe,xu1kr kwso3h
ciğer köşe,xu1kr kwso3h||
ciğerlerime,xu1ko7rlrmh
ciğerlerimize,xu1ko7rlrymro1h
ciğerlerimizin,xu1ko7rlrymro1ko3
ciğerlerim,xu1ko7rlrm
ciğerlerini,xu1ko7rlrybo1y
ciğerleri,xu1ko7rlry
ciğer miğer,xu1krmkr
ciğerotu,xu1ko7rewbo2y
cigerpare,xu1ko7rbu3erh||
cigerpâre,xu1ko7rbu3erh
ciğerpare,xu1ko7r||bu3erh||
ciğerpâre,xu1ko7r||bu3erh
ciğerşikâfe,xu1ko7rso3kefo1h
ciğerşikâfta,xu1ko7rso3kefo1dh
ciğerşikâf,xu1ko7rso3kefo1
cigersuz,xu1ko7rswro1
cigersûz,xu1ko7rswro1
ciğer-sûz,xu1ko7rswro1
ciğersûz,xu1ko7rswro1
ciğer-suz,xu1kr swro1
ciğer-sûz,xu1kr swro1
ciger,xu1ko7r
ciğer,xu1ko7r
ciğer,xu1kr
cihada,xu1hedh
cihâda,xu1hedh
cihaddaki,xu1heddh||ky
cihaddan,xu1heddbo1
cihadda,xu1heddh
cihaddır,xu1heddr
cihâddır,xu1heddr
cihadıdır,xu1hedydr
cihadımız,xu1hedmro1
cihadında,xu1hedbo1dh
cihadınız,xu1hedyko3ro1
cihadın,xu1hedko3
cihad-ı,xu1hedu4
cihadı,xu1hedy
cihadiye-i,xu1hedyh||'u4
cihadiyem,xu1hedyh||m
cihadiyeyi,xu1hedyh||yy
ci̇had,xu1hed
cihad,xu1hed
cihâd,xu1hed
cihanabad'a,xu1hebo1||eo6bu1edh
cihanabad,xu1hebo1||eo6bu1ed
cihanaferin,xu1hebo1 eo6fo1rybo1
cihânâferîn,xu1hebo1 eo6fo1rybo1
cihana,xu1hebo1h
cihâna,xu1hebo1h
cihanbahanın,xu1hebo1||bu1hebo1ko3
cihan-baha,xu1hebo1||bu1he
cihanbaha,xu1hebo1||bu1he
cihanbeyli,xu1hebo1||bu1ko7ly
cihandaki,xu1hebo1dh||ky
cihandan,xu1hebo1dbo1
cihandar,xu1hebo1der
cihanda,xu1hebo1dh
cihan-değer,xu1hebo1||dko7r
cihandeğer,xu1hebo1||dko7r
cihandide,xu1xo1ebo1 dydh||
cihandîde,xu1xo1ebo1 dydh
cihandır,xu1hebo1dr
cihangîrî,xu1hebo1ko7bu2ry
cihangiri,xu1hebo1ko7yry
cihangirler,xu1hebo1ko7yrlr
cihangirlik,xu1hebo1ko7yrlk
cihangîr,xu1hebo1ko7bu2r
cihangir,xu1hebo1ko7yr
cihangîr,xu1u4ho4ebo1o0ko7bu2r
ci̇hangi̇r,xu1u4ho4ebo1o0ko7۪yr
cihangir,xu1u4ho4ebo1o0ko7۪yr
cihangüşa,xu1hebo1ko7so3e
cihângüşâ,xu1hebo1ko7so3e
cihanının,xu1hebo1bo1ko3
cihanın,xu1hebo1ko3
cihan-ı,xu1hebo1u4
cihani,xu1hebo1y
cihanî,xu1hebo1y
cihanı,xu1hebo1y
cihânî,xu1hebo1y
cihankıymet,xu1hebo1||fo2ymbo2
cihannüma,xu1hebo1bo1me
cihannüma,xu1hebo1 bo1me
cihannümâ,xu1hebo1bo1me
cihan-pesendane,xu1hebo1||bu3sbo1debo1h
cihanpesendane,xu1hebo1||bu3sbo1debo1h
cihanpesend,xu1hebo1||bu3sbo1d
cihan-şümul,xu1hebo1||so3mwl
cihanşümul,xu1hebo1||so3mwl
cihan,xu1hebo1
cihân,xu1hebo1
ciharen,xu1here
cihâren,xu1here
cihar-ı,xu1heru4
cihar,xu1her
cihar,xu3her
cihâr,xu3her
ciharyar-ı,xu1her yeru4
cihat-ı,xu1hebo2u4
cihatı,xu1hebo2y
cihatıyla,xu1hebo2ylh
cihattan,xu1hebo2dbo1
ci̇hat,xu1hebo2
cihat,xu1hebo2
cihât,xu1hebo2
cihazata,xu1hero1ebo2h
cihâzata,xu1hero1ebo2h
cihazatça,xu1hero1ebo2xu1h
cihâzatça,xu1hero1ebo2xu1h
cihazatına,xu1hero1ebo2bo1h
cihâzâtına,xu1hero1ebo2bo1h
cihazatındaki,xu1hero1ebo2bo1dh||ky
cihazatından,xu1hero1ebo2bo1dbo1
cihazatının,xu1hero1ebo2bo1ko3
cihazatını,xu1hero1ebo2bo1y
cihazâtını,xu1hero1ebo2bo1y
cihâzâtını,xu1hero1ebo2bo1y
cihazatınızı,xu1hero1ebo2ko3ro1y
cihazatın,xu1hero1ebo2ko3
cihâzâtın,xu1hero1ebo2ko3
cihazat-ı,xu1hero1ebo2u4
cihâzat-ı,xu1hero1ebo2u4
cihâzât-ı,xu1hero1ebo2u4
cihazatı,xu1hero1ebo2y
cihâzatı,xu1hero1ebo2y
cihâzâtı,xu1hero1ebo2y
cihazatıyla,xu1hero1ebo2ylh
cihazatiyle,xu1hero1ebo2ylh
cihazatlarında,xu1hero1ebo2lrbo1dh
cihazatlarını,xu1hero1ebo2lrybo1y
cihazatları,xu1hero1ebo2lry
cihazatla,xu1hero1ebo2lh
cihazatlı,xu1hero1ebo2ly
cihazatta,xu1hero1ebo2dh
cihazat,xu1hero1ebo2
cihâzat,xu1hero1ebo2
cihâzât,xu1hero1ebo2
cihaz (çehiz),xu1hero1
cihâz (çehiz),xu1hero1
cihâz (çeyiz) vermek,xu1hero1wbu2rmk
cihaz (çeyiz) vermek,xu1hero1wyrmk
cihazını,xu1hero1ybo1y
cihaz-ı,xu1hero1u4
cihazı,xu1hero1y
cihazlanmış,xu1hero1lebo1mso3
cihazlara,xu1hero1lrh
cihazlarının,xu1hero1lrybo1ko3
cihazlarını,xu1hero1lrybo1y
cihazları,xu1hero1lry
cihazlarıyla,xu1hero1lrylh
cihazlarla,xu1hero1lrlh
cihazlar,xu1hero1lr
ci̇haz,xu1hero1
cihaz,xu1hero1
cihâz,xu1hero1
cihetçe,xu1hbo2xu1h
cihete,xu1hbo2h
cihetidir,xu1hbo2ydr
ci̇het-i̇ fark,xu1u4ho4bo2u4 fo1o4ro0fo2o0
cihet-i fark,xu1u4ho4bo2u4 fo1o4ro0fo2o0
ci̇het-i̇ lezzet,xu1u4ho4bo2u4 lo4do1o4o8bo2o0
cihet-i lezzet,xu1u4ho4bo2u4 lo4do1o4o8bo2o0
cihetimde,xu1hbo2mdh
cihetimi,xu1hbo2my
cihetindedir,xu1hbo2bo1dh||dr
cihetindeki,xu1hbo2bo1dh||ky
cihetindendir,xu1hbo2bo1dbo1dr
cihetinden,xu1hbo2bo1dbo1
cihetinde,xu1hbo2bo1dh
cihetine doğru,xu1hbo2bo1h twao1ry
cihetine,xu1hbo2bo1h
cihetinin,xu1hbo2bo1ko3
cihetini,xu1hbo2bo1y
cihetin,xu1hbo2ko3
ci̇het-i̇ vahdet,xu1u4ho4bo2u4 wo4xo0do4bo2o0
cihet-i vahdet,xu1u4ho4bo2u4 wo4xo0do4bo2o0
cihet-i,xu1hbo2u4
ciheti,xu1hbo2y
cihetiyet,xu1hbo2ybo2
cihetiyledir,xu1hbo2ylh||dr
cihetiyle-,xu1hbo2ylh
cihetiyle,xu1hbo2ylh
cihetledir,xu1hbo2lh||dr
cihetlerden,xu1hbo2lrdbo1
cihetlerde,xu1hbo2lrdh
cihetlere,xu1hbo2lrh
cihetlerinden,xu1hbo2lrbo1dbo1
cihetlerine,xu1hbo2lrybo1h
cihetlerini,xu1hbo2lrybo1y
cihetlerin,xu1hbo2lrko3
cihetleri,xu1hbo2lry
cihetleriyle,xu1hbo2lrylh
cihetlerle,xu1hbo2lrlh
cihetler,xu1hbo2lr
cihetle,xu1hbo2lh
cihetteki,xu1hbo2dh||ky
cihettendir,xu1hbo2dbo1dr
cihetten,xu1hbo2dbo1
cihette-,xu1hbo2dh
cihette,xu1hbo2dh
cihettir,xu1hbo2dr
cihet-ül-vahdetini,xu1hbo2 elwxdbo2bo1y
cihet-ül,xu1hbo2 el
ci̇het,xu1hbo2
cihet,xu1hbo2
ci̇het,xu1u4ho4bo2o0
cihet,xu1u4ho4bo2o0
cilacı,xu1lexu1y
cilâcı,xu1lexu1y
ciladan,xu1ledbo1
ciladar,xu1leder
cilâdar,xu1leder
cilâdır,xu1ledr
cila etmek,xu1le e
cilâ etmek,xu1le e
cilalamak,xu1lelemfo2
cilâlamak,xu1lelemfo2
cilâlandırıyor,xu1lelebo1dyryywr
cilâlandırmak,xu1lelebo1dyrmfo2
cilalanmış,xu1lelebo1mso3
cilâlanmış,xu1lelebo1mso3
cilala,xu1lele
cilalı,xu1lelw
cilalı,xu1lely
cilâlı,xu1lely
cilâsıyım,xu1lesy||ym
cilâ vermek,xu1lewbu2rmk
cila vermek,xu1lewyrmk
cila,xu1le
cilâ,xu1le
cila,xu1lec
cilâ,xu1lec
cilâyı,xu1leyy
cildden,xu1lddbo1
cildde,xu1lddh
cilddir,xu1lddr
cilde,xu1ldh
cildinde,xu1ldbo1dh
cildinin,xu1ldybo1ko3
cildini,xu1ldybo1y
cildin,xu1ldko3
cild-i,xu1ldu4
cildi,xu1ldy
cildî,xu1ldy
cildiye,xu1ldyh
cildiye,xu1ldyh||
cildlemek,xu1ldlh||mk
cildlemek,xu1ldlh||mk
cildlemiş,xu1ldlh||mso3
cildlendirdiğiniz,xu1ldlbo1dyrdyko7ko3ro1
cildlenip,xu1ldlh||bo1wbu1
cildlenmiş,xu1ldlbo1mso3
cildlense,xu1ldlbo1sh
cildlerdir,xu1ldlrdr
cildleri,xu1ldlry
cildleriyle,xu1ldlrylh
cildlerle,xu1ldlrlh
cildler,xu1ldlr
cildletmek,xu1ldlbo2mk
cildlettiği,xu1ldlbo2dyko7y
cildlettirerek,xu1ldlbo2dyrh||rk
cildlet,xu1ldlbo2
cildle,xu1ldlh||
cildli,xu1ldly
cildsiz,xu1ldsro1
cild,xu1ld
cılızlık,xu1ylro1lfo2
cılız,xu1ylyro1
cılk,xu1lfo2
cılk,xu1ylfo2
cıllık,xu1yllyfo2
cilnar,xu1lbo1er
ciltlemek,xu1ldlmk
ciltlenmesi,xu1ldlbo1mh||sy
ciltleri,xu1ldlry
ciltli,xu1ldly
cilt,xu1ld
cilveciği,xu1lwh||xu1ko7y
cilveden,xu1lwh||dbo1
cilvedir,xu1lwh||dr
cilve etmek,xu1lwh e
cilvegah,xu1lwh ko7eh||
cilvegâh,xu1lwh ko7eh
cilveger,xu1lwh||ko7r
cilveger,xu1lwh ko7r
ci̇lveger,xu1u4lo0wo4h||
cilveger,xu1u4lo0wo4h
cilveger,xu1u4lo0wo4h||
cilve-i a'zam,xu1u4lo0wo4u4 eo4ao0to1o4mo0
ci̇lve-i̇ a'zam,xu1u4lo0wo4ۀu4 eo4ao0to1o4mo0
cilve-i a'zam,xu1u4lo0wo4ۀu4 eo4ao0to1o4mo0
cilve-i cemâl ve kemâl,xu1u4lo0wo4u4 xu1o4mo4elo0 wo4 ko4mo4elo0
ci̇lve-i̇ cemal ve kemal,xu1u4lo0wo4ۀu4 xu1o4mo4elo0 wo4 ko4mo4elo0
cilve-i cemal ve kemal,xu1u4lo0wo4ۀu4 xu1o4mo4elo0 wo4 ko4mo4elo0
cilve-i cemâl,xu1u4lo0wo4u4 xu1o4mo4elo0
ci̇lve-i̇ cemal,xu1u4lo0wo4ۀu4 xu1o4mo4elo0
cilve-i cemal,xu1u4lo0wo4ۀu4 xu1o4mo4elo0
cilve-i ehadiyet,xu1u4lo0wo4u4 eo4xo4du4bu2o4bo2o0
ci̇lve-i̇ ehadi̇yet,xu1u4lo0wo4ۀu4 eo4xo4du4yo4bo2o0
cilve-i ehadiyet,xu1u4lo0wo4ۀu4 eo4xo4du4yo4bo2o0
cilve-i inâyet-i rabbâniye,xu1u4lo0wo4u4 au4bo1o4ebu2o4bo2u4 ro4bu1o4o8ebo1u4bu2o4h
ci̇lve-i̇ i̇nayet-i̇ rabbani̇ye,xu1u4lo0wo4ۀu4 au4bo1o4eyo4bo2u4 ro4bu1o4o8ebo1u4yo4h||
cilve-i inayet-i rabbaniye,xu1u4lo0wo4ۀu4 au4bo1o4eyo4bo2u4 ro4bu1o4o8ebo1u4yo4h||
cilve-i inâyet,xu1u4lo0wo4u4 au4bo1o4ebu2o4bo2o0
ci̇lve-i̇ i̇nayet,xu1u4lo0wo4ۀu4 au4bo1o4eyo4bo2o0
cilve-i inayet,xu1u4lo0wo4ۀu4 au4bo1o4eyo4bo2o0
cilve-i kudret-i rabbâniye,xu1u4lo0wo4u4 fo2o9do0ro4bo2u4 ro4bu1o4o8ebo1u4bu2o4h
ci̇lve-i̇ kudret-i̇ rabbani̇ye,xu1u4lo0wo4ۀu4 fo2o9do0ro4bo2u4 ro4bu1o4o8ebo1u4yo4h||
cilve-i kudret-i rabbaniye,xu1u4lo0wo4ۀu4 fo2o9do0ro4bo2u4 ro4bu1o4o8ebo1u4yo4h||
cilve-i rahmet,xu1u4lo0wo4u4 ro4xo0mo4bo2o0
ci̇lve-i̇ rahmet,xu1u4lo0wo4ۀu4 ro4xo0mo4bo2o0
cilve-i rahmet,xu1u4lo0wo4ۀu4 ro4xo0mo4bo2o0
cilve-i vahdet,xu1u4lo0wo4u4 wo4xo0do4bo2o0
ci̇lve-i̇ vahdet,xu1u4lo0wo4ۀu4 wo4xo0do4bo2o0
cilve-i vahdet,xu1u4lo0wo4ۀu4 wo4xo0do4bo2o0
cilve-i,xu1lwh||'u4
cilvekarane,xu1lwh kerebo1h||
cilvekârâne,xu1lwh kerebo1h
cilvekar,xu1lwh ker
cilvekâr,xu1lwh ker
cilvelendirdikleri,xu1lwh||lbo1dyrdklry
cilvelendiren,xu1lwh||lbo1dyrbo1
cilvelenen,xu1lwh||lh||bo1bo1
cilvelenmiş,xu1lwh||lbo1mso3
cilvelerde,xu1lwh||lrdh
cilvelere,xu1lwh||lrh
cilveleridir,xu1lwh||lrydr
cilvelerindendir,xu1lwh||lrbo1dbo1dr
cilvelerinden,xu1lwh||lrbo1dbo1
cilvelerinde,xu1lwh||lrbo1dh
cilvelerine,xu1lwh||lrybo1h
cilvelerinin,xu1lwh||lrybo1ko3
cilvelerini,xu1lwh||lrybo1y
cilvelerin,xu1lwh||lrko3
cilveleri,xu1lwh||lry
cilveleriyle,xu1lwh||lrylh
cilvelerle,xu1lwh||lrlh
cilveler,xu1lwh||lr
cilveli,xu1lwh||ly
cilveli,xu1lwh||ly
cilvenin,xu1lwh||bo1ko3
cilvesaz,xu1lwh sero1
cilvesâz,xu1lwh sero1
cilvesidir,xu1lwh||sydr
cilvesindendir,xu1lwh||sbo1dbo1dr
cilvesinden,xu1lwh||sbo1dbo1
cilvesinde,xu1lwh||sbo1dh
cilvesine,xu1lwh||sbo1h
cilvesinin,xu1lwh||sbo1ko3
cilvesini,xu1lwh||sbo1y
cilvesi,xu1lwh||sy
cilvesiyle,xu1lwh||sylh
ci̇lve,xu1lwh||
cilve,xu1lwh
cilve,xu1lwh||
ci̇lve,xu1u4lo0wo4h||
cilve,xu1u4lo0wo4h
cilve,xu1u4lo0wo4h||
cilveye,xu1lwh||yh
cilveyi,xu1lwh||yy
cil,xu1yl
cima' etmek,xu1mea e
cimâ' etmek,xu1mea e
cima,xu1mea
cima',xu1mea
cima’,xu1mea
cimâ,xu1mea
cimâ',xu1mea
cımbız,xu1mbu1ro1
cımbız,xu1ymbu1yro1
cimcime,xu1ymxu1ymh
cimcime,xu1ymxu1ymh||
cim'in,xu1ymko3
cimnastiğe,xu1ymbo1esbo2yko7h
cimnastik,xu1bu2mbo1esbo2bu2k
cimnastik,xu1ymbo1esbo2yk
cimrilik,xu1ymrylk
cimri,xu1mry
cimri,xu1ymry
cimşir,xu3mso3bu2r
cimşir,xu3mso3yr
cim,xu1ym
cina'i,xu1bo1ebo5y
cina’i,xu1bo1ebo5y
cinâ'î,xu1bo1ebo5y
cin akıllı,xu1bo1 afo2llw
cinalık,xu1webo1lfo2
cinana,xu1bo1ebo1h
cinâna,xu1bo1ebo1h
cinandan,xu1bo1ebo1dbo1
cinandır,xu1bo1ebo1dr
cinanı,xu1bo1ebo1y
cinan-ı,xu1u4bo1ebo1u4
ci̇nan,xu1bo1ebo1
cinan,xu1bo1ebo1
cinân,xu1bo1ebo1
cinas,xu1bo1es
cinayatı,xu1bo1eyebo2y
cinayatıyla,xu1bo1eyebo2ylh
cinayat,xu1bo1eyebo2
cinâyet etmek,xu1bo1ebu2bo2 e
cinayet etmek,xu1bo1eybo2 e
cinayete,xu1bo1eybo2h
cinayetim,xu1bo1eybo2m
cinayetine,xu1bo1eybo2bo1h
cinayetinin,xu1bo1eybo2bo1ko3
cinâyetinin,xu1bo1eybo2bo1ko3
cinayetini,xu1bo1eybo2bo1y
cinayetinizi,xu1bo1eybo2ko3ro1y
cinayetin,xu1bo1eybo2ko3
cinayet-i,xu1bo1eybo2u4
cinâyet-i,xu1bo1eybo2u4
cinayeti,xu1bo1eybo2y
cinayetiyle,xu1bo1eybo2ylh
cinayetkar,xu1bo1eybo2ker
cinayetkâr,xu1bo1eybo2ker
cinayetlerden,xu1bo1eybo2lrdbo1
cinayetlere,xu1bo1eybo2lrh
cinayetlerime,xu1bo1eybo2lrymh
cinayetlerimin,xu1bo1eybo2lrymko3
cinayetlerinden,xu1bo1eybo2lrbo1dbo1
cinayetlerine,xu1bo1eybo2lrybo1h
cinayetlerinin,xu1bo1eybo2lrybo1ko3
cinayetlerini,xu1bo1eybo2lrybo1y
cinayetlerin,xu1bo1eybo2lrko3
cinayetleri,xu1bo1eybo2lry
cinayetlerle,xu1bo1eybo2lrlh
cinayetler,xu1bo1eybo2lr
cinayetle,xu1bo1eybo2lh
cinayetli,xu1bo1eybo2ly
cinayetten,xu1bo1eybo2dbo1
cinayettir,xu1bo1eybo2dr
cinayet,xu1bo1ebu2bo2
cinâyet,xu1bo1ebu2bo2
ci̇nayet,xu1bo1eybo2
cinayet,xu1bo1eybo2
cinâyet,xu1bo1eybo2
cinaze,xu1bo1ero1h||
cinâze,xu1bo1ero1h
cindar,xu1bo1der
cinlerden,xu1bo1lrdbo1
cinlerde,xu1bo1lrdh
cinlere,xu1bo1lrh
cinlerin,xu1bo1lrko3
cinleri,xu1bo1lry
cinlerle,xu1bo1lrlh
cinler,xu1bo1lr
cinnete,xu1u4bo1o8bo2h
cinnet getirmek,xu1bo1bo2 kbo2wrmk
cinnetime,xu1u4bo1o8bo2mh
ci̇nnet-i̇ muvakkata,xu1u4bo1o4o8bo2u4 mo9wo4fo2o4o8bo2o4h||
cinnet-i muvakkata,xu1u4bo1o4o8bo2u4 mo9wo4fo2o4o8bo2o4h
cinnet-i muvakkata,xu1u4bo1o4o8bo2u4 mo9wo4fo2o4o8bo2o4h||
cinnetini,xu1u4bo1o8bo2bo1y
cinneti,xu1u4bo1o8bo2y
cinnet-i,xu1u4bo1o8o4bo2u4
cinnet,xu1bo1bo2
cinnet,xu1u4bo1o8o4bo2
cinne,xu1bo1o8h
cinnîden,xu1bo1o8ydbo1
cinnîlerini,xu1bo1o8ylrybo1y
cinnilerin,xu1bo1o8ylrko3
cinnîlerin,xu1bo1o8ylrko3
cinnîleri,xu1bo1o8ylry
cinnîlerle,xu1bo1o8ylrlh
cinniler,xu1bo1o8ylr
cinnîler,xu1bo1o8ylr
cinnînin,xu1bo1o8ybo1ko3
cinnin,xu1bo1o8ko3
cinnî,xu1bo1o8o8y
cinni,xu1bo1o8y
cinni,xu1bo1y
cinnî,xu1bo1y
cinniye,xu1bo1o8yh
cinnîye,xu1bo1o8y||yh
cinniyeyi,xu1bo1o8yh||yy
cinn,xu1bo1o8
cins cins ayırmak,xu1bo1s xu1bo1s ebu2rmfo2
cins cins ayırmak,xu1bo1s xu1bo1s eyrmfo2
cinse,xu1bo1sh
ci̇ns-i̇ ceza,xu1bo1o0su4 xu1o4ro1o4e
cins-i ceza,xu1bo1o0su4 xu1o4ro1o4e
cins-i cezâ,xu1bo1o0su4 xu1o4ro1o4e
cinsimi,xu1bo1smy
cinsimizi,xu1bo1smro1y
cinsimiz,xu1bo1smro1
cinsindeki,xu1bo1sbo1dh||ky
cinsindendirler,xu1bo1sbo1dbo1drlr
cinsinden,xu1bo1sbo1dbo1
cinsinde,xu1bo1sbo1dh
cinsine,xu1bo1sko3h
cinsinin,xu1bo1sbo1ko3
cinsini,xu1bo1sbo1y
cinsin,xu1bo1sko3
cins-i,xu1bo1su4
cinsi,xu1bo1sy
cinsî,xu1bo1sy
cinsiyeden,xu1bo1syh||dbo1
cinsiyede,xu1bo1syh||dh
cinsiyene,xu1bo1syh||ko3h
cinsiyenin,xu1bo1syh||bo1ko3
cinsiyeniz,xu1bo1syh||ko3ro1
cinsiyen,xu1bo1syh||ko3
cinsiyesine,xu1bo1syh||sbo1h
cinsiyesiyle,xu1bo1syh||sylh
cinsiyetine,xu1bo1sybo2bo1h
cinsiyet-i,xu1bo1sybo2u4
cinsiyet,xu1bo1sybo2
cinsiye,xu1bo1syh
cinsiyeye,xu1bo1syh||yh
cinsiyeyi,xu1bo1syh||yy
cinsiyle,xu1bo1sylh
cinsiyye,xu1bo1syh
cinslerine,xu1bo1slrybo1h
cinslerinin,xu1bo1slrybo1ko3
cinslerini,xu1bo1slrybo1y
cinsleri,xu1bo1slry
cinsleriyle,xu1bo1slrylh
cinsten,xu1bo1sdbo1
cins,xu1bo1s
ci̇n,xu1bo1
cin,xu1bo1
cin,xu1bo1o8
cırboğa,xu1yrbu1wao1e
cırcır,xu1yrxu1yr
cire,xu1yrh
cirid,xu1yryd
cırıldamak,xu1yryldemfo2
cırılda,xu1yrylde
cırıltı,xu1yrylbo2y
cirimlerin,xu1rmlrko3
cirimleri,xu1rmlry
ci̇ri̇m,xu1u4ru4mo0
cirim,xu1u4ru4mo0
ciriti,xu1rydy
cirit,xu1rbu2d
cirit,xu1ryd
cırlak,xu1yrlefo2
cırlamak,xu1yrlemfo2
cırlatmak,xu1yrlebo2mfo2
cırlat,xu1yrlebo2
cırla,xu1yrle
cirmdir,xu1u4rmdr
cirme,xu1u4rmh
cirminden,xu1u4rmbo1dbo1
cirmine,xu1u4rmbo1h
cirmin,xu1u4rmko3
cirm-i,xu1u4rmu4
cirmi,xu1u4rmy
cirmlerden,xu1u4rmlrdbo1
cirmlerde,xu1u4rmlrdh
cirmlerin,xu1rmlrko3
cirmleri,xu1u4rmlry
cirmlerle,xu1u4rmlrlh
cirmler,xu1u4rmlr
ci̇rm,xu1rm
cirm,xu1rm
cirm,xu1u4rm
ciro,xu1yrw
cırtlak,xu1yr||bo2lefo2
cırtlak,xu1yr||bo2lefo2
cırtlamak,xu1yrbo2lemfo2
cırtla,xu1yrbo2le
cisimdeki,xu1smdh||ky
cisimden,xu1smdbo1
cisimde,xu1smdh
cisimdir,xu1smdr
cisimlerde,xu1smlrdh
cisimlerdir,xu1smlrdr
cisimlere,xu1smlrh
cisimlerinden,xu1smlrbo1dbo1
cisimlerinde,xu1smlrbo1dh
cisimlerinin,xu1smlrybo1ko3
cisimlerini,xu1smlrybo1y
cisimlerin,xu1smlrko3
cisimleri,xu1smlry
cisimler,xu1smlr
cisimle,xu1smlh
ci̇si̇m,xu1sm
cisim,xu1sm
cismanîdeki,xu1smebo1ydh||ky
cismânîdeki,xu1smebo1ydh||ky
cismanîden,xu1smebo1ydbo1
cismanîde,xu1smebo1ydh
cismanîdir,xu1smebo1ydr
cismanilerin,xu1smebo1ylrko3
cismanînin,xu1smebo1ybo1ko3
cismânînin,xu1smebo1ybo1ko3
cismanîsinin,xu1smebo1ysbo1ko3
cismanîsini,xu1smebo1ysbo1y
cismani,xu1smebo1y
cismanî,xu1smebo1y
cismânî,xu1smebo1y
cismânî,xu1u4so0mo4ebo1bu2
ci̇smani̇,xu1u4so0mo4ebo1۪y
cismani,xu1u4so0mo4ebo1۪y
cismaniyata,xu1smebo1yebo2h
cismaniyatı,xu1smebo1yebo2y
cismaniyedeki,xu1smebo1yh||dh||ky
cismaniyeden,xu1smebo1yh||dbo1
cismaniyede,xu1smebo1yh||dh
cismaniyedir,xu1smebo1yh||dr
cismaniye-i,xu1smebo1yh||'u4
cismaniyelerini,xu1smebo1yh||lrybo1y
cismaniyesinden,xu1smebo1yh||sbo1dbo1
cismaniyesine,xu1smebo1yh||sbo1h
cismaniyesini,xu1smebo1yh||sbo1y
cismaniyesi,xu1smebo1yh||sy
cismaniyete,xu1smebo1ybo2h
cismaniyetine,xu1smebo1ybo2bo1h
cismaniyetin,xu1smebo1ybo2ko3
cismaniyeti,xu1smebo1ybo2y
cismaniyettedir,xu1smebo1ybo2dh||dr
cismaniyetten,xu1smebo1ybo2dbo1
cismaniyette,xu1smebo1ybo2dh
cismaniyet,xu1smebo1ybo2
cismaniye,xu1smebo1yh
cismanîye,xu1smebo1y||yh
cismaniyeye,xu1smebo1yh||yh
cismaniyeyi,xu1smebo1yh||yy
cismanîyi,xu1smebo1y||yy
cismânîyi,xu1smebo1y||yy
cismaniyyesini,xu1smebo1yh||sbo1y
cismâniyyetin,xu1smebo1ybo2ko3
cismen,xu1sme
cismen,xu1smo44e
ci̇smen,xu1u4so0mo44e
cismen,xu1u4so0mo44e
cisme,xu1smh
cismîde,xu1smydh
cismimde,xu1smmdh
cism-i mermi,xu1sm mrmy
cismime,xu1smmh
cismimin,xu1smmko3
cismindeki,xu1smbo1dh||ky
cisminden,xu1smbo1dbo1
cisminde,xu1smbo1dh
cismine,xu1smbo1h
cisminin,xu1smbo1ko3
cismini,xu1smbo1y
cismin,xu1smko3
cism-i,xu1smu4
cismi,xu1smy
cismiyelerindeki,xu1smyh||lrbo1dh||ky
cismiyeti,xu1smybo2y
cismiyet,xu1smybo2
cismiyle,xu1smylh
cism-i zîhayât,xu1u4so0mu4 do1u4bu2 xo4bu2o4ebo2o0
ci̇sm-i̇ zi̇hayat,xu1u4so0mu4 do1u4y xo4yo4ebo2o0
cism-i zihayat,xu1u4so0mu4 do1u4y xo4yo4ebo2o0
cism,xu1sm
cisrî'nin,xu1srybo1ko3
cisrî,xu1sry
cisr,xu1sr
city,sybo2y
civadira,xu1wedrh
civadira,xu1wedrh||
civanan,xu1webo1ebo1
civânân,xu1webo1ebo1
civanbaht,xu1webo1 bu1xo1bo2
civani,xu1webo1y
civânî,xu1webo1y
civanlık,xu1webo1lfo2
civânlık,xu1webo1lfo2
civanmerdane,xu1webo1mrdebo1h
civanmerdler,xu1webo1mrdlr
civanmerdlikten,xu1webo1mrdlkdbo1
civanmerdlik,xu1webo1mrdlk
civanmerd,xu1webo1mrd
civânmerd,xu1webo1mrd
civan,xu1webo1
civân,xu1webo1
civardaki,xu1werdh||ky
civarda olan,xu1werdh ewlebo1
civârda olan,xu1werdh ewlebo1
civarda,xu1werdh
civarda,xu1werdh||
civârda,xu1werdh
civarımdaki,xu1wermdh||ky
civarımızdaki,xu1werymro1dh||ky
civarımızda,xu1werymro1dh
civârına,xu1werbu2bo1h
civarına,xu1werybo1h
civarına,xu1werybo1h||
civarındakiler,xu1werbo1dh||kylr
civarındaki,xu1werbo1dh||ky
civarından,xu1werbo1dbo1
civarında olmak,xu1werbo1dh ew
civârında olmak,xu1werbo1dh ew
civarında,xu1werbo1dh
civarında,xu1werbo1dh||
civârında,xu1werbo1dh
civarının,xu1werybo1ko3
civarını,xu1werybo1y
civarınızda,xu1weryko3ro1dh
civarın,xu1werko3
civar-ı,xu1weru4
civarı,xu1wery
civâr kuyu,xu1werkwbu2y
civar kuyu,xu1werkwyy
civarlarındaki,xu1werlrbo1dh||ky
civarlarında,xu1werlrbo1dh
civarlar,xu1werlr
civârlar,xu1werlr
civar,xu1wer
civâr,xu1wer
civata,xu1bu2weth
civata,xu1webo2h
civata,xu1webo2h||
civata,xu1ywete
civata,xu1yweth||
civa,xu1bu2wh
civa,xu1ywe
civa,xu1ywh||
civcive,xu1ywxu1ywh
civcivi,xu1ywxu1ywy
civcivlerini,xu1ywxu1ywlrybo1y
civcivli,xu1ywxu1ywly
civciv,xu1ywxu1yw
civelek,xu1ywh||lk
civelek,xu1ywh||lk
cîve,xu1bu2wh
cive,xu1ywh||
cıvık,xu1ywyfo2
cıvılcıvıl,xu1ywyl
cıvıldamak,xu1ywyldemfo2
cıvıldaşmaları,xu1ywyldeso3mh||lry
cıvılda,xu1ywylde
cıvıltı,xu1ywylbo2y
cıvıl,xu1ywyl
ci,xu1y
cıyak cıyak,xu1yyefo2 xu1yyefo2
cıyak,xu1yyefo2
cıyırdamak,xu1yyrdemfo2
cıyırda,xu1yyrde
cıyırtı,xu1yyrbo2y
cızbız,xu1yro1bu1yro1
cızıldamak,xu1yro1yldemfo2
cızılda,xu1yro1ylde
cızıltılı,xu1yro1ylbo2yly
cızıltı,xu1yro1ylbo2y
ciz'in,xu1do1ako3
cızırdamak,xu1yro1yrdemfo2
cızırdatmak,xu1yro1yrdebo2mfo2
cızırdat,xu1yro1yrdebo2
cızırda,xu1yro1yrde
cızırtı,xu1yro1yrbo2y
ciz'i,xu1do1ay
cızlamak,xu1ro1lemfo2
cızlamak,xu1yro1lemfo2
cızla,xu1yro1le
cizl-il,xu1u4ro1o0lu4 el
cizl,xu1ro1l
cizre,xu1ro1yrh||
cizrî'nin,xu1ro1rybo1ko3
ciz',xu1do1a
cız,xu1yro1
cizyeleri,xu1ro1yh||lry
cizye tayîn etmek,xu1ro1bu2h bo2abu2bu2bo1 e
cizye tayin etmek,xu1ro1yh bo2ayybo1 e
cizye,xu1ro1bu2h
cizye,xu1ro1yh
cizye,xu1ro1yh||
cizyeye,xu1ro1yh||yh
coğrafyacıların,xu1ao1refo1yexu1ylrko3
coğrafyacılar,xu1ao1refo1yexu1ylr
coğrafyacı,xu1ao1refo1yexu1y
coğrafyanın,xu1ao1refo1yebo1ko3
coğrafya,xu1ao1refo1bu2e
coğrafya,xu1ao1refo1ye
coğrafyaya,xu1ao1refo1yeyh
cokey,xu1wkh||y
cokey,xu1wkh||y
colomb,fo2wlwmbu1
cömerdlik,xu1wmrdlk
cömerd,xu1wmrd
cömertliktir,xu1wmrdlkdr
cömertlik,xu1wmrdlk
cömert,xu1wmrd
corc'u,xu1wrxu1y
corsele,fo2wrsh||l
coşacak,xu1wso3h||xu1fo2
coşan,xu1wso3ebo1
coşar,xu1wso3er
coşdurmak,xu1wso3dwrmfo2
coşdur,xu1wso3dwr
coşkunluklarımın,xu1wso3fo2wbo1lfo2lrymko3
coşkunlukları,xu1wso3fo2wbo1lfo2lry
coşkunluk,xu1wso3fo2wbo1lfo2
coşkun,xu1wso3fo2wbo1
coşmak,xu1wso3mfo2
coşmuştu,xu1wso3mso3dy
coşmuş,xu1wso3mso3
coştukça,xu1wso3dfo2xu1h
coştum,xu1wso3dm
coşturmada,xu1wso3dyrmedh
coşturmuş,xu1wso3dyrmso3
coşturup,xu1wso3dyrwbu1
coştu,xu1wso3dy
coşup,xu1wso3wbu1
coş,xu1wso3
cübbaî,xu1bu1o8eyo5y
cübbeme,xu1bu1o8h||mh
cübbesini,xu1bu1o8h||sbo1y
cübbe,xu1bu1h
cübbe,xu1bu1h||
cübbe,xu1bu1o8h
cübbeye,xu1bu1o8h||yh
cübbeyi,xu1bu1o8h||yy
cübn,xu1bu1bo1
cücelik,xu1wxu1h||lk
cücelik,xu1wxu1h||lk
cuce,xu1wxu1h||
cûce,xu1wxu1h
cüce,xu1wxu1h
cüce,xu1wxu1h||
cücük,xu1wxu1wk
cüdasın,xu1desko3
cüda,xu1de
cüdâ,xu1de
cüda,xu1o9do4e
cüdâ,xu1o9do4e
cüdayi,xu1deyy
cüdâyî,xu1deyy
cûdda,xu1wddh
cüderi,xu1dry
cüderî,xu1dry
cüdeyy,xu1dy
cudi'de,xu1wdy||dh
cudi-i,xu1wdyo5u4
cûdi-i,xu1wdyo5u4
cudi'nin,xu1wdy||bo1ko3
cudi,xu1wdy||
cüdran,xu1drebo1
cüdrân,xu1drebo1
cûd-u,xu1wdu4
cûdu,xu1wdy
cud,xu1wd
cûd,xu1wd
cüfte,xu1fo1bo2h
cüfte,xu1fo1bo2h||
cüft,xu1fo1bo2
cuğd,xu1ao1d
cühela,xu1hlec
cühelâ,xu1hlec
cuhfî'nin,xu1xfo1ybo1ko3
cühhal-i,xu1o9ho8elu4
cühhal,xu1hel
cühhâl,xu1hel
cühuda,xu1o9xwdh
cühud,xu1o9xwd
culah,xu1wleh||
cûlâh,xu1wleh
cüllah,xu1leh||
cüllâh,xu1leh
cülnardan,xu1lbo1erdbo1
culture,kwlbo2wr
cülus etmek,xu1lws e
cülûs etmek,xu1lws e
cülûsiyye,xu1lwsbu2h
cülusiyye,xu1lwsyh||
cülûs-u,xu1lwsu4
cülus,xu1lws
cülûs,xu1lws
cul,xu1l
cum'ada,xu1mah||dh
cumaertesi,xu1ma ebu2rbo2sy
cumaertesi,xu1ma eyrbo2sy
cuma-ertesi,xu1mah ebu2rbo2sy
cuma-ertesi,xu1mah eyrbo2sy
cum'a günü,xu1mah kwbo1y
cum'alarında,xu1mah||lrbo1dh
cumalık,xu1mah||lfo2
cumalık,xu1mah||lfo2
cumanın,xu1mah||bo1ko3
cumartesi,xu1mah||eyrbo2h||sy
cumartesi,xu1mah||eyrbo2h||sy
cumartesi,xu1mah eyrbo2sy
cum'a,xu1mah
cum'a,xu1mah||
cum’a,xu1mah||
cuma,xu1mah
cuma,xu1mah||
cumaya,xu1mah||yh
cumbadak,xu1wbo1bu1edefo2
cumba,xu1wmbu1e
cumbuldamak,xu1wmbu1wldemfo2
cumbulda,xu1wmbu1wlde
cumbul,xu1wmbu1wl
cümbüşlü,xu1bo1bu1so3ly
cümbüş,xu1bo1bu1so3
cümcüme,xu1mxu1mh
cümcüme,xu1mxu1mh||
cümel,xu1ml
cümel,xu1o9mo4lo0
cumhura,xu1mhwrh
cumhurcu,xu1mhwrxu1y
cumhurdan,xu1mhwrdbo1
cumhurda,xu1mhwrdh
cumhurdur,xu1mhwrdr
cumhurîden,xu1mhwrydbo1
cumhuri,xu1mhwry
cumhurî,xu1mhwry
cumhûrî,xu1mhwry
cumhuriyede,xu1mhwryh||dh
cumhuriyenin,xu1mhwryh||bo1ko3
cumhuriyetçidirler,xu1mhwrybo2xu1ydrlr
cumhuriyetçi,xu1mhwrybo2xu1y
cumhuriyete,xu1mhwrybo2h
cumhuriyeti'ne,xu1mhwrybo2bo1h
cumhuriyetin,xu1mhwrybo2ko3
cumhuriyeti,xu1mhwrybo2y
cumhuriyetler,xu1mhwrybo2lr
cumhuriyetperverliklerine,xu1mhwrybo2||bu3rwrlklrybo1h
cumhuriyetperverlik,xu1mhwrybo2||bu3rwrlk
cumhuriyetteki,xu1mhwrybo2dh||ky
cumhuriyette,xu1mhwrybo2dh
cumhuriyettir,xu1mhwrybo2dr
cumhuriyet,xu1mhwrybo2
cumhûriyet,xu1mhwrybo2
cumhuriye,xu1mhwryh
cumhuriyeyi,xu1mhwryh||yy
cumhuriyyet,xu1mhwrybo2
cumhûriyyet,xu1mhwrybo2
cumhur-u avam,xu1o9mo0ho9wro9 ao4wo4emo0
cumhûr-u avâm,xu1o9mo0ho9wro9 ao4wo4emo0
cumhurun,xu1mhwrko3
cumhur-u,xu1mhwru4
cumhuru,xu1mhwry
cumhur,xu1mhwr
cumhûr,xu1mhwr
cümhur,xu1mhwr
cumhur,xu1o9mo0ho9wro0
cumhûr,xu1o9mo0ho9wro0
cümledeki,xu1mlh||dh||ky
cümledendir,xu1mlh||dbo1dr
cümleden,xu1mlh||dbo1
cümlede,xu1mlh||dh
cümledir,xu1mlh||dr
cümle-ecza,xu1mlh eo5xu1ro1e
cümle-i,xu1mlh||'u4
cümlelerden,xu1mlh||lrdbo1
cümlelerde,xu1mlh||lrdh
cümlelere,xu1mlh||lrh
cümleleridir,xu1mlh||lrydr
cümlelerindeki,xu1mlh||lrbo1dh||ky
cümlelerinden,xu1mlh||lrbo1dbo1
cümlelerinde,xu1mlh||lrbo1dh
cümlelerine,xu1mlh||lrybo1h
cümlelerinin,xu1mlh||lrybo1ko3
cümlelerini,xu1mlh||lrybo1y
cümlelerin,xu1mlh||lrko3
cümleleri,xu1mlh||lry
cümleleriyle,xu1mlh||lrylh
cümlelerle,xu1mlh||lrlh
cümleler,xu1mlh||lr
cümlemizin,xu1mlh||mro1ko3
cümlemizi,xu1mlh||mro1y
cümlemiz,xu1mlh||mro1
cümlenin,xu1mlh||bo1ko3
cümlenize,xu1mlh||ko3ro1h
cümlesidir,xu1mlh||sydr
cümlesindeki,xu1mlh||sbo1dh||ky
cümlesinden,xu1mlh||sbo1dbo1
cümlesinde,xu1mlh||sbo1dh
cümlesine,xu1mlh||sbo1h
cümlesinin,xu1mlh||sbo1ko3
cümlesini,xu1mlh||sbo1y
cümlesi,xu1mlh||sy
cümlesiyle,xu1mlh||sylh
cümleten satıp def' etmek,xu1mlho2 zebo2wbu1 dfo1a e
cümleten,xu1mlho2
cümleten,xu1mlho2o44
cümle,xu1mlh
cümle,xu1mlh||
cümle,xu1o9mo0lo4h
cümle,xu1o9mo0lo4h||
cümleye,xu1mlh||yh
cümle-yi,xu1mlh||'u4
cümleyi,xu1mlh||yy
cümudetini,xu1mwdbo2bo1y
cümudet,xu1mwdbo2
cümudiyeleri,xu1mwdyh||lry
cümudiyeti,xu1mwdybo2y
cümudiyetleri,xu1mwdybo2lry
cümudiye,xu1mwdyh||
cümûdiye,xu1mwdyh
cümûdiye,xu1o9mo9wdu4bu2o4h
cümudi̇ye,xu1o9mo9wdu4yo4h||
cümudiye,xu1o9mo9wdu4yo4h||
cümudiyle,xu1mwdylh
cümudiyyeti,xu1mwdybo2y
cümudiyye,xu1mwdyh||
cümûdiyye,xu1mwdyh
cümud-u,xu1mwdu4
cümudu,xu1mwdy
cümuduyla,xu1mwdylh
cümud,xu1mwd
cümûd,xu1mwd
cünban,xu1bo1bu1ebo1
cünbân,xu1bo1bu1ebo1
cünbiş,xu1bo1bu1so3
cünbüşler,xu1bo1bu1so3lr
cünbüşlü,xu1bo1bu1so3lw
cünbüş,xu1bo1bu1so3
cündilik,xu1bo1dbu2lk
cündilik,xu1bo1dylk
cündîlik,xu1bo1dylk
cündi,xu1bo1dy
cündî,xu1bo1dy
cündüb,xu1bo1do9bu1o0
cünd-ü,xu1bo1du4
cünd,xu1bo1d
cüneyd-i,xu1bo1ydu4
cunha etmek,xu1bo1xu1h e
cunhâ etmek,xu1bo1xu1h e
cünhalı,xu1bo1xh lw
cunha sahibi,xu1bo1xh zexbu1y
cunha sâhibi,xu1bo1xh zexbu1y
cunhasını isbat etmek,xu1bo1xh sbo1y ebo3bu1ebo2 e
cunhasını isbât etmek,xu1bo1xh sbo1y ebo3bu1ebo2 e
cunha,xu1bo1xh
cunha,xu1bo1xh||
cünha,xu1bo1xh
cünha,xu1bo1xh||
cünha,xu1bo1xu1h
cünha,xu1bo1xu1h||
cünnet-ül,xu1o9bo1o8o4bo2o9 elo0
cünüb,xu1bo1bu1
cünuddan,xu1bo1wddbo1
cünudullah,xu1bo1wd e||ellh
cünudumdan,xu1bo1wdmdbo1
cünudundan,xu1bo1wdbo1dbo1
cünudunun,xu1bo1wdybo1ko3
cünud-u,xu1bo1wdu4
cünudu,xu1bo1wdy
cünud,xu1bo1wd
cünûd,xu1bo1wd
cünuna,xu1bo1wbo1h
cünundan,xu1bo1wbo1dbo1
cünunda,xu1bo1wbo1dh
cünundur,xu1bo1wbo1dr
cünunuma,xu1bo1wbo1mh
cünunumu,xu1bo1wbo1my
cünunum,xu1bo1wbo1m
cünunu,xu1bo1wbo1y
cünun,xu1bo1wbo1
cünûn,xu1bo1wbo1
cür'a,xu1rah
cür'a,xu1rah||
cura,xu1wre
cürcanî,xu1o9rxu1ebo1y
curcuna,xu1wrxu1wbo1e
cür'et etmek,xu1rbo5bo2 e
cüret etmek,xu1rbo5bo2 e
cür'etimin,xu1ryo5bo2mko3
cür'etimizi,xu1ryo5bo2mro1y
cür'etini,xu1ryo5bo2bo1y
cür'etinizle,xu1ryo5bo2ko3ro1lh
cür'et-i,xu1ryo5bo2u4
cür'eti,xu1ryo5bo2y
cür'etkârane,xu1ryo5bo2kerebo1h
cür'etkârlığa,xu1ryo5bo2kerlao1h
cür'etkâr,xu1ryo5bo2ker
cür'etle,xu1ryo5bo2lh
cür'etli,xu1ryo5bo2ly
cür'et,xu1o9ro0bo5o4bo2o0
cür'et,xu1rbo5bo2
cür'et,xu1reo5bo2
cür'et,xu1ryo5bo2
cürha,xu1rxh
cürha,xu1rxh||
cürh etmek,xu1rx e
cürh,xu1rx
cürme,xu1o9rmh
cürmiye,xu1o9rmyh
cürmümün,xu1o9rmmko3
cürmümü,xu1o9rmmy
cürmümüzle,xu1o9rmmro1lh
cürmüm,xu1o9rmm
cürm-ü,xu1o9rmu4
cürmü,xu1o9rmy
cürm,xu1rm
curnal,xu1wrbo1el
cürsûmesinde,xu1rbo3wmh||sbo1dh
cürsûme,xu1rbo3wmh
cüruf,xu1rwfo1
cürûf,xu1rwfo1
cürümden,xu1o9rmdbo1
cürümdür,xu1o9rmdr
cürümlerden,xu1o9rmlrdbo1
cürümlerin,xu1o9rmlrko3
cürümleri,xu1o9rmlry
cürüm,xu1o9rm
cürüm,xu1o9ro9mo0
cürüm,xu1rm
cürüm,xu1wrwm
cuşacuş,xu1wso3exu1wso3
cûşâcûş,xu1wso3exu1wso3
cüsamedir,xu1bo3emh||dr
cuşan,xu1wso3ebo1
cûşân,xu1wso3ebo1
cuşişli,xu1wso3so3ly
cûşişli,xu1wso3so3ly
cuşiş,xu1wso3so3
cûşiş,xu1wso3so3
cüsseli,xu1bo3h||ly
cüsseli,xu1bo3h||ly
cüssesi,xu1bo3o8h||sy
cüsse,xu1bo3h
cüsse,xu1bo3h||
cüsse,xu1bo3h||
cüstücu,xu1sbo2 w xu1w
cüstücû,xu1sbo2 w xu1w
cuş-u huruş,xu1wso3 w xo1rwso3
cuş,xu1wso3
cûş,xu1wso3
cû'un,xu1wako3
cüval,xu1wel
cüvâl,xu1wel
cu,xu1w
cû,xu1w
cu',xu1wa
cû',xu1wa
cu',xu1wso3
cu’,xu1wso3
cû',xu1wso3
cuybar,xu1wybu1er
cûybâr,xu1wybu1er
cûyem,xu1o9wyo4mo0
cuyende,xu1wybo1dh||
cûyende,xu1wybo1dh
cuy,xu1wy
cûy,xu1wy
cüzam,xu1do1em
cüzâm,xu1do1em
cüzdanda,xu1ro1debo1dh
cüzdanına,xu1ro1debo1bo1h
cüzdanındaki,xu1ro1debo1bo1dh||ky
cüzdanları,xu1ro1debo1lry
cüzdanlar,xu1ro1debo1lr
cüzdan,xu1ro1bo5debo1
cüzdan,xu1ro1debo1
cüz'den,xu1ro1cdbo1
cüzden,xu1ro1cdbo1
cüz'de,xu1ro1cdh
cüzde,xu1ro1cdh
cüz'dür,xu1ro1cdr
cüzdür,xu1ro1cdr
cüz'e,xu1ro1yo5h
cüz'i bir şey,xu1ro1bo5y bu1rso3y
cüz'î bir şey,xu1ro1bo5y bu1rso3y
cüz'îce bir renk vermek,xu1ro1bo5bu2xu1h bu1rrbo1k wbu2rmk
cüz'ice bir renk vermek,xu1ro1bo5yxu1h bu1rrbo1k wyrmk
cüz'ice,xu1ro1bo5bu2xu1h
cüz'ice,xu1ro1bo5yxu1h||
cüz'îden,xu1ro1yo5ydbo1
cüz'îde,xu1ro1yo5ydh
cüz'îdir,xu1ro1yo5ydr
cüz'î hâtirât,xu1o9ro1o0bo5bu2 xo1o4etu4ro4ebo2o0
cüz'î hâtırât,xu1o9ro1o0bo5bu2 xo1o4etu4ro4ebo2o0
cüz'i̇ hatirat,xu1o9ro1o0bo5۪y xo1o4etu4ro4ebo2o0
cüz'i hatırat,xu1o9ro1o0bo5۪y xo1o4etu4ro4ebo2o0
cüz'-i ihtiyârî,xu1o9ro1o0cu4 eu4xo1o0bo2u4bu2o4erbu2
cüz'-i̇ i̇hti̇yari̇,xu1o9ro1o0cu4 eu4xo1o0bo2u4yo4er۪y
cüz'-i ihtiyari,xu1o9ro1o0cu4 eu4xo1o0bo2u4yo4er۪y
cüz'î-küllî,xu1ro1yo5y klo8y
cüz'îlerde,xu1ro1yo5ylrdh
cüz'îlere,xu1ro1yo5ylrh
cüz'îleri,xu1ro1yo5ylry
cüz'i mürekkeb,xu1ro1cmrkbu1
cüz'înin,xu1ro1yo5ybo1ko3
cüz'îsine,xu1ro1yo5ysbo1h
cüz'îsinin,xu1ro1yo5ysbo1ko3
cüz'îsi,xu1ro1yo5ysy
cüz'î,xu1o9ro1o0wo5bu2
cüz'i̇,xu1o9ro1o0wo5۪y
cüz'i,xu1o9ro1o0wo5۪y
cüz'i̇,xu1ro1bo5y
cüz'i,xu1ro1bo5y
cüz’i,xu1ro1bo5y
cüz'î,xu1ro1bo5y
cüz'i,xu1ro1bo5y so3y
cüz'î,xu1ro1bo5y so3y
cüz-i,xu1ro1cu4
cüz'-i,xu1ro1cu4
cüz'î,xu1ro1yo5y
cüz'î yara etmek,xu1ro1bo5y bu2erh e
cüz'i yara etmek,xu1ro1bo5y yerh e
cüz'iyata,xu1ro1yo5yebo2h
cüz'iyatına,xu1ro1yo5yebo2bo1h
cüz'iyatındaki,xu1ro1yo5yebo2bo1dh||ky
cüz'iyatından,xu1ro1yo5yebo2bo1dbo1
cüz'iyatında,xu1ro1yo5yebo2bo1dh
cüz'iyatını,xu1ro1yo5yebo2bo1y
cüz'iyatın,xu1ro1yo5yebo2ko3
cüz'iyat-ı,xu1ro1yo5yebo2u4
cüz'iyatı,xu1ro1yo5yebo2y
cüz'iyatıyla,xu1ro1yo5yebo2ylh
cüz'iyatlarına,xu1ro1yo5yebo2lrybo1h
cüz'iyatları,xu1ro1yo5yebo2lry
cüz'iyatlarıyla,xu1ro1yo5yebo2lrylh
cüz'iyatlar,xu1ro1yo5yebo2lr
cüz'iyattan,xu1ro1yo5yebo2dbo1
cüz'iyatta,xu1ro1yo5yebo2dh
cüz'iyât,xu1o9ro1o0bo5u4bu2o4ebo2o0
cüz'i̇yat,xu1o9ro1o0bo5u4yo4ebo2o0
cüz'iyat,xu1o9ro1o0bo5u4yo4ebo2o0
cüz'iyat,xu1ro1yo5yebo2
cüz'iyede,xu1ro1yo5yh||dh
cüz'iyedir,xu1ro1yo5yh||dr
cüz'iye-i,xu1ro1yo5yh||'u4
cüz'iyeleri,xu1ro1yo5yh||lry
cüz'iyeler,xu1ro1yo5yh||lr
cüz'iyenin,xu1ro1yo5yh||bo1ko3
cüz'iyesine,xu1ro1yo5yh||sbo1h
cüz'iyesini,xu1ro1yo5yh||sbo1y
cüz'iyete,xu1ro1yo5ybo2h
cüz'iyetine,xu1ro1yo5ybo2bo1h
cüz'iyetin,xu1ro1yo5ybo2ko3
cüz'iyeti,xu1ro1yo5ybo2y
cüz'iyetiyle,xu1ro1yo5ybo2ylh
cüz'iyetten,xu1ro1yo5ybo2dbo1
cüz'iyet,xu1o9ro1o0bo5u4bu2o4bo2o0
cüz'i̇yet,xu1o9ro1o0bo5u4yo4bo2o0
cüz'iyet,xu1o9ro1o0bo5u4yo4bo2o0
cüz'iyet,xu1ro1yo5ybo2
cüz'iye,xu1ro1yo5yh
cüz'îye,xu1ro1yo5y||yh
cüz'iyeye,xu1ro1yo5yh||yh
cüz'iyeyi,xu1ro1yo5yh||yy
cüz'î-yi müşahhas,xu1o9ro1o0bo5u4bu2 bu2u4 mo9so3o4xo1o4o8zo0
cüz'i̇-yi̇ müşahhas,xu1o9ro1o0bo5u4y yu4 mo9so3o4xo1o4o8zo0
cüz'i-yi müşahhas,xu1o9ro1o0bo5u4y yu4 mo9so3o4xo1o4o8zo0
cüz'i-yi,xu1ro1yo5yu4
cüz'î-yi,xu1ro1yo5yu4
cüz'îyi,xu1ro1yo5y||yy
cüz'iyyatına,xu1ro1yo5yebo2bo1h
cüz'iyyatta,xu1ro1yo5yebo2dh
cüz'iyyât,xu1ro1bo5bu2ebo2
cüz'iyyat,xu1ro1bo5yebo2
cüz’iyyat,xu1ro1bo5yebo2
cüz'iyyat,xu1ro1yo5yebo2
cüz'iyyedir,xu1ro1yo5yh||dr
cüz'iyye-i,xu1ro1yo5yh||'u4
cüz'iyyeleri,xu1ro1yo5yh||lry
cüz'iyyetin,xu1ro1yo5ybo2ko3
cüz'iyyetten,xu1ro1yo5ybo2dbo1
cüz'iyye,xu1ro1yo5yh
cüz'-küll,xu1ro1c klo8
cüz'lere,xu1ro1clrh
cüzlere,xu1ro1wo5lrh
cüz'leridir,xu1ro1clrydr
cüz'lerindendir,xu1ro1clrbo1dbo1dr
cüzlerinden,xu1ro1clrbo1dbo1
cüz'lerinde,xu1ro1clrbo1dh
cüzlerinde,xu1ro1clrbo1dh
cüzlerinin,xu1ro1clrybo1ko3
cüz'lerini,xu1ro1clrybo1y
cüzlerini,xu1ro1clrybo1y
cüz'lerin,xu1ro1clrko3
cüzlerin,xu1ro1clrko3
cüz'leri,xu1ro1clry
cüzleri,xu1ro1clry
cüz'ler,xu1ro1clr
cüzler,xu1ro1clr
cüzlükten,xu1ro1clkdbo1
cüz'sün,xu1ro1csko3
cüzsün,xu1ro1csko3
cüz'üdür,xu1ro1yo5ydr
cüz'ündeki,xu1ro1yo5bo1dh||ky
cüz'ünden,xu1ro1yo5bo1dbo1
cüz'ünde,xu1ro1yo5bo1dh
cüz’ünde,xu1ro1yo5bo1dh
cüz'üne,xu1ro1yo5bo1h
cüz'ünün,xu1ro1yo5bo1ko3
cüz'ünü,xu1ro1yo5bo1y
cüz'ün,xu1ro1yo5ko3
cüz-ü,xu1ro1cu4
cüz'-ü,xu1ro1cu4
cüz'ü,xu1ro1yo5y
cüz'üyle,xu1ro1yo5ylh
cüz,xu1o9ro1o0
cüz',xu1o9ro1o0wo5o0
cüz,xu1ro1
cüz,xu1ro1c
cüz',xu1ro1c
cüz’,xu1ro1c
cüzzamlı,xu1do1emly
cüzzam,xu1do1em
c,xu1
