zaafca,zo1afo1xu1h
zaafda,zo1afo1dh
zaafımı,zo1afo1my
zaaftaki,zo1afo1dh||ky
zaaf,zo1afo1
zaaf,zo1o4ao4fo1o0
zabih,do1ebu1x
zâbih,do1ebu1x
zabıtaca,zo1ebu1th||xu1h
zabıtadan,zo1ebu1th||dbo1
zabıtadır,zo1ebu1th||dr
zabıta götürmek,zo1ebu1th kwbo2rmk
zâbıta götürmek,zo1ebu1th kwbo2rmk
zabıtalarının,zo1ebu1th||lrybo1ko3
zabıtalarını,zo1ebu1th||lrybo1y
zabıtaların,zo1ebu1th||lrko3
zabıtaları,zo1ebu1th||lry
zabıtalar,zo1ebu1th||lr
zabıtanın,zo1ebu1th||bo1ko3
zabitan,zo1ebu1tebo1
zâbitân,zo1ebu1tebo1
zabıtasına,zo1ebu1th||sbo1h
zabıtasınca,zo1ebu1th||sbo1xu1h
zabıtasında,zo1ebu1th||sbo1dh
zabıtasının,zo1ebu1th||sbo1ko3
zabıtasını,zo1ebu1th||sbo1y
zabıtasıyla,zo1ebu1th||sylh
zabıtası,zo1ebu1th||sy
zabıtaya,zo1ebu1th||yh
zabıtayı,zo1ebu1th||yy
zabıta,zo1ebu1th
zabıta,zo1ebu1th||
zâbıta,zo1ebu1th
zabita,zo1o4ebu1u4to4h||
zabıta,zo1o4ebu1u4to4h||
zâbıta,zo1o4ebu1u4to4h
zabite,zo1ebu1th
zâbite,zo1ebu1th
zabitimiz,zo1ebu1tmro1
zabitinin,zo1ebu1tbo1ko3
zabitinize,zo1ebu1tko3ro1h
zabitin,zo1ebu1tko3
zâbitin,zo1ebu1tko3
zabiti,zo1ebu1ty
zabıtlara,zo1bu1tlrh
zabitlerdeki,zo1ebu1tlrdh||ky
zâbitlerdeki,zo1ebu1tlrdh||ky
zabitlere,zo1ebu1tlrh
zabitlerimize,zo1ebu1tlrymro1h
zabitlerimizle,zo1ebu1tlrymro1lh
zabitlerinizdir,zo1ebu1tlryko3ro1dr
zabitlerinize,zo1ebu1tlryko3ro1h
zabitlerinizin,zo1ebu1tlryko3ro1ko3
zabitlerinizi,zo1ebu1tlryko3ro1y
zabitlerini,zo1ebu1tlrybo1y
zabitleriniz,zo1ebu1tlryko3ro1
zabitlerin,zo1ebu1tlrko3
zabitleriyle,zo1ebu1tlrylh
zâbitleriyle,zo1ebu1tlrylh
zabitleri,zo1ebu1tlry
zabitler,zo1ebu1tlr
zabitlik,zo1ebu1tlk
zâbitlik,zo1ebu1tlk
zabıtnamede,zo1bu1tbo1emh||dh
zabıtnamelerde,zo1bu1tbo1emh||lrdh
zabıtnamelere,zo1bu1tbo1emh||lrh
zabıtnamelerine,zo1bu1tbo1emh||lrybo1h
zabıtnamelerin,zo1bu1tbo1emh||lrko3
zabıtnameleriyle,zo1bu1tbo1emh||lrylh
zabıtnameler,zo1bu1tbo1emh||lr
zabıtname,zo1bu1tbo1emh||
zabıtnâme,zo1bu1tbo1emh
zabitname,zo1o4bu1u4to0bo1o4emo4h||
zabitnâme,zo1o4bu1u4to0bo1o4emo4h
zabıtname,zo1o4bu1u4to0bo1o4emo4h||
zabıtnâme,zo1o4bu1u4to0bo1o4emo4h
zabit varakasi,zo1o4bu1u4to0 wo4ro4fo2o4h su4bu2
zabıt varakası,zo1o4bu1u4to0 wo4ro4fo2o4h su4bu2
zabit varakasi,zo1o4bu1u4to0 wo4ro4fo2o4h su4y
zabıt varakası,zo1o4bu1u4to0 wo4ro4fo2o4h su4y
zabıt,zo1bu1t
zabit,zo1ebu1t
zâbit,zo1ebu1t
zabi̇t,zo1o4ebu1u4to0
zabit,zo1o4ebu1u4to0
zâbit,zo1o4ebu1u4to0
zabta,zo1bu1th
zabtedebilirsen,zo1bu1t eydh||bu1ylyrsh||ko3
zabtedemez,zo1bu1t eydh||mro1
zabteden,zo1bu1t eydbo1
zabtederek,zo1bu1t eydh||rk
zabtederler,zo1bu1t eydrlr
zabteder,zo1bu1t eydr
zabtedilen,zo1bu1t eydylbo1
zabtedilir,zo1bu1t eydylyr
zabtedilmemesi,zo1bu1t eydylmh||msy
zabtedilmez,zo1bu1t eydylmro1
zabtedilmiyor,zo1bu1t eydylmyywr
zabtedilsin,zo1bu1t eydylsybo1
zabtedip,zo1bu1t eydwbu1
zabtediyorlar,zo1bu1t eydyywrlr
zabtediyor,zo1bu1t eydyywr
zabt etmek,zo1bu1te
zabt etmek,zo1bu1t e
zabtetmek,zo1bu1t e
zabtetmek,zo1bu1t eybo2mk
zabtetmemiş,zo1bu1t eybo2mh||mso3
zabt etrmek,zo1bu1t e
zabtetse,zo1bu1t eybo2sh
zabtettikten,zo1bu1t eybo2dkdbo1
zabtettik,zo1bu1t eybo2dk
zabtettiniz,zo1bu1t eybo2dyko3ro1
zabtetti,zo1bu1t eybo2dy
zabtıma,zo1bu1tmh
zabtına,zo1bu1tbo1h
zabtındadır,zo1bu1tbo1dh||dr
zabtınıza,zo1bu1tko3ro1h
zabtiye,zo1bu1tbu2h
zabtiye,zo1bu1tyh
zabtiye,zo1bu1tyh||
zabtiyye,zo1bu1tbu2h
zabtiyye,zo1bu1tyh||
zabtname,zo1bu1t bo1emh||
zabtnâme,zo1bu1t bo1emh
zabt olunamaz,zo1bu1t ewlbo1h mro1
zabt u muhafaza etmek,zo1bu1t w mxefo1to1h e
zabt u muhâfaza etmek,zo1bu1t w mxefo1to1h e
zabt u muhafaza,zo1bu1t w mxefo1to1h||
zabt u muhâfaza,zo1bu1t w mxefo1to1h
zabt u rabt etmek,zo1bu1t wrbu1t e
zabt u rabt,zo1bu1t wrbu1t
zabtürabt,zo1bu1t w rbu1t
zabt,zo1bu1t
zabt,zo1o4bu1o0to0
zabun,ro1bu1wbo1
zâc-ı kıbrıs,ro1exu1 fo2bu1rbu2s
zac-ı kıbrıs,ro1exu1 fo2bu1rs
zâc-ı kıbrıs,ro1exu1 fo2bu1rs
zac-ı kıbrıs,ro1exu1 fo2bu1rys
zac,ro1exu1
zâc,ro1exu1
zâcyağı,ro1exu1 bu2eao1y
zacyağı,ro1exu1 yeao1y
zadegandan olan,ro1edkebo1dbo1 ewlebo1
zâdegândan olan,ro1edkebo1dbo1 ewlebo1
zadeğanlık,ro1edkebo1lfo2
zâdeğanlık,ro1edkebo1lfo2
zadeğan,ro1edkebo1
zâdeğan,ro1edkebo1
zadegan,ro1edko7ebo1
zâdegân,ro1edko7ebo1
zade-i,ro1edh'u4
zade,ro1edh||
zâde,ro1edh
zad-ı,ro1edu4
zâd-ı,ro1edu4
zâdı,ro1edy
zad,ro1ed
zâd,ro1ed
za'fa,zo1afo1h
za'fça,zo1afo1xu1h
za'feran,ro1afo1rebo1
za’feran,ro1afo1rebo1
zaferan,ro1afo1rebo1
za'ferân,ro1afo1rebo1
zaferân,ro1afo1rebo1
zaferden,to1fo1rdbo1
zaferdir,to1fo1rdr
zafere,to1fo1rh||
zaferidir,to1fo1rydr
zaferine,to1fo1rybo1h
zaferinin,to1fo1rybo1ko3
zaferini,to1fo1rybo1y
zaferinizin,to1fo1ryko3ro1ko3
zaferinle,to1fo1rko3lh
zaferin,to1fo1rko3
zaferi,to1fo1ry
zaferiyle,to1fo1rylh
zaferlerden,to1fo1rlrdbo1
zaferlere,to1fo1rlrh
zaferlerine,to1fo1rlrybo1h
zaferleri,to1fo1rlry
zaferleriyle,to1fo1rlrylh
zaferlerle,to1fo1rlrlh
zaferler,to1fo1rlr
zaferle,to1fo1rlh
zaferli,to1fo1rly
zafer,to1fo1r
zaferyâbız,to1fo1ryebu1ro1
zaferyab,to1fo1ryebu1
zaferyâb,to1fo1ryebu1
za'fıma,zo1afo1mh
za'fımı,zo1afo1my
za'fımız,zo1afo1mro1
za'fımla,zo1afo1mlh
za'fım,zo1afo1m
za'fına,zo1afo1bo1h
za'fındaki,zo1afo1bo1dh||ky
za'fından,zo1afo1ko3dbo1
za'fında,zo1afo1bo1dh
za'fının,zo1afo1bo1ko3
za'fınızdan,zo1afo1ko3ro1dbo1
za'fını,zo1afo1bo1y
za'fın,zo1afo1ko3
zafîr,ro1fo1bu2r
zafir,ro1fo1yr
za'fiyete,zo1afo1ybo2h
za'fiyetime,zo1afo1ybo2mh
za'fiyetimle,zo1afo1ybo2mlh
za'fiyetim,zo1afo1ybo2m
za'fiyetinden,zo1afo1ybo2bo1dbo1
za'fiyetine,zo1afo1ybo2bo1h
za'fiyetini,zo1afo1ybo2bo1y
za'fiyetiyle,zo1afo1ybo2ylh
za'fiyeti,zo1afo1ybo2y
za'fiyetlerine,zo1afo1ybo2lrybo1h
za'fiyetle,zo1afo1ybo2lh
za'fiyetli,zo1afo1ybo2ly
za'fiyetten,zo1afo1ybo2dbo1
zâfiyet,zo1afo1bu2bo2
za'fiyet,zo1afo1ybo2
zafiyet,zo1afo1ybo2
za'fıyla,zo1afo1ylh
za'fıysa,zo1afo1ysh
za'fiyyet,zo1afo1bu2bo2
za'fiyyet,zo1afo1ybo2
za’fiyyet,zo1afo1ybo2
za'f-ı,zo1afo1u4
za'fi,zo1afo1y
za’fi,zo1afo1y
za'fî,zo1afo1y
za'fı,zo1afo1y
za'flardan,zo1afo1lrdbo1
za'flarıma,zo1afo1lrmh
za'flarımdan,zo1afo1lrmdbo1
za'flarından,zo1afo1lrbo1dbo1
za'fların,zo1afo1lrko3
za'fları,zo1afo1lry
za'flar,zo1afo1lr
za'fla,zo1afo1lh
za'ftaki,zo1afo1dh||ky
za'ftan,zo1afo1dbo1
za'fta,zo1afo1dh
za'ftır,zo1afo1dr
za'f,zo1afo1
za’f,zo1afo1
zaf,zo1afo1
zâf,zo1afo1
zağan,ro1ao1bo1
zağar,ro1ao1r
zağar,ro1eao1er
zağ,ro1eao1
zâğ,ro1eao1
zahair,do1xo1ebo5r
zahâir,do1xo1ebo5r
zahib,do1ehbu1
zâhib,do1ehbu1
zâhibim,do1ehbu1m
zahib olmak,do1ehbu1 ew
zâhib olmak,do1ehbu1 ew
zahidane,ro1ehdebo1h
zahidane,ro1ehdebo1h||
zâhidane,ro1ehdebo1h
zâhidâne,ro1ehdebo1h
zâhidi,ro1ehdy
zahidlik,ro1ehdlk
zâhidlik,ro1ehdlk
zahid,ro1ehd
zâhid,ro1ehd
zahiranede,to1ehrebo1h||dh
zahirane,to1ehrebo1h
zahira,to1ehre
zâhira,to1ehre
zâhirbîn,to1ehrbu1bu2bo1
zahirbin,to1ehrbu1ybo1
zahirce,to1ehrxu1h
zahirden,to1ehrdbo1
zâhirden,to1ehrdbo1
zahirde,to1ehrdh
zahirdir,to1ehrdr
zâhirdir,to1ehrdr
zahirede,to1ehrh||dh
zahiredir,to1ehrh||dr
zahîre,do1o4xo1bu2ro4h
zahi̇re,do1o4xo1۪yro4h||
zahire,do1o4xo1۪yro4h||
zahîre,do1xo1bu2rh
zahire,do1xo1yrh||
zahîre,do1xo1yrh
zahîre-i,do1xo1yrh'u4
zahîreleri,do1xo1yrh||lry
zahîre memûru,do1xo1bu2rh meo5mwr
zahire memuru,do1xo1yrh meo5mwr
zahirenin,to1ehrh||bo1ko3
zahiren,to1ehre
zâhiren,to1ehre
zahiren,to1ehreo44
zâhîren,to1ehreo44
zahiren,to1ehro44e
zâhiren,to1ehro44e
zahi̇ren,to1o4ehu4ro44e
zahiren,to1o4ehu4ro44e
zâhiren,to1o4ehu4ro44e
zahîresi,do1xo1yrh||sy
zahîresini,do1xo1yrh||sbo1y
zahiresi,to1ehrh||sy
zahiresiyle,to1ehrh||sylh
zahîre tertîb etmek,do1xo1bu2rh bo2rbo2bu2bu1 e
zahire tertib etmek,do1xo1yrh bo2rbo2ybu1 e
zahire,to1ehrh
zahirîden,to1ehrydbo1
zâhirîden,to1ehrydbo1
zahirîde,to1ehrydh
zahirîdirler,to1ehrydrlr
zâhiridirler,to1ehrydrlr
zahiridir,to1ehrydr
zahirîdir,to1ehrydr
zâhirîdir,to1ehrydr
zahirîlerinde,to1ehrylrbo1dh
zahirîleriyle,to1ehrylrylh
zahirinden,to1ehrbo1dbo1
zahirinde,to1ehrbo1dh
zahirine,to1ehrybo1h
zâhirine,to1ehrybo1h
zahirînin,to1ehry||bo1ko3
zahirini,to1ehrybo1y
zahir'in,to1ehrko3
zahirin,to1ehrko3
zahirîsinden,to1ehrysbo1dbo1
zahirîsinde,to1ehrysbo1dh
zahirisine,to1ehrysbo1h
zahirîsine,to1ehrysbo1h
zâhirîsine,to1ehrysbo1h
zahirîsinin,to1ehrysbo1ko3
zahirîsi,to1ehrysy
zahirîsiyle,to1ehrysylh
zahir-i,to1ehru4
zahiri,to1ehry
zahirî,to1ehry
zâhiri,to1ehry
zâhirî,to1ehry
zâhirî,to1o4ehu4rbu2
zahi̇ri̇,to1o4ehu4r۪y
zahiri,to1o4ehu4r۪y
zahiriyeden,to1ehryh||dbo1
zahiriyede,to1ehryh||dh
zahiriyedir,to1ehryh||dr
zahiriye-i,to1ehryh'u4
zâhiriye-i,to1ehryh'u4
zahiriyeme,to1ehryh||mh
zahiriyenin,to1ehryh||bo1ko3
zahiriyesine,to1ehryh||sbo1h
zahiriyesi,to1ehryh||sy
zahiriyesiyle,to1ehryh||sylh
zahiriye,to1ehryh
zahirîye,to1ehry||yh
zahiriyeye,to1ehryh||yh
zahiriyeyi,to1ehryh||yy
zahirîyi,to1ehry||yy
zâhirîyi,to1ehry||yy
zahiriyle,to1ehrylh
zâhiriyyenin,to1ehryh||bo1ko3
zâhiriyyesine,to1ehryh||sbo1h
zâhiriyye,to1ehryh
zahiriyy-i,to1ehryo8u4
zahiriyyun,to1ehryo8wbo1
zahiriyyunun,to1ehryo8wbo1ko3
zahirlerini,to1ehrlrybo1y
zahirleriyledir,to1ehrlrylh||dr
zahir'le,to1ehrlh
zahirperestane,to1ehrbu3rsbo2ebo1h
zahirperestlere,to1ehrbu3rsbo2lrh
zahirperestlerin,to1ehrbu3rsbo2lrko3
zahirperestleri,to1ehrbu3rsbo2lry
zahirperestler,to1ehrbu3rsbo2lr
zahirperestliğin,to1ehrbu3rsbo2lko7ko3
zahirperestliğiyle,to1ehrbu3rsbo2lko7ylh
zahirperestliklerinden,to1ehrbu3rsbo2lklrbo1dbo1
zahirperestlik,to1ehrbu3rsbo2lk
zahirperest,to1ehrbu3rsbo2
zâhirperest,to1ehrbu3rsbo2
zahi̇r,to1ehr
zahir,to1ehr
zâhir,to1ehr
zahîr,to1hyr
zahi̇r,to1o4ehu4ro0
zahir,to1o4ehu4ro0
zâhir,to1o4ehu4ro0
zahîr,to1o4hbu2ro0
zahi̇r,to1o4h۪yro0
zahir,to1o4h۪yro0
zahmdar,ro1xo1mder
zahmdâr,ro1xo1mder
zahme,ro1xo1mh
zahme,ro1xo1mh||
zahmet çekmek,ro1xmbo2 xu3kmk
zahmete,ro1xmbo2h
zahmet etmek,ro1xmbo2 e
zahmetimi,ro1xmbo2my
zahmetimizin,ro1xmbo2mro1ko3
zahmetimizi,ro1xmbo2mro1y
zahmetim,ro1xmbo2m
zahmetinden,ro1xmbo2bo1dbo1
zahmetini,ro1xmbo2bo1y
zahmetiniz,ro1xmbo2ko3ro1
zahmetin,ro1xmbo2ko3
zahmet-i,ro1xmbo2u4
zahmeti,ro1xmbo2y
zahmetiyle,ro1xmbo2ylh
zahmetlerden,ro1xmbo2lrdbo1
zahmetlerde,ro1xmbo2lrdh
zahmetlere,ro1xmbo2lrh
zahmetlerinden,ro1xmbo2lrbo1dbo1
zahmetlerine,ro1xmbo2lrybo1h
zahmetlerini,ro1xmbo2lrybo1y
zahmetlerin,ro1xmbo2lrko3
zahmetleri,ro1xmbo2lry
zahmetle,ro1xmbo2lh
zahmetler,ro1xmbo2lr
zahmetlidir,ro1xmbo2lydr
zahmetli,ro1xmbo2ly
zahmet,ro1xmbo2
zahmetsizce,ro1xmbo2sro1xu1h
zahmetsizce,ro1xmbo2sro1xu1h||
zahmetsizdir,ro1xmbo2sro1dr
zahmetsiz,ro1xmbo2sro1
zahmetten,ro1xmbo2dbo1
zahmette,ro1xmbo2dh
zahmettir,ro1xmbo2dr
zahmet verir,ro1xmbo2 wbu2rr
zahmet verir,ro1xmbo2 wyrr
zahmet vermek,ro1xmbo2 wbu2rmk
zahmet vermek,ro1xmbo2 wyrmk
zahm,ro1xo1m
zahmzede,ro1xo1m ro1dh
zahmzede,ro1xo1m ro1dh||
zahrdır,to1hrdr
zahrına,to1hrybo1h
zahrında,to1hrbo1dh
zahr-ı,to1hru4
zahriye,to1hryh
zahriye,to1hryh||
zahr,to1hr
zâib,do1eyo5bu1
zaice,ro1ebo5xu1h||
zâice,ro1ebo5xu1h
zaiddir,ro1eyo5ddr
zâiddir,ro1eyo5ddr
zâide,ro1eyo5dh
za'id,ro1ebo5d
zaid,ro1ebo5d
zâ'id,ro1ebo5d
zâid,ro1ebo5d
zaid,ro1eyo5d
zâid,ro1eyo5d
zai' etmek,zo1ebo5a e
zâi' etmek,zo1ebo5a e
zaîfdir,zo1ayfo1dr
zaîfdi,zo1ayfo1dy
zaîfe-i,zo1ayfo1h'u4
zaîfeler,zo1ayfo1h||lr
zaîfem,zo1ayfo1m
zaîfenin,zo1ayfo1h||bo1ko3
za'îf etmek,zo1abu2fo1 e
za'if etmek,zo1ayfo1 e
zaîfeyi,zo1ayfo1h||yy
zaife,zo1ayfo1h
zaîfe,zo1ayfo1h
zaîfim,zo1ayfo1m
zaîfiniz,zo1ayfo1ko3ro1
zaîfin,zo1ayfo1ko3
zaîf-i,zo1ayfo1u4
zaîfi,zo1ayfo1y
za'îflanmak,zo1abu2fo1lbo1mfo2
za'iflanmak,zo1ayfo1lbo1mfo2
za'îflatmak,zo1abu2fo1lbo2mfo2
zaîflatmak,zo1abu2fo1lbo2mfo2
za'iflatmak,zo1ayfo1lbo2mfo2
zaiflatmak,zo1ayfo1lbo2mfo2
zaîflemiş,zo1ayfo1lh||mso3
zaîflendiği,zo1ayfo1lbo1dyko7y
zaiflere,zo1ayfo1lrh
zaîflere,zo1ayfo1lrh
zaiflerinin,zo1ayfo1lrybo1ko3
zaîflerinin,zo1ayfo1lrybo1ko3
zaîflerin,zo1ayfo1lrko3
zaîfleri,zo1ayfo1lry
zaîfler,zo1ayfo1lr
zaifleşir,zo1ayfo1lh||so3yr
zaîfleşir,zo1ayfo1lso3yr
zaîfleşmiş,zo1ayfo1lso3mso3
zaîfleştirir,zo1ayfo1lso3dyrr
zaîfleştirmek,zo1ayfo1lso3dyrmk
zaîfleştirmeyiniz,zo1ayfo1lso3dyrmh||yko3ro1
zaîfliğidir,zo1ayfo1lko7ydr
zaîfliğimle,zo1ayfo1lko7mlh
zaîfliğinden,zo1ayfo1lko7bo1dbo1
zaîfliğiyle,zo1ayfo1lko7ylh
zaîfliği,zo1ayfo1lko7y
za'îflik,zo1abu2fo1lfo2
za'iflik,zo1ayfo1lfo2
zaîflik,zo1ayfo1lk
zaifsin,zo1ayfo1sko3
zaîfsin,zo1ayfo1sko3
zaîften,zo1ayfo1dbo1
zaîfte,zo1ayfo1dh
zaîftirler,zo1ayfo1drlr
zaiftir,zo1ayfo1dr
zaîftir,zo1ayfo1dr
zaîf-ül,zo1ayfo1 el
zaif,zo1abu2fo1
za'îf,zo1abu2fo1
zaîf,zo1abu2fo1
za'if,zo1ayfo1
zai̇f,zo1ayfo1
zaif,zo1ayfo1
zaîf,zo1ayfo1
zaikada,do1eyo5fo2h||
zaikada,do1eyo5fo2h||dh
zaika,do1ebo5fo2h||
zâika,do1ebo5fo2h
zaika,do1eyo5fo2h
zâika,do1eyo5fo2h
zai̇ka,do1o4ebo5u4fo2o4h||
zaika,do1o4ebo5u4fo2o4h||
zâika,do1o4ebo5u4fo2o4h
zaika-i,do1eyo5fo2h'u4
zâika-i,do1eyo5fo2h'u4
zaikanın,do1eyo5fo2h||bo1ko3
zaikası,do1eyo5fo2h||sy
zaikasıyla,do1eyo5fo2h||sylh
zaikayı,do1eyo5fo2h||yy
zâikayı,do1eyo5fo2h||yy
zaik,do1ebo5fo2
zâik,do1ebo5fo2
zâilatın,ro1eyo5lebo2ko3
zâilat-ı,ro1eyo5lebo2u4
zâilden,ro1eyo5ldbo1
zâildir,ro1eyo5ldr
zâileden,ro1eyo5lh||dbo1
zâile-i,ro1eyo5lh'u4
zâilenin,ro1eyo5lh||bo1ko3
zâile,ro1eyo5lh
zai̇le,ro1o4ebo5u4lo4h||
zaile,ro1o4ebo5u4lo4h||
zâile,ro1o4ebo5u4lo4h
zâileye,ro1eyo5lh||yh
zâilim,ro1eyo5lm
zâilin,ro1eyo5lko3
zâillerin,ro1eyo5llrko3
za'il olmak,ro1ebo5l ew
zail olmak,ro1ebo5l ew
zâ'il olmak,ro1ebo5l ew
zâil olmak,ro1ebo5l ew
zail,ro1ebo5l
zâil,ro1ebo5l
zâil,ro1eyo5l
zai̇l,ro1o4ebo5u4lo0
zail,ro1o4ebo5u4lo0
zâil,ro1o4ebo5u4lo0
zâilsin,ro1eyo5lsko3
zaim,ro1abu2m
zaim,ro1aym
zair,ro1ebo5r
zâir,ro1ebo5r
zâkirdir,do1ekrdr
zakir,do1ekr
zâkir,do1ekr
zaki̇r,do1o4eku4ro0
zakir,do1o4eku4ro0
zâkir,do1o4eku4ro0
zakirenin,do1ekrh||bo1ko3
zâkir-i,do1ekru4
zâkiri,do1ekry
zakirler,do1ekrlr
zâkirler,do1ekrlr
zâkirleri,do1ekrlry
zâkirlerin,do1ekrlrko3
zakkumları,ro1fo2o8wmlry
zakkum,ro1fo2o8wm
zakkum,ro1fo2wm
zakkûm,ro1fo2wm
zakkum-şecer,ro1fo2o8wm so3xu1r
zakkumun,ro1fo2o8wmko3
zakkumunun,ro1fo2o8wmbo1ko3
zakkum-u,ro1fo2o8wmu4
zakkumu,ro1fo2o8wmy
zalam,to1lem
zalâm,to1lem
zâl,do1el
zalemelerin,to1lmh||lrko3
zalemenin,to1lmh||bo1ko3
zaleme,to1lmh
zalemeye,to1lmh||yh
zâlik,do1elk
zalildir,to1lyldr
zalilidir,to1lylydr
zalimanede,to1elmebo1h||dh
zalimanelerinin,to1elmebo1h||lrybo1ko3
zalimanelerini,to1elmebo1h||lrybo1y
zalimanesine,to1elmebo1h||sbo1h
zalimanesiyle,to1elmebo1h||sylh
zalimane,to1elmebo1h
zalimane,to1elmebo1h||
zâlimane,to1elmebo1h
zâlimâne,to1elmebo1h
zalimden,to1elmdbo1
zalimdir,to1elmdr
zalimedir,to1elmh||dr
zalime-i,to1elmh'u4
zalimenin,to1elmh||bo1ko3
zalime,to1elmh
zalimin,to1elmko3
zalimîn,to1elmko3
zalim-i,to1elmu4
zalim'i,to1elmy
zalimi,to1elmy
zâlimi,to1elmy
zalimiyetle,to1elmybo2lh
zalimlerdeki,to1elmlrdh||ky
zalimlerden,to1elmlrdbo1
zalimlerde,to1elmlrdh
zalimlere,to1elmlrh
zâlimlere,to1elmlrh
zalimlerine,to1elmlrybo1h
zalimlerin,to1elmlrko3
zâlimlerin,to1elmlrko3
zalimleri,to1elmlry
zalimlerle,to1elmlrlh
zalimler,to1elmlr
zalimliğini,to1elmlko7bo1y
zalimlik,to1elmlk
zâlimlik,to1elmlk
zali̇m,to1elm
zalim,to1elm
zâlim,to1elm
zâl'in,do1elko3
zâl'i,ro1ely
zal,ro1el
zâl,ro1el
zalûmiyettir,to1lwmybo2dr
zalûm,to1lwm
zalûm-u,to1lwmu4
zamaim,zo1mebo5m
zamâim,zo1mebo5m
zamairindeki,zo1meyo5rbo1dh||ky
zamana,ro1mebo1h
zamanca,ro1mebo1xu1h
zamandaki,ro1mebo1dh||ky
zamandanberi,ro1mebo1dbo1 bu1ry
zamandan,ro1mebo1dbo1
zamanda,ro1mebo1dh
zamandır,ro1mebo1dr
zamanen,ro1mebo1o44e
zamane,ro1mebo1h||
zamâne,ro1mebo1h
zamanıdır,ro1mebo1ydr
zaman-i hal,ro1o4mo4ebo1u4 xo4elo0
zaman-i hâl,ro1o4mo4ebo1u4 xo4elo0
zaman-ı hal,ro1o4mo4ebo1u4 xo4elo0
zaman-ı hâl,ro1o4mo4ebo1u4 xo4elo0
zaman-i hazir,ro1o4mo4ebo1u4 xo4ezo1u4ro0
zaman-i hâzir,ro1o4mo4ebo1u4 xo4ezo1u4ro0
zaman-ı hazır,ro1o4mo4ebo1u4 xo4ezo1u4ro0
zaman-ı hâzır,ro1o4mo4ebo1u4 xo4ezo1u4ro0
zamanıma,ro1mebo1mh
zamanımdaki,ro1mebo1mdh||ky
zamanımda,ro1mebo1mdh
zamanımın,ro1mebo1mko3
zamanımı,ro1mebo1my
zamanımıza,ro1mebo1mro1h
zamanımızdaki,ro1mebo1mro1dh||ky
zamanımızdan,ro1mebo1mro1dbo1
zamanımızda,ro1mebo1mro1dh
zamanımızın,ro1mebo1mro1ko3
zamanımızı,ro1mebo1mro1y
zamanımız,ro1mebo1mro1
zamanım,ro1mebo1m
zamanina,ro1mebo1bo1e
zamanına,ro1mebo1bo1h
zamanındaki,ro1mebo1bo1dh||ky
zamanından,ro1mebo1bo1dbo1
zamanında,ro1mebo1bo1dh
zamanının,ro1mebo1bo1ko3
zamanını,ro1mebo1bo1y
zamanın,ro1mebo1ko3
zaman-ı,ro1mebo1u4
zamanî,ro1mebo1y
zamanı,ro1mebo1y
zaman-i vahi̇d,ro1o4mo4ebo1u4 wo4exu4do0
zaman-ı vahid,ro1o4mo4ebo1u4 wo4exu4do0
zamân-i vâhid,ro1o4mo4ebo1u4 wo4exu4do0
zamân-ı vâhid,ro1o4mo4ebo1u4 wo4exu4do0
zamaniyede,ro1mebo1yh||dh
zamaniyenin,ro1mebo1yh||bo1ko3
zamaniye,ro1mebo1yh
zamanıyla,ro1mebo1ylh
zamanki,ro1mebo1ky
zamanlara,ro1mebo1lrh
zamanlarca,ro1mebo1lrxu1h
zamanlardaki,ro1mebo1lrdh||ky
zamanlardan,ro1mebo1lrdbo1
zamanlarda,ro1mebo1lrdh
zamanlarıma,ro1mebo1lrymh
zamanlarımda,ro1mebo1lrmdh
zamanlarımı,ro1mebo1lrymy
zamanlarım,ro1mebo1lrm
zamanlarına,ro1mebo1lrybo1h
zamanlarındaki,ro1mebo1lrbo1dh||ky
zamanlarında,ro1mebo1lrbo1dh
zamanlarının,ro1mebo1lrybo1ko3
zamanlarını,ro1mebo1lrybo1y
zamanlarınızı,ro1mebo1lryko3ro1y
zamanların,ro1mebo1lrko3
zamanları,ro1mebo1lry
zamanlarıyla,ro1mebo1lrylh
zamanlarla,ro1mebo1lrlh
zamanla,ro1mebo1lh
zamanlar,ro1mebo1lr
zaman,ro1mebo1
zamân,ro1mebo1
zamansın,ro1mebo1sko3
zamansız,ro1mebo1sro1
zambak,ro1bo1bu1fo2
zamimeten,zo1mbu2mho2
zamimeten,zo1mymho2
zamîme,zo1mbu2mh
zamime,zo1mymh||
zâmindir,zo1embo1dr
zamin,zo1embo1
zâmin,zo1embo1
zamirdir,zo1myrdr
zamire,zo1myrh
zamirinden,zo1myrbo1dbo1
zamirinde,zo1myrbo1dh
zamirine,zo1myrybo1h
zamirinin,zo1myrybo1ko3
zamirin,zo1myrko3
zamir-i,zo1myru4
zamiri,zo1myry
zamir-ül,zo1myr el
zamir,zmbu2r
zamir,zmyr
zamir,zo1mbu2r
zamîr,zo1mbu2r
zamir,zo1myr
zamîr,zo1o4mu4bu2ro0
zami̇r,zo1o4mu4yro0
zamir,zo1o4mu4yro0
zamk ile yapıştırmak,zmao1 ebu2lh bu2ebu3so3drmfo2
zamk ile yapıştırmak,zmao1 eylh yebu3so3drmfo2
zamklamak,zo1mao1lemfo2
zamklanmak,zo1mao1lebo1mfo2
zamklan,zo1mao1lebo1
zamklatmak,zo1mao1lebo2mfo2
zamklat,zo1mao1lebo2
zamkla,zo1mao1le
zamklı,zo1mao1ly
zamk,zo1mao1
zammederdim,zo1m eydrdm
zammedilince,zo1mo8 eydylbo1xu1h
zammedilse,zo1mo8 eydylsh
zammedince,zo1mo8 eydbo1xu1h
zamm etmek,zo1m e
zammetmek,zo1m ebu2bo2mk
zammetmek,zo1m eybo2mk
zammet,zo1m eybo2
zammeyi,zo1mo8h||yy
zamme,zo1mh
zamme,zo1mh||
zammıyla,zo1mo8ylh
zammı,zo1mo8y
zamm,zo1m
zamparalık,ro1bo1bu3erh<>lfo2
zamparalık,ro1bo1bu3erh||lfo2
zamparalık,ro1bo1bu3erh lfo2
zamparalık,ro1bo1bu3erh lk
zamparalıkta gezmek,ro1bo1bu3erh lkdh kro1mk
zampara,ro1bo1bu3erh
zampara,ro1bo1bu3erh||
zampara,ro1bo1bu3ero1h
zampara,ro1bo1bu3ero1h||
za’m,ro1am
zam,zo1m
zam,zo1o4mo0
zanaat,zbo1eabo2
zanbak,ro1bo1bu1fo2
zandan,to1bo1dbo1
zanda,to1bo1dh
zandır,to1bo1dr
zangırdamak,ro1ebo1ao1bu2rdemfo2
zangırdamak,ro1ebo1ao1yrdemfo2
zangırda,ro1ebo1ao1yrde
zangırzangır,ro1ebo1ao1bu2r||ro1ebo1ao1bu2r
zangırzangır,ro1ebo1ao1yr<>ro1ebo1ao1yr
zanîn,to1bo1bu2bo1
zanin,to1bo1ybo1
zani,ro1ebo1y
zâni,ro1ebo1y
zânî,ro1ebo1y
zâniyye,ro1ebo1bu2h
zaniyye,ro1ebo1yh||
zanlara,to1bo1lrh
zanlardan,to1bo1lrdbo1
zanlarına,to1bo1lrybo1h
zanlarından,to1bo1lrbo1dbo1
zanlarının,to1bo1lrybo1ko3
zanlarını,to1bo1lrybo1y
zanların,to1bo1lrko3
zanları,to1bo1lry
zanlarıyla,to1bo1lrylh
zanlar,to1bo1lr
zanla,to1bo1lh
zanlı,to1bo1ly
zanna,to1bo1o8h
zannedecek,to1bo1 eydh||xu1k
zannedenlerin,to1bo1 eydbo1lrko3
zannedenler,to1bo1 eydbo1lr
zanneden,to1bo1 eydbo1
zannederdik,to1bo1 eydrdk
zannederdim,to1bo1 eydrdm
zannederek,to1bo1 eydh||rk
zannederim,to1bo1 eydrm
zannederler,to1bo1 eydrlr
zannedersem,to1bo1o8 eydrsh||m
zannederse,to1bo1 eydrsh
zannedersiniz,to1bo1 eydrsko3ro1
zannedersin,to1bo1 eydrsko3
zanneder,to1bo1 eydr
zannedildiğinden,to1bo1 eydyldyko7bo1dbo1
zannedildiğine,to1bo1 eydyldyko7bo1h
zannedildiği,to1bo1 eydyldyko7y
zannedildi,to1bo1 eydyldy
zannedileceğini,to1bo1 eydylh||xu1ko7bo1y
zannedilen,to1bo1 eydylbo1
zannedilerek,to1bo1 eydylh||rk
zannedilirdi,to1bo1 eydylyrdy
zannedilirler,to1bo1 eydylyrlr
zannedilir,to1bo1 eydylyr
zannediliyordu,to1bo1 eydylyywrdy
zannediliyor,to1bo1 eydylyywr
zannedilmekle,to1bo1o8 eydylmklh
zannedilmiştir,to1bo1 eydylmso3dr
zannedilmiş,to1bo1 eydylmso3
zannedip,to1bo1 eydwbu1
zannediyordum,to1bo1 eydyywrdm
zannediyorlar,to1bo1 eydyywrlr
zannediyorsun,to1bo1 eydyywrsko3
zannediyorsunuz,to1bo1 eydywrsko3ro1
zannediyor,to1bo1 eydyywr
zannediyorum,to1bo1 eydyywrm
zannediyoruz,to1bo1 eydyywrro1
zannetmektedir,to1bo1 eybo2mkdh||dr
zannetmektir,to1bo1 eybo2mkdr
zann etmek,to1bo1 e
zannetmek,to1bo1 ebu2bo2mk
zannetmek,to1bo1 eybo2mk
zannetmeleridir,to1bo1 eybo2mh||lrydr
zannetmelerini,to1bo1o8 eybo2mh||lrybo1y
zannetmeliyiz,to1bo1o8 eybo2mh||ly||yro1
zannetmesinler,to1bo1 eybo2mh||sybo1lr
zannetmesin,to1bo1 eybo2mh||sybo1
zannetmesi,to1bo1 eybo2mh||sy
zannetme,to1bo1 eybo2mh
zannetmeyiniz,to1bo1 eybo2mh||yko3ro1
zannetmişlerdir,to1bo1 eybo2mso3lrdr
zannetmişler,to1bo1 eybo2mso3lr
zannetmiştik,to1bo1 eybo2mso3dk
zannetmiştim,to1bo1 eybo2mso3dm
zannetmiş,to1bo1 eybo2mso3
zannetmiyorlar,to1bo1 eybo2myywrlr
zannetmiyor,to1bo1 eybo2myywr
zannetmiyorum,to1bo1 eybo2myywrm
zannetse,to1bo1 eybo2sh
zannettiğimiz,to1bo1 eybo2dyko7mro1
zannettiğim,to1bo1 eybo2dyko7m
zannettiğinden,to1bo1o8 eybo2dyko7bo1dbo1
zannettiğiniz,to1bo1 eybo2dyko7ko3ro1
zannettiğin,to1bo1 eybo2dyko7ko3
zannettiği,to1bo1 eybo2dyko7y
zannettiklerinden,to1bo1 eybo2dklrbo1dbo1
zannettikleri,to1bo1 eybo2dklry
zannettik,to1bo1 eybo2dk
zannettiler,to1bo1 eybo2dylr
zannettim,to1bo1 eybo2dm
zannettirerek,to1bo1 eybo2dyrh||rk
zannettirip,to1bo1 eybo2dyrwbu1
zannettirir,to1bo1 eybo2dyrr
zannetti,to1bo1 eybo2dy
zannet,to1bo1 eybo2
zann-ı batıl,to1bo1 bu1etl
zann-ı bâtıl,to1bo1 bu1etl
zannîden,to1bo1o8ydbo1
zann-i kabul-ü cumhur,to1o4bo1u4o8 fo2o4bu1o9wlo9 xu1o9mo0ho9wro0
zann-i kabûl-ü cumhûr,to1o4bo1u4o8 fo2o4bu1o9wlo9 xu1o9mo0ho9wro0
zann-ı kabul-ü cumhur,to1o4bo1u4o8 fo2o4bu1o9wlo9 xu1o9mo0ho9wro0
zann-ı kabûl-ü cumhûr,to1o4bo1u4o8 fo2o4bu1o9wlo9 xu1o9mo0ho9wro0
zannımca,to1bo1o8mxu1h
zannımı,to1bo1o8my
zannımıza,to1bo1o8mro1h
zannımızca,to1bo1o8mro1xu1h
zannımız,to1bo1o8mro1
zannına,to1bo1o8bo1h
zannınca,to1bo1o8bo1xu1h
zannında,to1bo1o8bo1dh
zannındayım,to1bo1o8bo1dh||ym
zannının,to1bo1o8bo1ko3
zannını,to1bo1o8bo1y
zannınıza,to1bo1o8ko3ro1h
zannınızın,to1bo1o8ko3ro1ko3
zannınızı,to1bo1o8ko3ro1y
zannınızla,to1bo1ko3ro1lh
zannınız,to1bo1o8ko3ro1
zannın,to1bo1o8ko3
zann-ı,to1bo1o8u4
zannî,to1bo1o8y
zannı,to1bo1o8y
zanni,to1bo1y
zannî,to1bo1y
zannıyla,to1bo1o8ylh
zanniyle,to1bo1o8ylh
zannolunan,to1bo1 ewlwbo1ebo1
zann olunmak,to1bo1 ewlbo1mfo2
zannolunmasın,to1bo1 ewlbo1msybo1
zannolunması,to1bo1 ewlbo1msy
zann,to1bo1
zan,to1bo1
zanu,ro1ebo1w
zânû,ro1ebo1w
zapsu,to1bu1zw
zaptederek,zo1bu1t eydh||rk
zaptedilir,zo1bu1t eydylyr
zaptedilmemesi,zo1bu1t eydylmh||msy
zaptedilsin,zo1bu1t eydylsybo1
zaptediyorlar,zo1bu1t eydyywrlr
zaptetmek,zo1bu1t ebu2bo2mk
zaptetmek,zo1bu1t eybo2mk
zaptet,zo1bu1t eybo2
zaptiye kavâsı,zo1bu1tbu2h fo2wezy
zaptiye kavası,zo1bu1tyh fo2wezy
zaptiye memûru,zo1bu1tbu2h meo5mwry
zaptiye memuru,zo1bu1tyh meo5mwry
zaptiye,zo1bu1tbu2h
zaptıye,zo1bu1tbu2h
zaptiye,zo1bu1tyh||
zaptıye,zo1bu1tyh||
zapturabt,zo1bu1t wrbu1t
zapt,zo1bu1t
zarafetidir,to1refo1bo2ydr
zarafetimi,to1refo1bo2my
zarafeti,to1refo1bo2y
zarafetlerini,to1refo1bo2lrybo1y
zarafet,to1refo1bo2
zarâfet,to1refo1bo2
zarara,zo1rrh
zarardandır,zo1rrdbo1dr
zarardan,zo1rrdbo1
zarardîdeyiz,zo1rrdydh||yro1
zarardide,zo1rrdydh||
zarardîde,zo1rrdydh
zarardır,zo1rrdr
zarardı,zo1rrdy
zarar etmek,zo1rre
zarar etmiş,zo1rrebu2bo2mso3
zarar etmiş,zo1rreybo2mso3
zararımıza,zo1rrymro1h
zararımızdan,zo1rrymro1dbo1
zararımızı,zo1rrymro1y
zararımı,zo1rrymy
zararımız,zo1rrymro1
zararım,zo1rrm
zararına,zo1rrybo1h
zararından,zo1rrbo1dbo1
zararını,zo1rrybo1y
zararınız,zo1rryko3ro1
zararın,zo1rrko3
zararı olmak,zo1rry ew
zararıyla,zo1rrylh
zararı yok,zo1rry bu2wfo2
zararı yok,zo1rry ywfo2
zarar-ı,zo1rru4
zararı,zo1rry
zararlara,zo1rrlrh
zararlardan,zo1rrlrdbo1
zararlarına,zo1rrlrybo1h
zararlarından,zo1rrlrbo1dbo1
zararlarında,zo1rrlrbo1dh
zararlarını,zo1rrlrybo1y
zararların,zo1rrlrko3
zararlarıyla,zo1rrlrylh
zararları,zo1rrlry
zararlar,zo1rrlr
zararla,zo1rrlh
zararlıdır,zo1rrlydr
zararlı,zo1rrlw
zararlı,zo1rrly
zara,ro1ere
zâra,ro1ere
zararsızdırlar,zo1rrsro1drlr
zararsızdır,zo1rrsro1dr
zararsız,zo1rrsro1
zarar yok,zo1rrbu2wfo2
zarar yok,zo1rrywfo2
zarar,zo1rr
zarar,zrr
zarbhane,zo1rbu1 xo1ebo1h||
zarbhâne,zo1rbu1 xo1ebo1h
zarb,zo1rbu1
zarfda,to1rfo1dh
zarfına,to1rfo1bo1h
zarfına,to1rfo1bo1h||
zarfındaki,to1rfo1bo1dh||ky
zarfından,to1rfo1bo1dbo1
zarfında,to1rfo1bo1dh
zarfında,to1rfo1bo1dh||
zarfının,to1rfo1bo1ko3
zarfını,to1rfo1bo1y
zarf-ı,to1rfo1u4
zarfı,to1rfo1y
zarfiyeti,to1rfo1ybo2y
zarfiyetten,to1rfo1ybo2dbo1
zarfiyet,to1rfo1ybo2
zarfıyla,to1rfo1ylh
zarfiyyet,to1rfo1bu2bo2
zarfiyyet,to1rfo1ybo2
zarfları,to1rfo1lry
zarflar,to1rfo1lr
zarfta,to1rfo1dh
zarftır,to1rfo1dr
zarf,to1o4ro0fo1o0
zarf,to1rfo1
zarifane,to1ryfo1ebo1h||
zarîfâne,to1ryfo1ebo1h
zarifi,to1ryfo1y
zariflik,to1rbu2fo1lk
zariflik,to1ryfo1lk
zarîf,to1o4rbu2fo1o0
zari̇f,to1o4r۪yfo1o0
zarif,to1o4r۪yfo1o0
zarif,to1rbu2fo1
zarîf,to1rbu2fo1
zarif,to1ryfo1
zarîf,to1ryfo1
zarif-üt,to1ryfo1 el
zari',ro1era
zari’,ro1era
zâri',ro1era
zari,ro1ery
zâri,ro1ery
zârî,ro1ery
zârız,ro1erro1
zar,ro1er
zâr,ro1er
zarta,zo1rth
zarta,zo1rth||
zaruratı,zo1rwrebo2y
zarurat,zo1rwrebo2
zarûrât,zo1rwrebo2
zarure-i,zo1rwrh'u4
zarureten,zo1rwrho2o44
zarurete,zo1rwrbo2h
zaruretinden,zo1rwrbo2bo1dbo1
zaruretine,zo1rwrbo2bo1h
zaruretinizden,zo1rwrbo2ko3ro1dbo1
zaruretin,zo1rwrbo2ko3
zaruretiyle,zo1rwrbo2ylh
zarûret-i zihniye,zo1o4ro9wro4bo2u4 do1u4ho0bo1u4bu2o4h
zaruret-i̇ zi̇hni̇ye,zo1o4ro9wro4bo2u4 do1u4ho0bo1u4yo4h||
zaruret-i zihniye,zo1o4ro9wro4bo2u4 do1u4ho0bo1u4yo4h||
zaruret-i,zo1rwrbo2u4
zarureti,zo1rwrbo2y
zaruretler,zo1rwrbo2lr
zaruretle,zo1rwrbo2lh
zaruretsiz,zo1rwrbo2sro1
zaruretten,zo1rwrbo2dbo1
zarurette,zo1rwrbo2dh
zarurettir,zo1rwrbo2dr
zaruret,zo1o4ro9wro4bo2o0
zarûret,zo1o4ro9wro4bo2o0
zaruret,zo1rwrbo2
zarûret,zo1rwrbo2
zaruridir,zo1rwrydr
zarurîdir,zo1rwrydr
zarurîlerini,zo1rwrylrybo1y
zarurîsidir,zo1rwrysydr
zarurîsi,zo1rwrysy
zaruriyata,zo1rwryebo2h
zaruriyatındandırlar,zo1rwryebo2bo1dbo1drlr
zaruriyatından,zo1rwryebo2bo1dbo1
zaruriyatını,zo1rwryebo2bo1y
zaruriyatın,zo1rwryebo2ko3
zaruriyat-ı,zo1rwryebo2u4
zaruriyatı,zo1rwryebo2y
zaruriyattan,zo1rwryebo2dbo1
zaruriyatta,zo1rwryebo2dh
zaruriyat,zo1rwryebo2
zaruriyeden,zo1rwryh||dbo1
zaruriyedir,zo1rwryh||dr
zaruriye-i,zo1rwryh'u4
zaruriyeleri,zo1rwryh||lry
zaruriyenizi,zo1rwryh||ko3ro1y
zaruriyesidir,zo1rwryh||sydr
zaruriyesinde,zo1rwryh||sbo1dh
zaruriyesine,zo1rwryh||sbo1h
zaruriyesi,zo1rwryh||sy
zaruriyet-i,zo1rwrybo2u4
zaruriyeye,zo1rwryh||yh
zaruriyeyi,zo1rwryh||yy
zaruriye,zo1rwryh
zarurîyi,zo1rwry||yy
zaruriyyat,zo1rwryebo2
zarûriyyât,zo1rwryebo2
zaruriyyedir,zo1rwryh||dr
zaruriyye-i,zo1rwryh'u4
zaruriyyeleri,zo1rwryh||lry
zarûrî,zo1o4ro9wrbu2
zaruri̇,zo1o4ro9wr۪y
zaruri,zo1o4ro9wr۪y
zaruri,zo1rwry
zarurî,zo1rwry
zarûrî,zo1rwry
zarzor,ro1erro1wr
zâta,do1ebo2h
zat,do1ebo2
zât,do1ebo2
zat,do1o4ebo2o0
zaten,do1ebo2e
zâten,do1ebo2e
zaten,do1ebo2eo44
zâten,do1ebo2eo44
zaten,do1ebo2o44e
zâten,do1ebo2o44e
zat-i akdes,do1o4ebo2u4 eo4fo2o0do4so0
zat-ı akdes,do1o4ebo2u4 eo4fo2o0do4so0
zât-i akdes,do1o4ebo2u4 eo4fo2o0do4so0
zât-ı akdes,do1o4ebo2u4 eo4fo2o0do4so0
zât-ı âlîleri,do1ebo2 aelbu2lry
zat-ı alileri,do1ebo2 aelylry
zâtîden,do1ebo2ydbo1
zat-ı devletleri,do1ebo2 dwlbo2lry
zât-ı devletleri,do1ebo2 dwlbo2lry
zâtîdir,do1ebo2ydr
zâtıdır,do1ebo2ydr
zât-ı,do1ebo2u4
zati,do1ebo2y
zâtî,do1ebo2y
zâtı,do1ebo2y
zâtî,do1o4ebo2bu2
zati̇,do1o4ebo2۪y
zati,do1o4ebo2۪y
zat-i ehad-i̇ samed,do1o4ebo2u4 eo4xo4du4 zo4mo4do0
zat-ı ehad-i samed,do1o4ebo2u4 eo4xo4du4 zo4mo4do0
zât-i ehad-i samed,do1o4ebo2u4 eo4xo4du4 zo4mo4do0
zât-ı ehad-i samed,do1o4ebo2u4 eo4xo4du4 zo4mo4do0
zât-ı fazîlet-maableri,do1ebo2 fo1zo1bu2lbo2meo5 bu1lry
zat-ı fazilet-maableri,do1ebo2 fo1zo1ylbo2meo5 bu1lry
zât-i hayy-i kayyum,do1o4ebo2u4 xo4bu2u4o8 fo2o4bu2o9o8wmo0
zât-ı hayy-ı kayyum,do1o4ebo2u4 xo4bu2u4o8 fo2o4bu2o9o8wmo0
zat-i hayy-i kayyum,do1o4ebo2u4 xo4yu4o8 fo2o4yo9o8wmo0
zat-ı hayy-ı kayyum,do1o4ebo2u4 xo4yu4o8 fo2o4yo9o8wmo0
zâtî-i,do1ebo2yo5u4
zâtına,do1ebo2bo1h
zâtındadır,do1ebo2bo1dh||dr
zâtında,do1ebo2bo1dh
zâtındaki,do1ebo2bo1dh||ky
zâtından,do1ebo2bo1dbo1
zâtındır,do1ebo2ko3dr
zatın,do1ebo2ko3
zâtın,do1ebo2ko3
zâtını,do1ebo2bo1y
zâtının,do1ebo2bo1ko3
zâtînin,do1ebo2ybo1ko3
zâtınıza,do1ebo2ko3ro1h
zâtınızdan,do1ebo2ko3ro1dbo1
zâtınız,do1ebo2ko3ro1
zâtınızı,do1ebo2ko3ro1y
zâtınızın,do1ebo2ko3ro1ko3
zâtîsidir,do1ebo2ysydr
zâtîsi,do1ebo2ysy
zâtîsinden,do1ebo2ysbo1dbo1
zâtîsine,do1ebo2ysbo1h
zâtîsini,do1ebo2ysbo1y
zâtisiyle,do1ebo2ysylh
zâtîsiyle,do1ebo2ysylh
zât-ı utûfîleri,do1ebo2 atwfo1bu2lry
zat-ı utufileri,do1ebo2 atwfo1ylry
zâtiyede,do1ebo2yh||dh
zâtiyedir,do1ebo2yh||dr
zâtiye,do1ebo2yh
zâtîye,do1ebo2y||yh
zâtiye,do1o4ebo2u4bu2o4h
zati̇ye,do1o4ebo2u4yo4h||
zatiye,do1o4ebo2u4yo4h||
zâtiye-i,do1ebo2yh'u4
zâtiyeleri,do1ebo2yh||lry
zâtiyelerimizden,do1ebo2yh||lrymro1dbo1
zâtiyelerini,do1ebo2yh||lrybo1y
zâtiyenin,do1ebo2yh||bo1ko3
zâtiyesidir,do1ebo2yh||sydr
zâtiyesi,do1ebo2yh||sy
zâtiyesinden,do1ebo2yh||sbo1dbo1
zâtiyesine,do1ebo2yh||sbo1h
zâtiyesini,do1ebo2yh||sbo1y
zâtiyesinin,do1ebo2yh||sbo1ko3
zâtiyesiyle,do1ebo2yh||sylh
zâtiyeye,do1ebo2yh||yh
zâtiyeyi,do1ebo2yh||yy
zâtîyi,do1ebo2y||yy
zâtıyla,do1ebo2ylh
zâtiyle,do1ebo2ylh
zâtiyyede,do1ebo2yh||dh
zâtiyyedir,do1ebo2yh||dr
zâtiyye,do1ebo2yh
zâtiyyenin,do1ebo2yh||bo1ko3
zâtiyyesidir,do1ebo2yh||sydr
zâtiyyesinin,do1ebo2yh||sbo1ko3
zâtiyyeye,do1ebo2yh||yh
zâtiyyeyi,do1ebo2yh||yy
zat-i zülcelal,do1o4ebo2u4 do1o9welo0xu1o4lo4elo0
zat-ı zülcelal,do1o4ebo2u4 do1o9welo0xu1o4lo4elo0
zât-i zülcelâl,do1o4ebo2u4 do1o9welo0xu1o4lo4elo0
zât-ı zülcelâl,do1o4ebo2u4 do1o9welo0xu1o4lo4elo0
zâtla,do1ebo2lh
zâtlara,do1ebo2lrh
zâtlarca,do1ebo2lrxu1h
zâtlarda,do1ebo2lrdh
zâtlardaki,do1ebo2lrdh||ky
zâtlardan,do1ebo2lrdbo1
zatlar,do1ebo2lr
zâtlar,do1ebo2lr
zatları,do1ebo2lry
zâtları,do1ebo2lry
zâtlarına,do1ebo2lrybo1h
zâtlarında,do1ebo2lrbo1dh
zâtlarındaki,do1ebo2lrbo1dh||ky
zâtlarından,do1ebo2lrbo1dbo1
zatların,do1ebo2lrko3
zâtların,do1ebo2lrko3
zâtlarla,do1ebo2lrlh
zâtta,do1ebo2dh
zâttaki,do1ebo2dh||ky
zâttan,do1ebo2dbo1
zâttır,do1ebo2dr
zât-ül-beynlerini ıslâh etmek,do1ebo2 elbu1bu2bo1lrbu2bo1y ezlex e
zat-ül-beynlerini ıslah etmek,do1ebo2 elbu1ybo1lrybo1y ezlex e
zatülcenb,do1ebo2 elxu1bo1bu1
zâtülcenb,do1ebo2 elxu1bo1bu1
zat-ül-cenp (satlıcan),do1ebo2 elxu1bo1bu1
zât-ül-cenp (satlıcan),do1ebo2 elxu1bo1bu1
zatürrie,do1ebo2 elrbo5h||
zâtürrie,do1ebo2 elrbo5h
zavahir,to1wehr
zavâhir,to1wehr
zavallılardan,ro1wellylrdbo1
zavallıların,ro1wellylrko3
zavallıları,ro1wellylry
zavallılar,ro1wellylr
zavallının,ro1wellybo1ko3
zavallı,ro1wellw
zavallı,ro1welly
zaviye-i,ro1ewyh'u4
zaviyelerin,ro1ewyh||lrko3
zâviye,ro1ewbu2h
zaviye,ro1ewyh
zaviye,ro1ewyh||
zâviye,ro1ewyh
zaviyeyi,ro1ewyh||yy
zâviyye-i hâdde,ro1ewbu2h xedh
zaviyye-i hadde,ro1ewyh xedh||
zâviyye,ro1ewbu2h
zaviyye,ro1ewyh||
zav',zo1wc
zav’,zo1wc
zayiata,zo1eyaebo2h
zayiatımdan,zo1eyaebo2mdbo1
zayiatımız,zo1eyaebo2mro1
zayiatını,zo1eyaebo2bo1y
zâyiatını,zo1eyaebo2bo1y
zayiatın,zo1eyaebo2ko3
zayiat-ı,zo1eyaebo2u4
zayiatı,zo1eyaebo2y
zayiatları,zo1eyaebo2lry
zayiatlar,zo1eyaebo2lr
zayiatla,zo1eyaebo2lh
zayiattır,zo1eyaebo2dr
zâyiât,zo1ebu2aebo2
zayi'at,zo1eyaebo2
zayi’at,zo1eyaebo2
zayiat,zo1eyaebo2
zâyi'ât,zo1eyaebo2
zâyiât,zo1o4ebu2u4ao4ebo2o0
zayi̇at,zo1o4eyu4ao4ebo2o0
zayiat,zo1o4eyu4ao4ebo2o0
zayie,zo1eyah
zayıfa,zo1ayfo1h
zayıf bırakmak,zo1abu2fo1 bu1refo2mfo2
zayıf bırakmak,zo1ayfo1 bu1refo2mfo2
zayıfladığı,zo1ayfo1ledyao1y
zayıflamak,zo1abu2fo1lemfo2
zayıflamak,zo1ayfo1lemfo2
zayıflaması,zo1ayfo1lemsy
zayıflamış,zo1ayfo1lemso3
zayıflarına,zo1ayfo1lrybo1h
zayıflar,zo1ayfo1lr
zayıflaştırır,zo1ayfo1lso3dyrr
zayıflatmakta,zo1ayfo1lebo2mfo2dh
zayıflatmak,zo1abu2fo1lbo2mfo2
zayıflatmak,zo1abu2fo1lebo2mfo2
zayıflatmak,zo1ayfo1lbo2mfo2
zayıflatmak,zo1ayfo1lebo2mfo2
zayıflat,zo1ayfo1lebo2
zayıfla,zo1ayfo1le
zayıflık,zo1abu2fo1lfo2
zayıflık,zo1ayfo1lfo2
zayıflık,zo1ayfo1lk
zayıftırlar,zo1ayfo1drlr
zayıftır,zo1ayfo1dr
zayıf,zo1abu2fo1
zayıf,zo1ayfo1
zâyî,zo1ebu2a
zayi̇,zo1eya
zayi,zo1eya
zayi',zo1eya
zayi’,zo1eya
zâyi,zo1eya
zâyi',zo1eya
zâyi',zo1o4ebu2u4ao0
zayi̇',zo1o4eyu4ao0
zayi',zo1o4eyu4ao0
z,do1
zeamet,ro1aembo2
zebandırazlık,ro1bu1ebo1drero1lfo2
zebandıraz,ro1bu1ebo1 drero1
zebândıraz,ro1bu1ebo1 drero1
zebanekeş,ro1bu1ebo1h kso3
zebânekeş,ro1bu1ebo1h kso3
zebane,ro1bu1ebo1h||
zebâne,ro1bu1ebo1h
zebaneş,ro1bu1ebo1so3
zebanıdır,ro1bu1ebo1ydr
zebânıdır,ro1bu1ebo1ydr
zebaniler,ro1bu1ebo1ylr
zebanımdır,ro1bu1ebo1mdr
zeban-i,ro1bu1ebo1u4
zebani,ro1bu1ebo1y
zebanı,ro1bu1ebo1y
zebânî,ro1bu1ebo1y
zebânî,ro1o4bu1o4ebo1bu2
zebani̇,ro1o4bu1o4ebo1۪y
zebani,ro1o4bu1o4ebo1۪y
zebanisi,ro1bu1ebo1ysy
zeban,ro1bu1ebo1
zebân,ro1bu1ebo1
zebanzeddir,ro1bu1ebo1ro1ddr
zebanzed-i,ro1bu1ebo1o0ro1du4
zebanzed,ro1bu1ebo1ro1d
zebânzed,ro1bu1ebo1ro1d
ze'b,do1eo5bu1
zebeddir,ro1bu1ddr
zebed,ro1bu1d
zebellâ,ro1bu2lle
zebella,ro1ylle
zebercedi,ro1bu1rxu1dy
zebercedî,ro1bu1rxu1dy
zeberced,ro1bu1rxu1d
zebercet,ro1bu2rxu1h
zebercet,ro1yrxu1h||
zeber,ro1bu1r
zebh,do1bu1x
zebh etmek,do1bu1x e
zebhi,do1bu1xy
zebib,ro1bu1ybu1
zebîh,do1bu1bu2x
zebih,do1bu1x
zebih,do1bu1yx
zebîl,ro1bu1bu2l
zebil,ro1bu1yl
zebunküşlük,ro1bu1wbo1kso3lk
zebunküş,ro1bu1wbo1kso3
zebunluk,ro1bu1wbo1lfo2
zebun,ro1bu1wbo1
zebûn,ro1bu1wbo1
zebunu,ro1bu1wbo1y
zebur'dan,ro1bu1wrdbo1
zebur'da,ro1bu1wrdh
zebur'la,ro1bu1wrlh
zebur,ro1bu1wr
zebur'un,ro1bu1wrko3
zecirde,ro1xu1rdh
zecirkârane,ro1xu1rkerebo1h
zeci̇r,ro1o4xu1u4ro0
zecir,ro1o4xu1u4ro0
zecir,ro1xu1r
zecreden,ro1xu1r eydbo1
zecreder,ro1xu1r eydr
zecredip,ro1xu1r eydwbu1
zecrediyor,ro1xu1r eydyywr
zecren,ro1xu1ro44e
zecre,ro1xu1rh
zecr etmek,ro1xu1re
zecrettiğini,ro1xu1r eybo2dyko7bo1y
zecrin,ro1xu1rko3
zecr-i,ro1xu1ru4
zecri,ro1xu1ry
zecrî,ro1xu1ry
zecr,ro1xu1r
zedelediğini,ro1dh||ldyko7bo1y
zedelemek,ro1dh||lh||mk
zedelemek,ro1dh<>lmk
zedelemek,ro1dh||lmk
zedelemek,ro1dh lmk
zedelememek,ro1dh||lh||mh||mk
zedelememektir,ro1dh||lh||mh||mkdr
zedelememiş,ro1dh||lh||mh||mso3
zedelemez,ro1dh||lh||mro1
zedelendi,ro1dh||lbo1dy
zedelenen,ro1dh||lh||bo1bo1
zedelenir,ro1dh||lbo1yr
zedelenmek,ro1dh<>lbo1mk
zedelenmek,ro1dh||lbo1mk
zedelenmemek,ro1dh||lbo1mh||mk
zedelenmesidir,ro1dh||lbo1mh||sydr
zedelenmesin,ro1dh||lbo1mh||sybo1
zedelenmesi,ro1dh||lbo1mh||sy
zedelenmesiyle,ro1dh||lbo1mh||sylh
zedelenmeyecek,ro1dh||lbo1myh||xu1k
zedelenmeyen,ro1dh||lbo1mh||ybo1
zedelenmez,ro1dh||lbo1mro1
zedelenmiş,ro1dh||lbo1mso3
zedelen,ro1dh<>lbo1
zedele,ro1dh<>l
zedeler,ro1dh||lr
zedeleyen,ro1dh||lh||ybo1
zedeliyordu,ro1dh||lyywrdy
zedeliyor,ro1dh||lyywr
zede,ro1dh
zede,ro1dh||
zedüşti,ro1rdso3bo2y
zedüştî,ro1rdso3bo2y
zefir,ro1fo1yr
zehaba,do1hebu1h
zehab,do1hebu1
zehâb,do1hebu1
zehabı,do1hebu1y
zehabın,do1hebu1ko3
zehabları,do1hebu1lry
zeheb,do1hbu1
zeheb-i,do1hbu1u4
zehebi,do1hbu1y
zehebî,do1hbu1y
zehir-âlûd,ro1hreo6lwd
zehir-baz,ro1hrbu1ero1
zehirbaz,ro1hrbu1ero1
zehirden,ro1hrdbo1
zehirdir,ro1hrdr
zehire,ro1hrh
zehirinden,ro1hrbo1dbo1
zehirine,ro1hrybo1h
zehirini,ro1hrybo1y
zehirin,ro1hrko3
zehiri,ro1hry
zehiriyle,ro1hrylh
zehirlediği,ro1hrlh||dyko7y
zehirlediklerini,ro1hrlh||dklrybo1y
zehirlediler,ro1hrlh||dylr
zehirlemek,ro1hrlh||mk
zehirlemek,ro1hrlmk
zehirlemektedirler,ro1hrlh||mkdh||drlr
zehirlemekten,ro1hrlh||mkdbo1
zehirlemelerin,ro1hrlmh||lrko3
zehirlemeye,ro1hyrlmh||yh
zehirlemişlerse,ro1hrlh||mso3lrsh
zehirlemiş,ro1hrlh||mso3
zehirlemiştir,ro1hrlh||mso3dr
zehirlendiğim,ro1hrlbo1dyko7m
zehirlendiği,ro1hrlbo1dyko7y
zehirlendim,ro1hrlbo1dm
zehirlendiren,ro1hrlbo1dyrbo1
zehirlendirir,ro1hrlbo1dyrr
zehirlendirmek,ro1hrlbo1dyrmk
zehirlendirmekten,ro1hrlbo1dyrmkdbo1
zehirlendirmeleri,ro1hrlbo1dyrmlry
zehirlendirmesi,ro1hrlbo1dyrmsy
zehirlendirmeye,ro1hrlbo1dyrmh||yh
zehirlenecekti,ro1hrlbo1h||xu1kdy
zehirlenen,ro1hrlbo1bo1
zehirlenerek,ro1hrlbo1h||rk
zehirlenip,ro1hrlbo1wbu1
zehirlenir,ro1hrlh||bo1yr
zehirlenmeden,ro1hrlbo1mh||dbo1
zehirlenmek,ro1hrlbo1mk
zehirlenmekten,ro1hrlbo1mkdbo1
zehirlenme,ro1hrlbo1mh
zehirlenmesi,ro1hrlbo1mh||sy
zehirlenmez,ro1hrlbo1mro1
zehirlenmiş,ro1hrlbo1mso3
zehirlerden,ro1hrlrdbo1
zehirlere,ro1hrlrh
zehirlerine,ro1hrlrybo1h
zehirlerin,ro1hrlrko3
zehirleri,ro1hrlry
zehirleriyle,ro1hrlrylh
zehirler,ro1hrlr
zehirlettirecek,ro1hrlbo2dyrh||xu1k
zehirleyecek,ro1hrlh||yh||xu1k
zehirleyen,ro1hrlh||ybo1
zehirlidir,ro1hrlydr
zehirli mantar,ro1hrlwmbo1bo2er
zehirli,ro1hrlw
zehirli,ro1hrly
zehirliyim,ro1hrly||ym
zehirliyorlar,ro1hrlyywrlr
zehirliyor,ro1hrlh||ywr
zehî,ro1hy
zehir,ro1hr
zehra'daki,ro1hredh||ky
zehra'da,ro1hredh
zehra'dır,ro1hredr
zehra-i,ro1hrecu4
zehra'ları,ro1hrelry
zehra'lar,ro1hrelr
zehr-âlûdu,ro1hreo6lwdy
zehra'nın,ro1hrebo1ko3
zehranın,ro1hrebo1ko3
zehra,ro1hre
zehrasıdır,ro1hresydr
zehra'sının,ro1hresbo1ko3
zehra'sı,ro1hresy
zehrası,ro1hresy
zehra'ya,ro1hreyh
zehra'yı,ro1hreyy
zehremisal,ro1hrh||mbo3el
zehre,ro1hrh
zehre,ro1hrh||
zehrhand,ro1hrxo1bo1d
zehrini,ro1hrybo1y
zehr-i,ro1hru4
zehrnak,ro1hrbo1ek
zehrnâk,ro1hrbo1ek
zehr,ro1hr
zekâca,do1kexu1h
zekâda,do1kedh
zeka,dke
zekâ,dke
zeka,do1ke
zekâ,do1ke
zekâ-ender,do1ke eo5bo1dr
zekâ-i,do1kecu4
zekâi,do1keyo5y
zekâi'nin,do1keyo5ybo1ko3
zekâinin,do1keyo5ybo1ko3
zekâi'sidir,do1keyo5ysydr
zekâi'yi,do1keyo5y||yy
zekâlara,do1kelrh
zekâlardan,do1kelrdbo1
zekâlar,do1kelr
zekâları,do1kelry
zekâlarıyla,do1kelrylh
zekâlı,do1kely
zekâm,do1kem
zekândır,do1keko3dr
zekân,do1keko3
zekânın,do1kebo1ko3
zekan,ro1fo2bo1
zekâsı,do1kesy
zekâsına,do1kesbo1h
zekâsında,do1kesbo1dh
zekâsını,do1kesbo1y
zekâsının,do1kesbo1ko3
zekâsıyla,do1kesylh
zekata,ro1kebo2h
zekat,do1kebo2
zekât,do1kebo2
zekatını,ro1kebo2bo1y
zekatın,ro1kebo2ko3
zekat-ı,ro1kebo2u4
zekatı,ro1kebo2y
zekatlarını,ro1kebo2lrybo1y
zekatları,ro1kebo2lry
zekatla,ro1kebo2lh
zekat,ro1kebo2
zekatta,ro1kebo2dh
zekattır,ro1kebo2dr
zekat-ül,ro1kebo2 el
zekavet,do1kewbo2
zekâvet,do1kewbo2
zekavet,do1o4ko4ewo4bo2o0
zekâvet,do1o4ko4ewo4bo2o0
zekâvet-i,do1kewbo2u4
zekâveti,do1kewbo2y
zekâvetimden,do1kewbo2mdbo1
zekâvetimiz,do1kewbo2mro1
zekâvetinde,do1kewbo2bo1dh
zekâvetin,do1kewbo2ko3
zekâvetiniz,do1kewbo2ko3ro1
zekâvetinize,do1kewbo2ko3ro1h
zekâvetiyle,do1kewbo2ylh
zekâvetleri,do1kewbo2lry
zekâvetlerinin,do1kewbo2lrybo1ko3
zekâvetleriyle,do1kewbo2lrylh
zekâvetli,do1kewbo2ly
zekâvetsiz,do1kewbo2sro1
zekâvette,do1kewbo2dh
zekâya,do1keyh
zekâ-yı,do1keyu4
zekâyı,do1keyy
zeker,do1kr
zekeriya'nın,ro1kryo8ebo1ko3
zekeriya,ro1kryo8e
zekeriyya-yı,ro1kryo8eyu4
zeki,do1ky
zekî,do1ky
zeki-gabî,do1ky ao1bu1y
zekiler,do1kylr
zekilere,do1kylrh
zekileri,do1kylry
zekilerin,do1kylrko3
zeki'nin,ro1ky||bo1ko3
zekisi,do1kysy
zekiyim,do1ky||ym
zeki'yi,ro1ky||yy
zelaka,do1lefo2h
zelâka,do1lefo2h
zelazil,ro1lero1l
zelâzil,ro1lero1l
zeliha'dan,ro1lyxo1edbo1
zeliha'nın,ro1o9lo4yo0xo1o4ebo1ko3
zelilane,do1lylebo1h
zelilâne,do1lylebo1h
zelîlâne,do1lylebo1h
zelildir,do1lyldr
zelildirler,do1lyldrlr
zelîl,do1lbu2l
zelil,do1lyl
zelîl,do1lyl
zelîl,do1o4lbu2lo0
zeli̇l,do1o4l۪ylo0
zelil,do1o4l۪ylo0
zelile,do1lylh
zelilî,do1lyly
zeliller,do1lyllr
zelillerin,do1lyllrko3
zelle,ro1lh
zelle,ro1lh||
zell,ro1l
zelzeleden,ro1lro1lh||dbo1
zelzele-i firak,ro1o4lo0ro1o4lo4u4 fo1u4ro4efo2o0
zelzele-i̇ fi̇rak,ro1o4lo0ro1o4lo4ۀu4 fo1u4ro4efo2o0
zelzele-i firak,ro1o4lo0ro1o4lo4ۀu4 fo1u4ro4efo2o0
zelzele-i,ro1lro1lh'u4
zelzele-i zeval-i dünya,ro1o4lo0ro1o4lo4u4 ro1o4wo4elu4 do9bo1o0bu2o4e
zelzele-i zevâl-i dünya,ro1o4lo0ro1o4lo4u4 ro1o4wo4elu4 do9bo1o0bu2o4e
zelzele-i̇ zeval-i̇ dünya,ro1o4lo0ro1o4lo4ۀu4 ro1o4wo4elu4 do9bo1o0yo4e
zelzele-i zeval-i dünya,ro1o4lo0ro1o4lo4ۀu4 ro1o4wo4elu4 do9bo1o0yo4e
zelzele-i zevâl ve firâk,ro1o4lo0ro1o4lo4u4 ro1o4wo4elo0 w fo1u4ro4efo2o0
zelzele-i zevâl ve firak,ro1o4lo0ro1o4lo4u4 ro1o4wo4elo0 w fo1u4ru4efo2o0
zelzele-i̇ zeval ve fi̇rak,ro1o4lo0ro1o4lo4ۀu4 ro1o4wo4elo0 w fo1u4ro4efo2o0
zelzele-i zeval ve firak,ro1o4lo0ro1o4lo4ۀu4 ro1o4wo4elo0 w fo1u4ro4efo2o0
zelzele-i̇ zeval ve fi̇rak,ro1o4lo0ro1o4lo4ۀu4 ro1o4wo4elo0 w fo1u4ru4efo2o0
zelzele-i zeval ve firak,ro1o4lo0ro1o4lo4ۀu4 ro1o4wo4elo0 w fo1u4ru4efo2o0
zelzelelendi,ro1lro1lh||lbo1dy
zelzelelerden,ro1lro1lh||lrdbo1
zelzelelere,ro1lro1lh||lrh
zelzelelerinden,ro1lro1lh||lrbo1dbo1
zelzelelerin,ro1lro1lh||lrko3
zelzeleleri,ro1lro1lh||lry
zelzelelerle,ro1lro1lh||lrlh
zelzeleler,ro1lro1lh||lr
zelzeleli,ro1lro1lh||ly
zelzelenin,ro1lro1lh||bo1ko3
zelzele,ro1lro1lh
zelzele,ro1lro1lh||
zelzele,ro1o4lo0ro1o4lo4h
zelzele,ro1o4lo0ro1o4lo4h||
zelzelesinden,ro1lro1lh||sbo1dbo1
zelzelesinde,ro1lro1lh||sbo1dh
zelzelesinin,ro1lro1lh||sbo1ko3
zelzelesini,ro1lro1lh||sbo1y
zelzelesi,ro1lro1lh||sy
zelzeleye,ro1lro1lh||yh
zelzeleyi,ro1lro1lh||yy
zemahşerî'nin,ro1mxo1so3rybo1ko3
zemahşerî,ro1mxo1so3ry
zemane,ro1mebo1h||
zemâne,ro1mebo1h
zeman,ro1mebo1
zemân,ro1mebo1
zemberekli,ro1bo1bu1bu2rkly
zemberekli,ro1bo1bu1yrkly
zemberek,ro1bo1bu1bu2rk
zemberek,ro1bo1bu1yrk
zembil,do1bo1bu1bu2l
zembil,do1bo1bu1yl
zembilli,ro1bo1bu1bu2lly
zembilli,ro1bo1bu1ylly
zemde,do1mdh
zem,do1o4mo0
zemherirdir,ro1mhryrdr
zemherire,ro1mhryrh
zemheririn,ro1mhryrko3
zemheri,ro1mhrbu2r
zemheri,ro1mhryr
zemherîr,ro1mhrbu2r
zemherir,ro1mhryr
zemherîr,ro1mhryr
zemherirsiz,ro1mhryrsro1
zemîm,do1mbu2m
zemim,do1mym
zemîme,do1mymh
zeminbûsî,ro1mbu2bo1 bu1wsy
zeminbusi,ro1mybo1 bu1wsy
zemindeki,ro1mybo1dh||ky
zeminden,ro1mybo1dbo1
zeminde,ro1mybo1dh
zemindeyiz,ro1mybo1dh||yro1
zemindir,ro1mybo1dr
zemine,ro1mybo1h
zemîn-i asya,ro1o4mbu2bo1u4 eo6so0bu2o4h
zemi̇n-i̇ asya,ro1o4m۪ybo1u4 eo6so0yo4h||
zemin-i asya,ro1o4m۪ybo1u4 eo6so0yo4h||
zeminimizdeki,ro1mybo1mro1dh||ky
zeminimizde,ro1mybo1mro1dh
zeminimizdir,ro1mybo1mro1dr
zeminimize,ro1mybo1mro1h
zeminimizin,ro1mybo1mro1ko3
zeminimizi,ro1mybo1mro1y
zeminimiz,ro1mybo1mro1
zemininde,ro1mybo1bo1dh
zeminini,ro1mybo1ko3y
zemininizde,ro1mybo1ko3ro1dh
zemininize,ro1mybo1ko3ro1h
zeminin,ro1mybo1ko3
zemin-i,ro1mybo1u4
zemini,ro1mybo1y
zeminiyle,ro1mybo1ylh
zemînlik,ro1mbu2bo1lk
zeminlik,ro1mybo1lk
zeminlilere,ro1mybo1lylrh
zemîn,ro1mbu2bo1
zemin,ro1mybo1
zemîn,ro1o4mbu2bo1o0
zemi̇n,ro1o4m۪ybo1o0
zemin,ro1o4m۪ybo1o0
zemistani,ro1msbo2ebo1y
zemistânî,ro1msbo2ebo1y
zemistan,ro1msbo2ebo1
zemistân,ro1msbo2ebo1
zemmam,do1mem
zemmâm,do1mem
zemm,do1m
zemm,do1mo8
zemmeden,do1mo8 eydbo1
zemmeder,do1mo8 eydr
zemmedip,do1mo8 eydwbu1
zemmediyor,do1mo8 eydyywr
zemme,do1mo8h
zemmet,do1m eybo2
zemm etmek,do1m e
zemmetmek,do1m ebu2bo2mk
zemmetmek,do1m eybo2mk
zemmetmek,do1mo8 eybo2mk
zemmetmekle,do1mo8 eybo2mklh
zemmetmemek,do1mo8 eybo2mh||mk
zemmetmeye,do1mo8 eybo2mko7h
zemmetmiştir,do1mo8 eybo2mso3dr
zemmidir,do1mo8ydr
zemm-i,do1mo8u4
zemmi,do1mo8y
zemmine,do1mo8bo1h
zemmini,do1mo8bo1y
zemm-i zimnî,do1o4mu4o8 zo1u4mo0bo1u4bu2
zemm-i zımnî,do1o4mu4o8 zo1u4mo0bo1u4bu2
zemm-i̇ zimni̇,do1o4mu4o8 zo1u4mo0bo1u4y
zemm-i zımni,do1o4mu4o8 zo1u4mo0bo1u4y
zemzem'den,ro1mro1mdbo1
zemzeme-i,ro1mro1mh'u4
zemzeme-i şükran,ro1o4mo0ro1o4mo4u4 so3o9ko0ro4ebo1o0
zemzeme-i̇ şükran,ro1o4mo0ro1o4mo4ۀu4 so3o9ko0ro4ebo1o0
zemzeme-i şükran,ro1o4mo0ro1o4mo4ۀu4 so3o9ko0ro4ebo1o0
zemzemeleri,ro1mro1mh||lry
zemzeme,ro1mro1mh
zemzeme,ro1mro1mh||
zemzemesidir,ro1mro1mh||sydr
zemzemesini,ro1mro1mh||sbo1y
zemzemesi,ro1mro1mh||sy
zemzem-i,ro1mro1mu4
zemzemi,ro1mro1my
zemzemlerle,ro1mro1mlrlh
zemzem,ro1mro1m
zen-âb,ro1bo1 eo6bu1
zenadıka,ro1bo1edfo2h||
zenâdıka,ro1bo1edfo2h
zenane,ro1bo1ebo1h||
zenâne,ro1bo1ebo1h
zenav,ro1o4bo1o0||eo6wo0
zenb,do1bo1bu1
zenbereğidir,ro1bo1bu1rko7ydr
zenbereğinden,ro1bo1bu1rko7bo1dbo1
zenbereğine,ro1bo1bu1rko7bo1h
zenbereğinin,ro1bo1bu1rko7bo1ko3
zenbereğini,ro1bo1bu1rko7bo1y
zenbereği,ro1bo1bu1rko7y
zenberek,ro1bo1bu1rk
zenberek,ro1o4bo1o0bu1o4ro4ko0
zenberektir,ro1bo1bu1rkdr
zenberekvari,ro1bo1bu1rk||wery
zenbi,do1bo1bu1y
zenb-i,do1bo1o0bu1u4
zenbilli,ro1bo1bu1ylly
zenbîl,ro1bo1bu1bu2l
zenbil,ro1bo1bu1yl
zenbin,do1bo1bu1ko3
zenburek,ro1bo1bu1wrk
zenbûrek,ro1bo1bu1wrk
zencebîl,ro1bo1xu1bu1bu2l
zencebil,ro1bo1xu1bu1yl
zencefil,ro1bo1xu1fo1bu2l
zencefil,ro1bo1xu1fo1yl
zencileri,ro1bo1xu1ylry
zenciler,ro1bo1xu1ylr
zencîrbend,ro1bo1xu1bu2rbu1bo1d
zencirbend,ro1bo1xu1yrbu1bo1d
zencîrî,ro1bo1xu1bu2ry
zenciri,ro1bo1xu1yry
zenci,ro1bo1xu1y
zencî,ro1bo1xu1y
zencir,ro1bo1xu1bu2r
zencîr,ro1bo1xu1bu2r
zencir,ro1bo1xu1yr
zencir (zincir),ro1bo1xu1bu2r
zencir (zincir),ro1bo1xu1yr
zendekadan,ro1bo1dfo2h||dbo1
zendekadır,ro1bo1dfo2h||dr
zendeka-i,ro1bo1dfo2h'u4
zendekanın,ro1bo1dfo2h||bo1ko3
zendeka,ro1bo1dfo2h
zendeka,ro1bo1dfo2h||
zendekasına,ro1bo1dfo2h||sbo1h
zendekaya,ro1bo1dfo2h||yh
zendekayı,ro1bo1dfo2h||yy
zendost,ro1bo1dwsbo2
zendost,ro1bo1 dwsbo2
zenebde,do1o4bo1o4bu1dh
zeneb,do1bo1bu1
zeneb,do1o4bo1o4bu1o0
zenebe,do1bo1bu1h
zeneb,ro1bo1bu1
zenehdan,ro1bo1xo1debo1
zenehdân,ro1bo1xo1debo1
zene,ro1bo1h
zene,ro1bo1h||
zengârı,ro1bo1ko7ery
zengar,ro1bo1ker
zengâr,ro1bo1ker
zengince,ro1bo1ko7bu2bo1xu1h
zengince,ro1bo1ko7ybo1xu1h||
zenginden,ro1bo1ko7ybo1dbo1
zengindir,ro1bo1ko7ybo1dr
zenginim,ro1bo1ko7ybo1m
zenginin,ro1bo1ko7ybo1ko3
zengini,ro1bo1ko7ybo1y
zenginlemek,ro1bo1ko7bu2bo1lh||mk
zenginlemek,ro1bo1ko7ybo1lh<>mk
zenginlere,ro1bo1ko7ybo1lrh
zenginlerin,ro1bo1ko7ybo1lrko3
zenginleri,ro1bo1ko7ybo1lry
zenginlerle,ro1bo1ko7ybo1lrlh
zenginle,ro1bo1ko7ybo1lh<>
zenginler,ro1bo1ko7ybo1lr
zenginleşmeleri,ro1bo1ko7ybo1lso3mh||lry
zenginliğe,ro1bo1ko7ybo1lko7h
zenginliğini,ro1bo1ko7ybo1lko7bo1y
zenginliğin,ro1bo1ko7ybo1lko7ko3
zenginliği,ro1bo1ko7ybo1lko7y
zenginliklere,ro1bo1ko7ybo1lklrh
zenginliklerini,ro1bo1ko7ybo1lklrybo1y
zenginlikle,ro1bo1ko7ybo1lklh
zenginlik,ro1bo1kbu2bo1lk
zenginlik,ro1bo1ko7bu2bo1lk
zenginlik,ro1bo1ko7ybo1lk
zenginlik,ro1bo1kybo1lk
zenginlik,ro1bu2bo1kbu2bo1lk
zenginlik,ro1ybo1kybo1lk
zengin olmak,ro1bo1kbu2bo1 e
zengin olmak,ro1bo1kybo1 e
zengin,ro1bo1kbu2bo1
zengin,ro1bo1ko7bu2bo1
zengin,ro1bo1ko7ybo1
zengin,ro1bo1kybo1
zengi,ro1bo1ko7y
zengî,ro1bo1ko7y
zeng,ro1bo1ko7
zengule,ro1bo1ko7wlh||
zengûle,ro1bo1ko7wlh
zenneci,ro1bo1h<>xu1y
zenneci,ro1bo1h||xu1y
zennelik,ro1bo1h<>lk
zennelik,ro1bo1h||lk
zenne,ro1bo1h
zenne,ro1bo1h||
zenparelik,ro1bo1bu3erh lk
zenpârelik,ro1bo1bu3erh lk
zenpare,ro1bo1bu3erh||
zenpâre,ro1bo1bu3erh
zenperest,ro1bo1 bu3rsbo2
zen,ro1bo1
zent,ro1bo1d
zerafe,ro1refo1h||
zerâfe,ro1refo1h
zerafet,to1refo1bo2
zerâfet,to1refo1bo2
zerbaf,ro1rbu1efo1
zerbâf,ro1rbu1efo1
zerdali,ro1rdelw
zerdali,ro1rdely
zerdâli,ro1rdely
zerdalu,ro1rdelw
zerdâlû,ro1rdelw
zerdeçal,ro1rdh xu3ew
zerdeçav,ro1rdh xu3ew
zerde,ro1rdh
zerde,ro1rdh||
zerd,ro1rd
zerduz,ro1rdwro1
zerdûz,ro1rdwro1
zer'eder,ro1ra eydr
zer'edilen,ro1ra eydylbo1
zer'edilmesine,ro1ra eydylmsbo1h
zer'edip,ro1ra eydwbu1
zer'e,do1rah
zerefşan,ro1refo1so3ebo1
zerefşân,ro1refo1so3ebo1
zeren,ro1rbo1
zer' etmek,ro1ra e
zer'etmek,ro1ra eybo2mk
zer'etmiştir,ro1ra eybo2mso3dr
zergendere,ro1rko7bo1drh
zerger,ro1rko7r
zerharid,ro1rxo1ryd
zerharîd,ro1rxo1ryd
zerîa,do1rbu2ah
zeria,do1ryah||
zerin,ro1rybo1
zerîn,ro1rybo1
zerkeder,ro1rfo2 eydr
zerk,ro1rfo2
zernebad,ro1rbo1h||bu1ed
ze,ro1
zerrak,ro1refo2
zerrâk,ro1refo2
zerra',ro1rea
zerra’,ro1rea
zerrâ',ro1rea
zerrata,do1ro8ebo2h
zerrâta,do1ro8ebo2h
zerrat,do1rebo2
zerrât,do1rebo2
zerrat,do1ro8ebo2
zerrat-ı,do1ro8ebo2u4
zerrati,do1ro8ebo2y
zerratı,do1ro8ebo2y
zerrat-il,do1o4ro8o4ebo2u4 el
zerrati'l-enam,do1ro8ebo2 eleo5bo1em
zerratımla,do1ro8ebo2mlh
zerratına,do1ro8ebo2bo1h
zerratın,do1ro8ebo2ko3
zerrâtın,do1ro8ebo2ko3
zerratını,do1ro8ebo2bo1y
zerratının,do1ro8ebo2bo1ko3
zerratıyla,do1ro8ebo2ylh
zerratiyle,do1ro8ebo2ylh
zerratla,do1ro8ebo2lh
zerratlara,do1ro8ebo2lrh
zerratlar,do1ro8ebo2lr
zerratları,do1ro8ebo2lry
zerratlarından,do1ro8ebo2lrbo1dbo1
zerratların,do1ro8ebo2lrko3
zerratta,do1ro8ebo2dh
zerrattaki,do1ro8ebo2dh||ky
zerrattan,do1ro8ebo2dbo1
zerr'den,do1rdbo1
zerr,do1r
zerrece,do1ro8h||xu1h
zerreciği,do1ro8h||xu1ko7y
zerrecik,do1ro8h||xu1k
zerreciklerden,do1ro8h||xu1klrdbo1
zerrecikler,do1ro8h||xu1klr
zerreciklere,do1ro8h||xu1klrh
zerreciklerinde,do1ro8h||xu1klrbo1dh
zerreciklerinden,do1ro8h||xu1klrbo1dbo1
zerreciklerine,do1ro8h||xu1klrybo1h
zerrecikte,do1ro8h||xu1kdh
zerrede,do1ro8h||dh
zerreden,do1ro8h||dbo1
zerredir,do1ro8h||dr
zerre,do1o4ro4o8h
zerre,do1o4ro4o8h||
zerre,do1rh
zerre,do1rh||
zerre,do1ro8h
zerre-i,do1ro8h'u4
zerre-i havâiye,do1ro8 ho4wo4ebo5u4bu2o4h
zerre-i̇ havai̇ye,do1ro8ۀ ho4wo4ebo5u4yo4h||
zerre-i havaiye,do1ro8ۀ ho4wo4ebo5u4yo4h||
zerrelerde,do1ro8h||lrdh
zerrelerdeki,do1ro8h||lrdh||ky
zerrelerden,do1ro8h||lrdbo1
zerreler,do1ro8h||lr
zerrelere,do1ro8h||lrh
zerreleri,do1ro8h||lry
zerrelerinde,do1ro8h||lrbo1dh
zerrelerinden,do1ro8h||lrbo1dbo1
zerrelerin,do1ro8h||lrko3
zerrelerine,do1ro8h||lrybo1h
zerrelerini,do1ro8h||lrybo1y
zerrelerinin,do1ro8h||lrybo1ko3
zerreleriyle,do1ro8h||lrylh
zerrelerle,do1ro8h||lrlh
zerre-misal,do1ro8h||mbo3el
zerre-miskal,do1ro8h mbo3fo2el
zerremizi,do1ro8h||mro1y
zerrenin,do1ro8h||bo1ko3
zerresi,do1ro8h||sy
zerreşikaf,do1rh so3kefo1
zerreşikâf,do1rh so3kefo1
zerresinde,do1ro8h||sbo1dh
zerresinden,do1ro8h||sbo1dbo1
zerresine,do1ro8h||sbo1h
zerresini,do1ro8h||sbo1y
zerresinin,do1ro8h||sbo1ko3
zerresiyle,do1ro8h||sylh
zerreviyeden,do1ro8h||wyh||dbo1
zerreye,do1ro8h||yh
zerreyi,do1ro8h||yy
zerreyim,do1ro8h||ym
zerr-i,do1ro8u4
zerrin,do1rbu2bo1
zerr'in,do1ro8ko3
zerrin,do1rybo1
zerrin-i,ro1ro8ybo1u4
zerrîn-i,ro1ro8ybo1u4
zerrîn kadeh,ro1rbu2bo1 fo2dx
zerrin kadeh,ro1rybo1 fo2dx
zerrîn,ro1rbu2bo1
zerrin,ro1ro8ybo1
zerrin,ro1rybo1
zer',ro1o4ro0ao0
zer,ro1r
zer',ro1ra
zer’,ro1ra
zerzavatcı,do1rdo1webo2xu1y
zerzavat,do1rdo1webo2
zevahirdeki,to1wehrdh||ky
zevahire,to1wehrh
zevahirini,to1wehrybo1y
zevahirin,to1wehrko3
zevahir-i,to1wehru4
zevahiri,to1wehry
zevaid,ro1webo5d
zevâid,ro1webo5d
zevaid,ro1weyo5d
zeval-âlûd,ro1wel||eo6lwd
zeval bulmak,ro1wel bu1wlmfo2
zevâl bulmak,ro1wel bu1wlmfo2
zevaldeki,ro1weldh||ky
zevalden,ro1weldbo1
zevâlden,ro1weldbo1
zevalde,ro1weldh
zevâlde,ro1weldh
zevaldir,ro1weldr
zevale,ro1welh
zevâle,ro1welh
zevalidir,ro1welydr
zeval-i̇ i̇smet,ro1o4wo4elu4 au4zo0mo4bo2o0
zeval-i ismet,ro1o4wo4elu4 au4zo0mo4bo2o0
zevâl-i ismet,ro1o4wo4elu4 au4zo0mo4bo2o0
zeval-i̇ lezzet,ro1o4wo4elu4  lo4do1o4o8bo2o0
zeval-i lezzet,ro1o4wo4elu4  lo4do1o4o8bo2o0
zevâl-i lezzet,ro1o4wo4elu4  lo4do1o4o8bo2o0
zevalimizde,ro1welmro1dh
zevalindeki,ro1welbo1dh||ky
zevalinden,ro1welbo1dbo1
zevâlinden,ro1welbo1dbo1
zevalinde,ro1welbo1dh
zevaline,ro1welbo1h
zevalinin,ro1welbo1ko3
zevalini,ro1welbo1y
zevalin,ro1welko3
zevâlin,ro1welko3
zeval-i,ro1welu4
zevâl-i,ro1welu4
zevali,ro1wely
zevalî,ro1wely
zevâli,ro1wely
zevaliyle,ro1welylh
zevâliyle,ro1welylh
zevallerden,ro1wellrdbo1
zevallere,ro1wellrh
zevallerinden,ro1wellrbo1dbo1
zevallerinde,ro1wellrbo1dh
zevallerinin,ro1wellrybo1ko3
zevallerini,ro1wellrybo1y
zevallerin,ro1wellrko3
zevalleri,ro1wellry
zevalleriyle,ro1wellrylh
zevaller,ro1wellr
zevalnapezir,ro1wel bo1ebu3do1yr
zevâlnâpezîr,ro1wel bo1ebu3do1yr
zevalpezir,ro1welbu3do1yr
zevâlpezîr,ro1welbu3do1yr
zeval,ro1o4wo4elo0
zevâl,ro1o4wo4elo0
zeval,ro1wel
zevâl,ro1wel
zevalsiz,ro1welsro1
zevâlsiz,ro1welsro1
zeval vakti,ro1wel wfo2bo2y
zevâl vakti,ro1wel wfo2bo2y
zevata,do1webo2h
zevat,do1o4wo4ebo2o0
zevât,do1o4wo4ebo2o0
zevat,do1webo2
zevât,do1webo2
zevat-ı,do1webo2u4
zevatı,do1webo2y
zevatın,do1webo2ko3
zevattan,do1webo2dbo1
zevayadır,ro1weyedr
zevaya,ro1weye
zevâyâ,ro1weye
zevcatın,ro1wxu1ebo2ko3
zevcatı,ro1wxu1ebo2y
zevcat,ro1wxu1ebo2
zevcât,ro1wxu1ebo2
zevceden,ro1wxu1h||dbo1
zevcelerini,ro1wxu1h||lrybo1y
zevceleri,ro1wxu1h||lry
zevcenin,ro1wxu1h||bo1ko3
zevcen,ro1wxu1h||ko3
zevce,ro1o4wo0xu1o4h
zevce,ro1o4wo0xu1o4h||
zevce,ro1wxu1h
zevce,ro1wxu1h||
zevcesine,ro1wxu1h||sbo1h
zevcesini,ro1wxu1h||sbo1y
zevceteyn,ro1wxu1bo2bu2bo1
zevceteyn,ro1wxu1bo2ybo1
zevceye bağlanan îrâd,ro1wxu1h bu2h bu1eao1elbo1ebo1 ebu2red
zevceye bağlanan irad,ro1wxu1h yh bu1eao1elbo1ebo1 eyred
zevceye,ro1wxu1h||yh
zevceyn,ro1wxu1bu2bo1
zevceyn,ro1wxu1ybo1
zevcinden,ro1wxu1bo1dbo1
zevcine,ro1wxu1bo1h
zevcinin,ro1wxu1bo1ko3
zevci,ro1wxu1y
zevcî,ro1wxu1y
zevciye,ro1wxu1yh
zevciyet,ro1wxu1bu2bo2
zevciyet,ro1wxu1ybo2
zevciyle,ro1wxu1ylh
zevc,ro1o4wo0xu1o0
zevc,ro1wxu1
zeveban,do1wbu1ebo1
zevebân,do1wbu1ebo1
zevil-akıl,do1wy elafo2l
zev-il,do1wy el
zevi-l,do1wy el
zevil'efkâr,do1wy eleo5fo1ker
zevil-ehsası,do1wy eleo4xo0sesy
zevil'elbabca,do1wy eleo5lbu1ebu1xu1h
zevil-ervaha,do1wy eleo5rwexh
zevil-ervah,do1wy eleo5rwex
zevil-ervahı,do1wy eleo5rwexy
zevil-ervahın,do1wy eleo5rwexko3
zevilhalin,do1wy elxelko3
zevilhayata,do1wy elxyebo2h
zevilhayat,do1o4wu4bu2 elo0xo4bu2o4ebo2o0
zevi̇lhayat,do1o4wu4y elo0xo4yo4ebo2o0
zevilhayat,do1o4wu4y elo0xo4yo4ebo2o0
zevil-hayat,do1wy elxyebo2
zevilhayat,do1wy elxyebo2
zevil-hayatı,do1wy elxyebo2y
zevilhayatı,do1wy elxyebo2y
zevil-hayatın,do1wy elxyebo2ko3
zevilhayatın,do1wy elxyebo2ko3
zevilhayatla,do1wy elxyebo2lh
zevilhayatların,do1wy elxyebo2lrko3
zevilhayatta,do1wy elxyebo2dh
zevilhayattan,do1wy elxyebo2dbo1
zevil-idrak,do1wy eleu5drek
zevil-idraki,do1wy eleu5dreky
zevil-idrakin,do1wy eleu5drekko3
zevil'idrakin,do1wy eleu5drekko3
zevil-ukûlden,do1wy elafo2wldbo1
zevkbahş,do1wfo2 bu1xo1so3
zevk,do1wfo2
zevkedemediğinden,do1wfo2 eydh||mdyko7bo1dbo1
zevkedemez,do1wfo2 eydh||mro1
zevkedemezsin,do1wfo2 eydh||mro1sko3
zevkeder,do1wfo2 eydr
zevkederek,do1wfo2 eydh||rk
zevkedilen,do1wfo2 eydylbo1
zevkedip,do1wfo2 eydwbu1
zevke,do1wfo2h
zevken,do1wfo2o44e
zevketmek,do1wfo2 eybo2mk
zevketmeyen,do1wfo2 eybo2mh||ybo1
zevkettiğin,do1wfo2 eybo2dyko7ko3
zevkettikleri,do1wfo2 eybo2dklry
zevkettim,do1wfo2 eybo2dm
zevkettirecek,do1wfo2 eybo2dyrh||xu1k
zevkettirsin,do1wfo2 eybo2dyrsybo1
zevkîdir,do1wfo2ydr
zevk-i,do1wfo2u4
zevki,do1wfo2y
zevkî,do1wfo2y
zevkî-i,do1wfo2yo5u4
zevki-l,do1wfo2 el
zevkime,do1wfo2mh
zevkimi,do1wfo2my
zevkinde,do1wfo2bo1dh
zevkindeki,do1wfo2bo1dh||ky
zevkin,do1wfo2ko3
zevkine,do1wfo2bo1h
zevkini,do1wfo2bo1y
zevkinin,do1wfo2ko3ko3
zevk-i ruhani,do1o4wo0fo2u4 ro9wxo4ebo1u4bu2
zevk-i̇ ruhani̇,do1o4wo0fo2u4 ro9wxo4ebo1u4y
zevk-i ruhani,do1o4wo0fo2u4 ro9wxo4ebo1u4y
zevkıyâb,do1wfo2bu2ebu1
zevkıyab,do1wfo2yebu1
zevkiyatını,do1wfo2yebo2bo1y
zevkiyede,do1wfo2yh||dh
zevkiyeyi,do1wfo2yh||yy
zevkiyle,do1wfo2ylh
zevkle,do1wfo2lh
zevklendim,do1wfo2lbo1dm
zevklendir,do1wfo2lbo1dyr
zevklendirecek,do1wfo2lbo1dyrh||xu1k
zevklendirmek,do1wfo2lbo1dbu2rmk
zevklendirmek,do1wfo2lbo1dyrmk
zevklen,do1wfo2lbo1
zevklenen,do1wfo2lh||bo1bo1
zevklenmek,do1wfo2lbo1mk
zevklenmesi,do1wfo2lbo1msy
zevklerde,do1wfo2lrdh
zevklerden,do1wfo2lrdbo1
zevkler,do1wfo2lr
zevklere,do1wfo2lrh
zevkleri,do1wfo2lry
zevklerime,do1wfo2lrymh
zevklerimizi,do1wfo2lrymro1y
zevklerinde,do1wfo2lrbo1dh
zevklerinden,do1wfo2lrbo1dbo1
zevklerin,do1wfo2lrko3
zevklerine,do1wfo2lrybo1h
zevklerini,do1wfo2lrybo1y
zevklerinin,do1wfo2lrybo1ko3
zevkleriyle,do1wfo2lrylh
zevklidir,do1wfo2lydr
zevkli,do1wfo2lw
zevkli,do1wfo2ly
zevkperest,do1wfo2||bu3rsbo2
zevksizdir,do1wfo2sro1dr
zevksiz,do1wfo2sro1
zevkte,do1wfo2dh
zevktir,do1wfo2dr
zevkyâb,do1wfo2yebu1
zevrak,ro1wrfo2
zevra,ro1o4wo0re
zevzeklenmek,ro1wro1klbo1mk
zevzeklen,ro1wro1klbo1
zevzeklik,ro1wro1h||klk
zevzeklik,ro1wro1klk
zevzek,ro1wro1k
zeyd'den,ro1yddbo1
zeydîlerin,ro1ydylrko3
zeydîler,ro1ydylr
zeyd'in,ro1ydko3
zeyd'i,ro1ydy
zeyd,ro1yd
zeyildir,do1yldr
zeyil,do1bu2l
zeyil,do1o4bu2o0lo0
zeyi̇l,do1o4yo0lo0
zeyil,do1o4yo0lo0
zeyil,do1yl
zeyillendirmiştir,do1yllbo1dyrmso3dr
zeyillerden,do1yllrdbo1
zeyiller,do1yllr
zeyillere,do1yllrh
zeyilleri,do1yllry
zeyillerinde,do1yllrbo1dh
zeyillerinden,do1yllrbo1dbo1
zeyillerin,do1yllrko3
zeyillerine,do1yllrybo1h
zeyillerini,do1yllrybo1y
zeyillerinin,do1yllrybo1ko3
zeyilleriyle,do1yllrylh
zeyilli,do1ylly
zeyilsizdirler,do1ylsro1drlr
zeylden,do1yldbo1
zeyldir,do1yldr
zeyl,do1bu2l
zeyl,do1yl
zeyle,do1ylh
zeylen,do1yle
zeylen,do1yleo44
zeylidir,do1ylydr
zeyli,do1yly
zeyli'nde,do1ylbo1dh
zeylinde,do1ylbo1dh
zeylindeki,do1ylbo1dh||ky
zeylinden,do1ylbo1dbo1
zeyl'in,do1ylko3
zeylin,do1ylko3
zeyline,do1ylbo1h
zeylini,do1ylbo1y
zeyli'nin,do1ylbo1ko3
zeylinin,do1ylbo1ko3
zeyliyle,do1ylylh
zeyl-ül,do1yl el
zeyl-üz,do1yl el
zeynâbdır,ro1ybo1 eo6bu1dr
zeyn-âb,ro1ybo1 eo6bu1
zeynâb,ro1ybo1 eo6bu1
zeyneb'e,ro1ybo1bu1h
zeyneb'in,ro1ybo1bu1ko3
zeyneb'i,ro1ybo1bu1y
zeyneb,ro1ybo1bu1
zeynelâbidîn'den,ro1ybo1 elaebu1dybo1dbo1
zeynelâbidîn,ro1ybo1 elaebu1dybo1
zeyn,ro1ybo1
zeytinin,ro1ybo2wbo1ko3
zeytin,ro1bu2bo2wbo1
zeytin,ro1ybo2wbo1
zeytinyağı,ro1ybo2wbo1yeao1y
zeytûn,ro1bu2bo2wbo1
zeytun,ro1ybo2wbo1
zeytûn,ro1ybo2wbo1
zeyyab,do1yo8ebu1
zîakıl,do1y||afo2l
zîaklın,do1y||afo2lko3
zibak,ro1bu2bu1fo2
zîbak,ro1bu2bu1fo2
zibak,ro1ybu1fo2
zîbak,ro1ybu1fo2
zıbarmak,ro1bu2bu1ermfo2
zıbarmak,ro1ybu1ermfo2
zîbâ,ro1bu2bu1e
ziba,ro1ybu1e
zîbâ,ro1ybu1e
zıbar,ro1ybu1er
zibayi,ro1ybu1eyy
zîbâyî,ro1ybu1eyy
zîbâyiş,ro1bu2bu1ebu2so3
zibayiş,ro1ybu1eyso3
zîbâyiş vermek,ro1bu2bu1ebu2so3 wbu2rmk
zibayiş vermek,ro1ybu1eyso3 wyrmk
zi'b,do1bo5bu1
zi’b,do1bo5bu1
zi'b,do1yo5bu1
zi'b-i,do1ybu1u4
zi'bi,do1yo5bu1y
zıbkın,ro1bu1fo2bu2bo1
zıbkın,ro1bu1fo2ybo1
zîb,ro1bu2bu1
zib,ro1ybu1
zîb,ro1ybu1
zîcemal,do1y||xu1mel
zîcevher,do1y||xu1whr
zîc,ro1bu2xu1
zic,ro1yxu1
zîc,ro1yxu1
zıddeyn,zo1do8yo0bo1
zıddıdır,zo1do8ydr
zıddına,zo1do8ybo1h
zıddından,zo1do8bo1dbo1
zıddında,zo1do8bo1dh
zıddının,zo1do8ybo1ko3
zıddını,zo1do8ybo1y
zıddın,zo1do8ko3
zıddırlar,zo1ddrlr
zıddır,zo1ddr
zıddiyeti,zo1do8ybo2y
zıddıyeti,zo1do8ybo2y
zıddiyettir,zo1do8ybo2dr
zıddiyet,zo1dbu2bo2
zıddiyet,zo1do8ybo2
zıddiyet,zo1dybo2
zıddıyla,zo1do8ylh
zıddiyyet,zo1dybo2
zıdd-ı,zo1do8u4
zıddı,zo1do8y
zıdd,zo1d
zıdd,zo1do8
zidergâhet,ro1u4 do4ro0ko7o4eho4bo2o0
zidergâh-ı,ro1u4drko7ehu4
zıdlarda,zo1dlrdh
zıdlarına,zo1dlrybo1h
zıdlarının,zo1dlrybo1ko3
zıdlarınız,zo1dlryko3ro1
zıdların,zo1dlrko3
zıdlarıyla,zo1dlrylh
zıdları,zo1dlry
zıdlar,zo1dlr
zi,do1bu2
zi̇,do1y
zi,do1y
zî,do1y
zıd,zo1d
zifaf,ro1fo1efo1
zifâf,ro1fo1efo1
zîfikir,do1y||fo1kr
zîfikirle,do1y||fo1krlh
zifirî,ro1bu2fo1bu2r
zifiri,ro1fo1yry
zifiri,ro1yfo1yr
zifos,ro1bu2fo1ws
zifos,ro1yfo1ws
zıfr,to1fo1r
ziftlemek,ro1bu2fo1bo2lh||mk
ziftlemek,ro1fo1bo2lmk
ziftlemek,ro1yfo1bo2lh<>mk
ziftlenmek,ro1bu2fo1bo2lbo1mk
ziftlenmek,ro1yfo1bo2lbo1mk
ziftlen,ro1yfo1bo2lbo1
ziftle,ro1yfo1bo2lh<>
ziftli,ro1bu2fo1bo2ly
ziftli,ro1yfo1bo2ly
zift,ro1bu2fo1bo2
zift,ro1fo1bo2
zift,ro1yfo1bo2
zîfünun,do1y||fo1bo1wbo1
zîfünunlar,do1y||fo1bo1wbo1lr
zihaf,ro1xefo1
zîhakikat-ı,do1y||xfo2yfo2bo2u4
zıhar,to1u4her
zîhaşmet,do1y||xso3mbo2
zîhassa-i,do1y||xo1ezo8h'u4
zîhavarık,do1y||xo1werfo2
zîhayata,do1y||xyebo2h
zîhayat,do1bu2 xo4bu2o4ebo2o0
zîhayât,do1bu2 xo4bu2o4ebo2o0
zîhayât,do1y xbu2ebo2
zi̇hayat,do1۪y xo4yo4ebo2o0
zihayat,do1۪y xo4yo4ebo2o0
zihayat,do1y xyebo2
zîhayat,do1y||xyebo2
zîhayatı,do1y||xyebo2y
zîhayatın,do1y||xyebo2ko3
zîhayatiyeyi,do1y||xyebo2yh||yy
zîhayatla,do1y||xyebo2lh
zîhayatlara,do1y||xyebo2lrh
zîhayatlarda,do1y||xyebo2lrdh
zîhayatlardaki,do1y||xyebo2lrdh||ky
zîhayatlardan,do1y||xyebo2lrdbo1
zîhayatlardır,do1y||xyebo2lrdr
zîhayatlar,do1y||xyebo2lr
zîhayatları,do1y||xyebo2lry
zîhayatların,do1y||xyebo2lrko3
zîhayatlarla,do1y||xyebo2lrlh
zîhayatta,do1y||xyebo2dh
zîhayattaki,do1y||xyebo2dh||ky
zîhayattan,do1y||xyebo2dbo1
zîhayattır,do1y||xyebo2dr
zihgîr,ro1hko7bu2r
zihgir,ro1hko7yr
zîhikmeti,do1y||xkmbo2y
zîhimmet,do1y||hmo8bo2
zihinde,do1hbo1dh
zihindir,do1hbo1dr
zihin,do1hbo1
zihinle,do1hbo1lh
zihinlerde,do1hbo1lrdh
zihinlerden,do1hbo1lrdbo1
zihinler,do1hbo1lr
zihinlere,do1hbo1lrh
zihinleri,do1hbo1lry
zihinlerimize,do1hbo1lrymro1h
zihinlerinde,do1hbo1lrbo1dh
zihinlerin,do1hbo1lrko3
zihinlerine,do1hbo1lrybo1h
zihinlerini,do1hbo1lrybo1y
zihinlerinin,do1hbo1lrybo1ko3
zihinli,do1hbo1ly
zihi,ro1hy
zihî,ro1hy
zihn,do1hbo1
zihne,do1hbo1h
zihnen,do1hbo1e
zihnen,do1hbo1eo44
zihnen,do1hbo1o44e
zihnîden,do1hbo1ydbo1
zihn-i,do1hbo1u4
zihni,do1hbo1y
zihnî,do1hbo1y
zihnîlikten,do1hbo1ylkdbo1
zihnimde,do1hbo1mdh
zihnimdeki,do1hbo1mdh||ky
zihnimden,do1hbo1mdbo1
zihnim,do1hbo1m
zihnime,do1hbo1mh
zihni meşgul,do1hbo1y mso3ao1wl
zihni meşgûl,do1hbo1y mso3ao1wl
zihnimi,do1hbo1my
zihnimin,do1hbo1mko3
zihnimizde,do1hbo1mro1dh
zihnimize,do1hbo1mro1h
zihnimizi,do1hbo1mro1y
zihnimizle,do1hbo1mro1lh
zihnimle,do1hbo1mlh
zihninde,do1hbo1bo1dh
zihninden,do1hbo1bo1dbo1
zihnin,do1hbo1ko3
zihnine,do1hbo1bo1h
zihnine şey koymak,do1hbo1bo1h so3y fo2wmfo2
zihnini,do1hbo1ko3y
zihnini meşgul etmek,do1hbo1bo1y mso3ao1wl e
zihnini meşgûl etmek,do1hbo1bo1y mso3ao1wl e
zihninin,do1hbo1bo1ko3
zihninize,do1hbo1ko3ro1h
zihninizi,do1hbo1ko3ro1y
zihniyede,do1hbo1yh||dh
zihnîye,do1hbo1y||yh
zihniyeleri,do1hbo1yh||lry
zihniyem,do1hbo1yh||m
zihniyenin,do1hbo1yh||bo1ko3
zihniyet,do1hbo1ybo2
zihniyet-i,do1hbo1ybo2u4
zihniyetin,do1hbo1ybo2ko3
zihniyetini,do1hbo1ybo2bo1y
zihniyetiyle,do1hbo1ybo2ylh
zihniyetle,do1hbo1ybo2lh
zihniyetlerini,do1hbo1ybo2lrybo1y
zihniyette,do1hbo1ybo2dh
zihniyeye,do1hbo1yh||yh
zihniyeyi,ro1hbo1yh||yy
zihnîyi,do1hbo1y||yy
zihniyle,do1hbo1ylh
zihniyyet,do1hbo1bu2bo2
zihniyyet,do1hbo1ybo2
zih,ro1h
zih,ro1h||
zîidrak,do1y||eu5drek
zîihsan,do1y||eu5xsebo1
zîilim,do1y||alm
zîiman,do1y||eymebo1
zîkalb,do1y||fo2lbu1
zîkarad,do1y||fo2o4rd
zîkemal,do1y||kmel
zîkemalin,do1y||kmelko3
zikirce,do1krxu1h
zikirde,do1krdh
zikirden,do1krdbo1
zikirdir,do1krdr
zi̇ki̇r,do1kr
zikir,do1kr
zi̇ki̇r,do1u4ku4ro0
zikir,do1u4ku4ro0
zikirhanede,do1krxo1ebo1h||dh
zikirhane,do1krxo1ebo1h
zikirhane-i,do1krxo1ebo1h'u4
zikirhâne-i,do1krxo1ebo1h'u4
zikirhanelerdir,do1krxo1ebo1h||lrdr
zikirhaneler,do1krxo1ebo1h||lr
zikirhâneler,do1krxo1ebo1h||lr
zikirhanelerinde,do1krxo1ebo1h||lrbo1dh
zikirhaneye,do1krxo1ebo1h||yh
zikirler,do1krlr
zikirleri,do1krlry
zikirlerinde,do1krlrbo1dh
zikirlerinden,do1krlrbo1dbo1
zikirlerine,do1krlrybo1h
zikirlerini,do1krlrybo1y
zî-kıymet,do1y fo2bu2mbo2
zîkıymet,do1y fo2bu2mbo2
zi-kıymet,do1y fo2ymbo2
zikıymet,do1y fo2ymbo2
zîkıymet,do1y||fo2ymbo2
zıkkımlanmak,ro1fo2wmlebo1mfo2
zıkkımlan,ro1fo2wmlebo1
zıkkım,ro1fo2wm
zikr,do1kr
zikredeceğim,do1kr eydh||xu1ko7m
zikredeceğimiz,do1kr eydh||xu1ko7mro1
zikredeceğiz,do1kr eydh||xu1ko7ro1
zikredecek,do1kr eydh||xu1k
zikredelim,do1kr eydh||lm
zikreden,do1kr eydbo1
zikreder,do1kr eydr
zikrederek,do1kr eydh||rk
zikrederiz,do1kr eydrro1
zikrederken,do1kr eydrkbo1
zikrederler,do1kr eydrlr
zikredildi,do1kr eydyldy
zikredildiği,do1kr eydyldyko7y
zikredildiğinden,do1kr eydyldyko7bo1dbo1
zikredildiğini,do1kr eydyldyko7bo1y
zikredildikten,do1kr eydyldkdbo1
zikredilebilir,do1kr eydylh||bu1ylyr
zikredilecek,do1kr eydylh||xu1k
zikredilecektir,do1kr eydylh||xu1kdr
zikredilen,do1kr eydylbo1
zikredilip,do1kr eydylwbu1
zikredilir,do1kr eydylyr
zikredilirse,do1kr eydylyrsh
zikrediliyor,do1kr eydylyywr
zikredilmeden,do1kr eydylmh||dbo1
zikredilmedi,do1kr eydylmh||dy
zikredilmediği,do1kr eydylmdyko7y
zikredilmekle,do1kr eydylmklh
zikredilmekte,do1kr eydylmkdh
zikredilmekten,do1kr eydylmkdbo1
zikredilmelerinin,do1kr eydylmh||lrybo1ko3
zikredilmemesi,do1kr eydylmh||msy
zikredilmemiş,do1kr eydylmh||mso3
zikredilmemiştir,do1kr eydylmh||mso3dr
zikredilmesi,do1kr eydylmh||sy
zikredilmesinden,do1kr eydylmh||sbo1dbo1
zikredilmesinin,do1kr eydylmh||sbo1ko3
zikredilmeyen,do1kr eydylmh||ybo1
zikredilmeyerek,do1kr eydylmyh||rk
zikredilmiş,do1kr eydylmso3
zikredilmişlerdir,do1kr eydylmso3lrdr
zikredilmişti,do1kr eydylmso3dy
zikredilmiştir,do1kr eydylmso3dr
zikrediniz,do1kr eydyko3ro1
zikredip,do1kr eydwbu1
zikredivermiş,do1kr eydywyrmso3
zikrediyor,do1kr eydyywr
zikrediyordum,do1kr eydyywrdm
zikrediyorlar,do1kr eydyywrlr
zikrediyorsun,do1kr eydyywrsko3
zikrediyorum,do1kr eydyywrm
zikrediyoruz,do1kr eydyywrro1
zikre,do1krh
zikretmeden,do1kr eybo2mh||dbo1
zikretmediğim,do1kr eybo2mh||dyko7m
zikretmeğe,do1kr eybo2mko7h
zikr etmek,do1kre
zikretmek,do1kr eybo2mk
zikr etmek,do1krro1
zikretmekle,do1kr eybo2mklh
zikretmekliğim,do1kr eybo2mklko7m
zikretmektedir,do1kr eybo2mkdh||dr
zikretmekte,do1kr eybo2mkdh
zikretmektir,do1kr eybo2mkdr
zikretmeleri,do1kr eybo2mh||lry
zikretmelerinden,do1kr eybo2mh||lrbo1dbo1
zikretmeli,do1kr eybo2mly
zikretmenin,do1kr eybo2mh||bo1ko3
zikretmesi,do1kr eybo2msy
zikretmesinin,do1kr eybo2msbo1ko3
zikretmesiyle,do1kr eybo2msylh
zikretmeye,do1kr eybo2mko7h
zikretmiş,do1kr eybo2mso3
zikretmişim,do1kr eybo2mso3m
zikretmişiz,do1kr eybo2mso3ro1
zikretmişler,do1kr eybo2mso3lr
zikretmiştir,do1kr eybo2mso3dr
zikretmiyor,do1kr eybo2myywr
zikretmiyorum,do1kr eybo2myywrm
zikretse,do1kr eybo2sh
zikretti,do1kr eybo2dy
zikrettiği,do1kr eybo2dyko7y
zikrettiğimde,do1kr eybo2dyko7mdh
zikrettiğimden,do1kr eybo2dyko7mdbo1
zikrettiğim,do1kr eybo2dyko7m
zikrettiğimizden,do1kr eybo2dyko7mro1dbo1
zikrettiğimiz,do1kr eybo2dyko7mro1
zikrettiğinden,do1kr eybo2dyko7bo1dbo1
zikrettiğine,do1kr eybo2dyko7bo1h
zikrettik,do1kr eybo2dk
zikrettikleri,do1kr eybo2dklry
zikrettiklerini,do1kr eybo2dklrybo1y
zikrettikten,do1kr eybo2dkdbo1
zikrettim,do1kr eybo2dm
zikr-i,do1kru4
zikri,do1kry
zikr-i icmali,do1krexu1mely
zikr-i icmâlî,do1krexu1mely
zikrime,do1krymh
zikrimiz,do1krymro1
zikrinde,do1krbo1dh
zikrindeki,do1krbo1dh||ky
zikrinden,do1krbo1dbo1
zikrin,do1krko3
zikrine,do1krybo1h
zikrini,do1krybo1y
zikrinin,do1krybo1ko3
zikriyede,do1kryh||dh
zikriyedir,do1kryh||dr
zikriye,do1kryh
zikriyeleri,do1kryh||lry
zikriyenin,do1kryh||bo1ko3
zikriyeyi,do1kryh||yy
zikriyle,do1krylh
zikrolunan,do1kr ewlwbo1ebo1
zikrolunduğu,do1kr ewlwbo1dyao1y
zikrolunur,do1kr ewlwbo1wr
zikrullaha,do1kr ello8h||h
zikrullah,do1kr eellh
zikudret,do1y fo2drbo2
zîkudret,do1y||fo2drbo2
zîkudret,do1y fo2drbo2
zîk-ül-nefes olmak (dîk-ül-nefes),zo1bu2fo2 elbo1fo1s ew
zik-ül-nefes olmak (dik-ül-nefes),zo1yfo2 elbo1fo1s ew
zîku-n-nefes,zo1bu2fo2 elbo1fo1s
ziku-n-nefes,zo1yfo2 elbo1fo1s
zîku-s-sadr,zo1bu2fo2 elzdr
ziku-s-sadr,zo1yfo2 elzdr
zikzak,ro1bu2fo2ro1efo2
zikzak,ro1yfo2ro1efo2
zikzakvâri,ro1bu2fo2ro1efo2wery
zikzakvari,ro1yfo2ro1efo2wery
zîk,zo1bu2fo2
zik,zo1yfo2
zılalinden,to1lelbo1dbo1
zılalinde,to1lelbo1dh
zılali,to1lely
zılâli,to1lely
zılal,to1lel
zılâl,to1lel
zılde,to1ldh
zil-ecniha,do1y eleo5xu1bo1xh
zile,ro1ylh||
zılgıt,ro1bu2lao1bu2bo2
zılgıt,ro1ylao1ybo2
zilhicce,do1y<>elxxu1h||
zilhicce,do1y||elxxu1h
zilhicce,do1y elxxu1o8h
zil-iktidarın,do1y eleu5fo2bo2derko3
zilka’de,do1y<>elfo2adh||
zilka’de,do1y||elfo2adh
zilkade,do1y elfo2adh
zıllden,to1ldbo1
zılldir,to1ldr
zıllerini,to1llrybo1y
zılleri,to1llry
zillet,do1lbo2
zillet,do1lo8bo2
zi̇llet,do1u4lo4o8bo2o0
zillet,do1u4lo4o8bo2o0
zillete,do1lo8bo2h
zilleti,do1lo8bo2y
zilletimize,do1lo8bo2mro1h
zilletinde,do1lo8bo2bo1dh
zilletindendir,do1lo8bo2bo1dbo1dr
zilletinden,do1lo8bo2bo1dbo1
zilletine,do1lo8bo2bo1h
zilletini,do1lo8bo2bo1y
zilletiyle,do1lo8bo2ylh
zilletle,do1lo8bo2lh
zilletlerden,do1lo8bo2lrdbo1
zilletler,do1lo8bo2lr
zilletlerinden,do1lo8bo2lrbo1dbo1
zilletlerine,do1lo8bo2lrybo1h
zilletli,do1lo8bo2ly
zilletsiz,do1lo8bo2sro1
zilletten,do1lo8bo2dbo1
zillettir,do1lo8bo2dr
zilli,do1bu2lly
zilli,do1ylly
zılline,to1lo8bo1h
zıllini,to1lo8bo1y
zıll-i,to1lo8u4
zılli,to1lo8y
zıllî,to1lo8y
zıll-ı,to1lu4o8
zılliyedir,to1lo8yh||dr
zılliyeti,to1lo8ybo2y
zılliyet,to1lo8ybo2
zilliyet,to1u4lu4o8bu2o4bo2o0
zılliyet,to1u4lu4o8bu2o4bo2o0
zilli̇yet,to1u4lu4o8yo4bo2o0
zılliyet,to1u4lu4o8yo4bo2o0
zıllîyi,to1lo8y||yy
zill,to1l
zıll,to1l
zıll,to1lo8
zill,to1u4lo0
zıll,to1u4lo0
zilmecaz,do1y elmxu1ero1
zil,ro1bu2l
zil,ro1l
zil,ro1yl
zilyed,do1y elyd
zilzal,ro1lro1el
zilzâl,ro1lro1el
zimamdar,ro1memder
zimâmdâr,ro1memder
zimam-ı,ro1memu4
zimam,ro1mem
zimâm,ro1mem
zımbacı,ro1bu2mbu1exu1y
zımbacı,ro1ymbu1exu1y
zımbalamak,ro1bu2mbu1elemfo2
zımbalamak,ro1ymbu1elemfo2
zımbala,ro1ymbu1ele
zımbalatmak,ro1bu2mbu1elebo2mfo2
zımbalatmak,ro1ymbu1elebo2mfo2
zımbalat,ro1ymbu1elebo2
zımba,ro1bu2mbu1e
zımba,ro1ymbu1e
zımbırtı,ro1bu2mbu1bu2rbo2y
zımbırtı,ro1ymbu1yrbo2y
zimedhal,do1y mdxo1l
zîmedhal,do1y||mdxo1l
zîmedhal,do1y mdxo1l
zî-misal,do1y||mbo3el
zimmeden,do1mo8h||dbo1
zimmet,do1mbo2
zimmet,do1mo8bo2
zi̇mmet,do1u4mo4o8bo2o0
zimmet,do1u4mo4o8bo2o0
zimmeti,do1mo8bo2y
zimmetimi,do1mo8bo2my
zimmetindedir,do1mo8bo2bo1dh||dr
zimmetinde,do1mo8bo2bo1dh
zimmetine,do1mo8bo2bo1h
zimmî,do1mo8y
zimmi,do1my
zimmî,do1my
zimmînin,do1mo8ybo1ko3
zimmîyi,do1mo8y||yy
zımnen ifade etmek,zo1mbo1eo44 efo1edh e
zımnen ifâde etmek,zo1mbo1eo44 efo1edh e
zımnen,zo1mbo1e
zımnen,zo1mbo1eo44
zımnen,zo1mbo1o44e
zimnen,zo1u4mo0bo1o44e
zımnen,zo1u4mo0bo1o44e
zımnîdir,zo1mbo1ydr
zımnındadır,zo1mbo1bo1dh||dr
zımnındaki,zo1mbo1bo1dh||ky
zımnından,zo1mbo1bo1dbo1
zımnında,zo1mbo1bo1dh
zımnînin,zo1mbo1ybo1ko3
zımniyelerini,zo1mbo1yh||lrybo1y
zımniye,zo1mbo1yh
zımnîye,zo1mbo1y||yh
zımni,zo1mbo1y
zımnî,zo1mbo1y
zımnî,zo1u4mo0bo1bu2
zimni̇,zo1u4mo0bo1۪y
zımni,zo1u4mo0bo1۪y
zımparakâğıdı,ro1bu2mbu3ere keao1dy
zımparakağıdı,ro1ymbu3ere keao1dy
zımpara,ro1bu2mbu3ere
zımpara,ro1ymbu3ere
zina'i,ro1bo1ebo5y
zinâ'î,ro1bo1ebo5y
zinakar,ro1bo1eker
zinâkâr,ro1bo1eker
zina,ro1bo1e
zinâ,ro1bo1e
zina',ro1bo1ec
zina’,ro1bo1ec
zinâ',ro1bo1ec
zinayı,ro1bo1eyy
zînazar,do1y||bo1to1r
zincirden,ro1bo1xu1yrdbo1
zincirdir,ro1bo1xu1yrdr
zincir halkası,ro1bo1xu1bu2r xlfo2h sy
zincir halkası,ro1bo1xu1yr xlfo2h sy
zincir ile bağlamak,ro1bo1xu1bu2r ebu2lh bu1eao1lemfo2
zincir ile bağlamak,ro1bo1xu1yr eylh bu1eao1lemfo2
zincirinden,ro1bo1xu1yrbo1dbo1
zincirini,ro1bo1xu1yrybo1y
zincir-i,ro1bo1xu1yru4
zinciriyle,ro1bo1xu1yrylh
zincirlemek,ro1bo1xu1bu2rlmk
zincirlemek,ro1bo1xu1yrlmk
zincirleme,ro1bo1xu1yrlh||mh
zincirlenmek,ro1bo1xu1bu2rlbo1mk
zincirlenmek,ro1bo1xu1yrlbo1mk
zincirlenmiş,ro1bo1xu1yrlbo1mso3
zincirlen,ro1bo1xu1yrlbo1
zincirlerini,ro1bo1xu1yrlrybo1y
zincirleri,ro1bo1xu1yrlry
zincirleriyle,ro1bo1xu1yrlrylh
zincirle,ro1bo1xu1yrl
zincirler,ro1bo1xu1yrlr
zincirli,ro1bo1xu1bu2rly
zincirli,ro1bo1xu1yrly
zincir,ro1bo1xu1bu2r
zincir,ro1bo1xu1yr
zindana,ro1bo1debo1h
zindancı,ro1bo1debo1xu1y
zindandadır,ro1bo1debo1dh||dr
zindandakilerin,ro1bo1debo1dh||kylrko3
zindandan,ro1bo1debo1dbo1
zindanda,ro1bo1debo1dh
zindandır,ro1bo1debo1dr
zindanından,ro1bo1debo1bo1dbo1
zindanında,ro1bo1debo1bo1dh
zindanının,ro1bo1debo1bo1ko3
zindan-ı,ro1bo1debo1u4
zindani,ro1bo1debo1y
zindanı,ro1bo1debo1y
zindânî,ro1bo1debo1y
zindanlara,ro1bo1debo1lrh
zindanlardan,ro1bo1debo1lrdbo1
zindanlarda,ro1bo1debo1lrdh
zindanlarına,ro1bo1debo1lrybo1h
zindanlarında,ro1bo1debo1lrbo1dh
zindanları,ro1bo1debo1lry
zindanlar,ro1bo1debo1lr
zindan,ro1bo1debo1
zindân,ro1bo1debo1
zindedir,ro1bo1dh||dr
zindegani,ro1bo1dko7ebo1y
zindegânî,ro1bo1dko7ebo1y
zinde,ro1bo1dh
zinde,ro1bo1dh||
zındığın,ro1bo1dyao1ko3
zındığı,ro1bo1dyao1y
zındıkadan,ro1bo1dfo2h||dbo1
zındıkadır,ro1bo1dfo2h||dr
zındıkaların,ro1bo1dfo2h||lrko3
zındıkanın,ro1bo1dfo2h||bo1ko3
zındıka,ro1bo1dfo2h
zindika,ro1u4bo1o0du4fo2o4h
zindika,ro1u4bo1o0du4fo2o4h||
zındıka,ro1u4bo1o0du4fo2o4h
zındıka,ro1u4bo1o0du4fo2o4h||
zındıkasına,ro1bo1dfo2h||sbo1h
zındıkaya,ro1bo1dfo2h||yh
zındıkayı,ro1bo1dfo2h||yy
zındıklara,ro1bo1dyfo2lrh
zındıklarının,ro1bo1dyfo2lrybo1ko3
zındıkların,ro1bo1dyfo2lrko3
zındıkları,ro1bo1dyfo2lry
zındıklar,ro1bo1dyfo2lr
zındıklığı,ro1bo1dyfo2lao1y
zındıklık,ro1bo1dyfo2lfo2
zındık,ro1bo1dbu2fo2
zindik,ro1bo1dfo2
zındık,ro1bo1dfo2
zindik,ro1bo1dyfo2
zindîk,ro1bo1dyfo2
zındık,ro1bo1dyfo2
zındık,ro1u4bo1o0dbu2fo2o0
zindik,ro1u4bo1o0d۪yfo2o0
zındık,ro1u4bo1o0d۪yfo2o0
zındıktan,ro1bo1dyfo2dbo1
zındıktır,ro1bo1dyfo2dr
zînete,ro1ybo1bo2h
zînetidir,ro1ybo1bo2ydr
zînetinden,ro1ybo1bo2bo1dbo1
zînetinde,ro1ybo1bo2bo1dh
zînetini,ro1ybo1bo2bo1y
zînet-i,ro1ybo1bo2u4
zîneti,ro1ybo1bo2y
zînetiyle,ro1ybo1bo2ylh
zînetledi,ro1ybo1bo2ldy
zînetlendiren,ro1ybo1bo2lbo1dyrbo1
zînetlendiriniz,ro1ybo1bo2lbo1dyryko3ro1
zînetlendirip,ro1ybo1bo2lbo1dyrwbu1
zînetlendirir,ro1ybo1bo2lbo1dyrr
zînetlendiriyorlar,ro1ybo1bo2lbo1dyryywrlr
zînetlendiriyor,ro1ybo1bo2lbo1dyryywr
zînetlendirmek,ro1bu2bo1bo2lbo1drmk
zinetlendirmek,ro1ybo1bo2lbo1drmk
zînetlendirmek,ro1ybo1bo2lbo1dyrmk
zînetlendirmiş,ro1ybo1bo2lbo1mso3
zînetlenmek,ro1ybo1bo2lbo1mk
zînetlerde,ro1ybo1bo2lrdh
zînetlere,ro1ybo1bo2lrh
zînetlerim,ro1ybo1bo2lrm
zînetlerinden,ro1ybo1bo2lrbo1dbo1
zînetlerine,ro1ybo1bo2lrybo1h
zînetlerini,ro1ybo1bo2lrybo1y
zînetlerin,ro1ybo1bo2lrko3
zînetleri,ro1ybo1bo2lry
zînetleriyle,ro1ybo1bo2lrylh
zînetlerle,ro1ybo1bo2lrlh
zînetle,ro1ybo1bo2lh
zînetler,ro1ybo1bo2lr
zînetli,ro1ybo1bo2ly
zînet olmak,ro1bu2bo1bo2 ew
zinet olmak,ro1ybo1bo2 ew
zînet,ro1bu2bo1bo2
zînet,ro1bu2bo1o4bo2o0
zinet,ro1ybo1bo2
zînet,ro1ybo1bo2
zi̇net,ro1۪ybo1o4bo2o0
zinet,ro1۪ybo1o4bo2o0
zînetsiz,ro1ybo1bo2sro1
zînetten,ro1ybo1bo2dbo1
zıngırdamak,ro1bu2bo1ao1bu2rdemfo2
zıngırdamak,ro1ybo1ao1yrdemfo2
zıngırda,ro1ybo1ao1yrde
zıngırdatmak,ro1bu2bo1ao1bu2rdebo2mfo2
zıngırdatmak,ro1ybo1ao1yrdebo2mfo2
zıngırdat,ro1ybo1ao1yrdebo2
zıngırtı,ro1bu2bo1ao1bu2rbo2y
zıngırtı,ro1ybo1ao1yrbo2y
zıngırzıngır,ro1bu2bo1ao1bu2r||ro1bu2bo1ao1bu2r
zıngırzıngır,ro1ybo1ao1yr<>ro1ybo1ao1yr
zinhar,ro1bo1her
zinhâr,ro1bo1her
zi̇nhar,ro1u4bo1o0ho4ero0
zinhar,ro1u4bo1o0ho4ero0
zinhâr,ro1u4bo1o0ho4ero0
zînisyan,do1y||bo1syebo1
zinnur,do1y elbo1wr
zinnureyn'den,do1y elbo1o8wryo0bo1dbo1
zinnureyn'dir,do1y elbo1o8wryo0bo1dr
zinnureyn,do1y elbo1o8wryo0bo1
zinnureyn'e,do1y elbo1o8wryo0bo1h
zinnureyn'in,do1y elbo1o8wryo0bo1ko3
zin,ro1ybo1
zîn,ro1ybo1
zînur,do1y||bo1wr
zînurlar,do1y||bo1wrlr
zıpcıkdı,ro1ybu3 xu3yfo2dy
zıpkın,ro1bu2bu3fo2bu2bo1
zıpkın,ro1ybu3fo2ybo1
zıpkın,zebu3fo2bu2bo1
zıpkın,zebu3fo2ybo1
zıplasa,ro1ybu1lesh
ziraatçı,ro1reabo2xu1y
zirâatçı,ro1reabo2xu1y
ziraat etmek,ro1reabo2 e
zirâat etmek,ro1reabo2 e
ziraat-ı,ro1reabo2u4
ziraati,ro1reabo2y
ziraatı,ro1reabo2y
ziraatla,ro1reabo2lh
ziraatle,ro1reabo2lh
zira'at,ro1reabo2
zira’at,ro1reabo2
ziraat,ro1reabo2
zirâ'at,ro1reabo2
zirâat,ro1reabo2
ziraattır,ro1reabo2dr
zi̇ra',do1rea
zira,do1rea
zira',do1rea
zira’,do1rea
zirâ',do1rea
zîrâ,do1rea
zira'i,ro1reay
zira’i,ro1reay
zirai,ro1reay
zirâ'î,ro1reay
zirâî,ro1reay
zîrâ,ro1bu2re
zira,ro1yre
zîra,ro1yre
zîrâ,ro1yre
zîrdeki,ro1yrdh||ky
zîrde muharrer,ro1bu2rdh mxrr
zirde muharrer,ro1yrdh mxrr
zîrden,ro1yrdbo1
zîrde,ro1bu2rdh
zirde,ro1yrdh||
zîr-destanının,ro1yr dsbo2ebo1bo1ko3
zirdest,ro1yrdsbo2
zîrdest,ro1yrdsbo2
zirek,ro1yrk
zîrek,ro1yrk
zire,ro1yrh||
zîre,ro1yrh
zırhından,ro1rhbo1dbo1
zırhınız,ro1rhko3ro1
zırhı,ro1rhy
zırhlılarına,ro1rhlylrybo1h
zırhlı,ro1rhly
zırhpuş,ro1rh bu3wso3
zırhpûş,ro1rh bu3wso3
zırh,ro1rh
zırh,ro1rh||
zırıldamak,ro1bu2rbu2ldemfo2
zırıldamak,ro1yryldemfo2
zırılda,ro1yrylde
zırıltı,ro1rbu2lbo2y
zırıltı,ro1rylbo2y
zîrinden,ro1bu2rbo1dbo1
zirinden,ro1yrbo1dbo1
zîrinde,ro1bu2rbo1dh
zirinde,ro1yrbo1dh||
zîrine,ro1bu2rbu2bo1h
zirine,ro1yrybo1h||
zîrine,ro1yrybo1h
zirin,ro1yrybo1
zîrîn,ro1yrybo1
zir,ro1yr
zîr,ro1yr
zîruha,do1y||rwxh
ziruh,do1y rwx
zîruh,do1y||rwx
zîrûh,do1y rwx
zîruhla,do1y||rwxlh
zîruhlara,do1y||rwxlrh
zîruhlarda,do1y||rwxlrdh
zîruhlar,do1y||rwxlr
zîruhları,do1y||rwxlry
zîruhların,do1y||rwxlrko3
zîruhlarla,do1y||rwxlrlh
zîruhtan,do1y||rwxdbo1
zîruhtur,do1y||rwxdr
zîruhu,do1y||rwxy
zîruhun,do1y||rwxko3
zîrütbe,do1y||rbo2bu1h
zîr u zeber,ro1bu2ro9 w ro1o4bu1o4ro0
zîr u zeber,ro1bu2rwro1bu1r
zi̇r u zeber,ro1۪yro9 w ro1o4bu1o4ro0
zir u zeber,ro1۪yro9 w ro1o4bu1o4ro0
zir u zeber,ro1yrwro1bu1r
zirüzeber,ro1yr w ro1bu1r
zîrüzeber,ro1yr w ro1bu1r
zirve,do1rwh
zirve,do1rwh||
zirve-i,do1rwh'u4
zirvelerinden,do1rwh||lrbo1dbo1
zirve,ro1rwh
zirve,ro1rwh||
zirvesi,do1rwh||sy
zirvesinden,do1rwh||sbo1dbo1
zirvesine,do1rwh||sbo1h
zirveye,do1rwh||yh
zîsaadeti,do1y||saedbo2y
zîşan'a,do1y||so3ebo1h
zîşân'a,do1y||so3ebo1h
zîşan'dan,do1y||so3ebo1dbo1
zîşân,do1bu2 so3o4ebo1o0
zişan,do1y||so3ebo1
zişan,do1y so3ebo1
zîşan,do1y||so3ebo1
zîşan,do1y so3ebo1
zi̇şan,do1۪y so3o4ebo1o0
zişan,do1۪y so3o4ebo1o0
zîşan'ı,do1y||so3ebo1y
zîşanı,do1y||so3ebo1y
zîşânı,do1y||so3ebo1y
zîşanımız,do1y||so3ebo1mro1
zîşan'ına,do1y||so3ebo1bo1h
zîşanına,do1y||so3ebo1bo1h
zîşânına,do1y||so3ebo1bo1h
zîşan'ından,do1y||so3ebo1bo1dbo1
zîşan'ın,do1y||so3ebo1ko3
zîşanın,do1y||so3ebo1ko3
zîşân'ın,do1y||so3ebo1ko3
zîşanını,do1y||so3ebo1bo1y
zîşan'sın,do1y||so3ebo1sko3
zişti,ro1so3bo2y
ziştî,ro1so3bo2y
zişt,ro1so3bo2
zîşuuna,do1y||so3wo5bo1h
zîşuunun,do1y||so3yo5wbo1ko3
zîşuûnun,do1y||so3yo5wbo1ko3
zîşuura,do1y||so3awrh
zîşuurda,do1y||so3awrdh
zîşuurdan,do1y||so3awrdbo1
zîşuur,do1y||so3awr
zîşuûr,do1y||so3awr
zîşuur'dur,do1y||so3awrdr
zîşuurdur,do1y||so3awrdr
zîşuûrdur,do1y||so3awrdr
zîşuurla,do1y||so3awrlh
zîşuurlara,do1y||so3awrlrh
zîşuurlardan,do1y||so3awrlrdbo1
zîşuurlar,do1y||so3awrlr
zîşuurları,do1y||so3awrlry
zîşuurların,do1y||so3awrlrko3
zîşuurlarla,do1y||so3awrlrlh
zîşuuru,do1y||so3awry
zîşuûru,do1y||so3awry
zîşuurun,do1y||so3awrko3
zîtehevvür,do1y||bo2hwo8r
zıtlarına,zo1dlrybo1h
zıtlarının,zo1dlrybo1ko3
zıtların,zo1dlrko3
zıtlariyle,zo1dlrylh
zıtları,zo1dlry
zıtlar,zo1dlr
zıttır,zo1ddr
zıt,zo1d
zîvakarın,do1y||wfo2erko3
zıvana,ro1bu2webo1h
zıvana,ro1webo1h
zıvana,ro1webo1h||
zıvana,ro1ywebo1h||
zıvanasından,ro1ywebo1h||sbo1dbo1
zivekar,do1y wfo2er
zîvekâr,do1y wfo2er
zîverle,ro1ywrlh
ziver,ro1ywr
zîver,ro1ywr
zîvücud,do1y||wxu1wd
zîvücuddur,do1y||wxu1wddr
zîvücud-u,do1y||wxu1wdu4
ziya'a,zo1yeah
ziyaa,zo1yeah
ziyabahş,zo1yebu1xo1so3
ziyabar-ı,zo1yebu1eru4
ziyadaki,zo1yedh||ky
ziyâdaki,zo1yedh||ky
ziya'dan,zo1yeadbo1
ziyadan,zo1yedbo1
ziyadardır,zo1yederdr
ziyâdardır,zo1yederdr
ziyadarın,zo1yederko3
ziyâdârın,zo1yederko3
ziyâdar,zo1bu2eder
ziyâdâr,zo1bu2eder
ziyadâr,zo1u4bu2o4edo4ero0
ziyâdar,zo1u4bu2o4edo4ero0
ziyâdâr,zo1u4bu2o4edo4ero0
zi̇yadar,zo1u4yo4edo4ero0
ziyadar,zo1u4yo4edo4ero0
ziyadar,zo1yeder
ziyâdar,zo1yeder
ziya'da,zo1yedh
ziyada,zo1yedh
ziyâdece,ro1bu2edh||xu1h
ziyadece,ro1yedh<>xu1h||
ziyadedir,ro1yedh||dr
ziyâdelenmek,ro1bu2edh lbo1mk
ziyadelenmek,ro1yedh lbo1mk
ziyâdeleşdirmek,ro1bu2edh||lso3dbu2rmk
ziyadeleşdirmek,ro1yedh<>lso3dyrmk
ziyadeleşdir,ro1yedh<>lso3dyr
ziyadeleşecek,ro1yedh||lso3h||xu1k
ziyadeleşecektir,ro1yedh||lso3h||xu1kdr
ziyadeleşen,ro1yedh||lso3bo1
ziyadeleşip,ro1yedh||lso3wbu1
ziyadeleşir,ro1yedh||lso3yr
ziyadeleşiyor,ro1yedh||lso3ywr
ziyadeleşmekle,ro1yedh||lso3mklh
ziyâdeleşmek,ro1bu2edh||lso3mk
ziyâdeleşmek,ro1bu2edh lso3mk
ziyadeleşmek,ro1yedh<>lso3mk
ziyadeleşmek,ro1yedh lso3mk
ziyadeleşmesi,ro1yedh||lso3mh||sy
ziyadeleşmesiyle,ro1yedh||lso3mh||sylh
ziyadeleşmeyecek,ro1yedh||lso3myh||xu1k
ziyadeleşmeye,ro1yedh||lso3myh
ziyadeleşmiş,ro1yedh||lso3mso3
ziyadeleş,ro1yedh<>lso3
ziyadeleşse,ro1yedh||lso3sh
ziyadeleştiği,ro1yedh||lso3dyko7y
ziyadeleştikçe,ro1yedh||lso3dkxu1h
ziyadeleştiler,ro1yedh||lso3dylr
ziyadeleştirdiği,ro1yedh||lso3dyrdyko7y
ziyadeleştirdiklerinden,ro1yedh||lso3dyrdklrbo1dbo1
ziyadeleştirdi,ro1yedh||lso3dyrdy
ziyadeleştirecek,ro1yedh||lso3dyrh||xu1k
ziyadeleştiren,ro1yedh||lso3dyrbo1
ziyadeleştirin,ro1yedh||lso3dyrko3
ziyadeleştirirler,ro1yedh||lso3dyrrlr
ziyadeleştirir,ro1yedh||lso3dyrr
ziyadeleştirirsin,ro1yedh||lso3dyrrsko3
ziyadeleştiriyor,ro1yedh||lso3dyryywr
ziyadeleştirmeğe,ro1yedh||lso3dyrmko7h
ziyadeleştirmek,ro1yedh||lso3dyrmk
ziyadeleştirmemiş,ro1yedh||lso3dyrmh||mso3
ziyadeleştirmeye,ro1yedh||lso3dyrmko7h
ziyadeleştirmiş,ro1yedh||lso3dyrmso3
ziyadeleşti,ro1yedh||lso3dy
ziyadeleştirsin,ro1yedh||lso3dyrsybo1
ziyadelik,ro1yedh||lk
ziyade-noksan,ro1yedh bo1fo2zebo1
ziyâde olmak,ro1bu2edh ew
ziyade olmak,ro1yedh ew
ziyade,ro1bu2edh
ziyâde,ro1bu2edh
ziyâde,ro1u4bu2o4edo4h
zi̇yade,ro1u4yo4edo4h||
ziyade,ro1u4yo4edo4h||
zi̇yade,ro1yedh||
ziyade,ro1yedh
ziyade,ro1yedh||
ziyâde,ro1yedh
ziyâdesîle,ro1bu2edh||sbu2lh
ziyadesile,ro1yedh<>sylh||
ziyadesine,ro1yedh||sbo1h
ziyadesini,ro1yedh||sbo1y
ziyadesi,ro1yedh||sy
ziyadesiyle,ro1yedh||sylh
ziyadeye,ro1yedh||yh
ziyâde yukârıya çıkmak,ro1bu2edh bu2wfo2ery xu3bu2fo2mfo2
ziyade yukarıya çıkmak,ro1yedh ywfo2ery xu3yfo2mfo2
ziyadırlar,zo1yedrlr
ziya'dır,zo1yeadr
ziyadır,zo1yedr
ziyaeddin'in,zo1yec eldo8ybo1ko3
ziyaeddin'i,zo1yec eldybo1y
ziyaeddin,zo1yec eldo8ybo1
ziyâfet etmek,zo1bu2efo1bo2 e
ziyafet etmek,zo1yefo1bo2 e
ziyafete,zo1yefo1bo2h
ziyâfete,zo1yefo1bo2h
ziyafetgâhının,zo1yefo1bo2ko7ehbo1ko3
ziyafetgâh-ı,zo1yefo1bo2ko7ehu4
ziyafetgâhı,zo1yefo1bo2ko7ehy
ziyafetgâhtaki,zo1yefo1bo2ko7ehdh||ky
ziyafetgâh,zo1yefo1bo2ko7eh
ziyafetindeki,zo1yefo1bo2bo1dh||ky
ziyafetinden,zo1yefo1bo2bo1dbo1
ziyafetine,zo1yefo1bo2bo1h
ziyâfetine,zo1yefo1bo2bo1h
ziyafetin,zo1yefo1bo2ko3
ziyafet-i,zo1yefo1bo2u4
ziyâfet-i,zo1yefo1bo2u4
ziyafeti,zo1yefo1bo2y
ziyafetleri,zo1yefo1bo2lry
ziyafetlerle,zo1yefo1bo2lrlh
ziyafetler,zo1yefo1bo2lr
ziyafetli,zo1yefo1bo2ly
ziyafetse,zo1yefo1bo2sh
ziyafetteki,zo1yefo1bo2dh||ky
ziyafetten,zo1yefo1bo2dbo1
ziyafette,zo1yefo1bo2dh
ziyâfet vermek,zo1bu2efo1bo2 wbu2rmk
ziyafet vermek,zo1yefo1bo2 wyrmk
ziyâfet,zbu2efo1bo2
ziyafet,zo1bu2efo1bo2
ziyâfet,zo1bu2efo1bo2
zi̇yafet,zo1yefo1bo2
ziyafet,zo1yefo1bo2
ziyâfet,zo1yefo1bo2
ziyafet,zyefo1bo2
ziyaına,zo1yeabo1h
ziya'ını,zo1yeabo1y
ziya'ıyla,zo1yeaylh
ziya-i,zo1yecu4
ziyâ-ı,zo1yecu4
ziyalandıracaktır,zo1yelebo1dyrh||xu1fo2dr
ziyalandıracak,zo1yelebo1dyrh||xu1fo2
ziyalandıran,zo1yelebo1dyrebo1
ziyalandırarak,zo1yelebo1dyrh||rfo2
ziyalandırdığı,zo1yelebo1dyrdyao1y
ziyalandırdı,zo1yelebo1dyrdy
ziyalandırılmasında,zo1yelebo1dyrylmsbo1dh
ziyalandırıp,zo1yelebo1dyrwbu1
ziyalandırıyor,zo1yelebo1dyryywr
ziyalandırmaya,zo1yelebo1dyrmao1h
ziyalandı,zo1yelebo1dy
ziyalarından,zo1yelrbo1dbo1
ziyalarının,zo1yelrybo1ko3
ziyalarını,zo1yelrybo1y
ziyaların,zo1yelrko3
ziya'ları,zo1yealry
ziyaları,zo1yelry
ziyalar,zo1yelr
ziyalı,zo1yely
ziyam,zo1yem
ziyancı,ro1bu2ebo1xu1y
ziyancı,ro1yebo1xu1y
ziyanımın,ro1yebo1mko3
ziyanımızı,ro1yebo1mro1y
ziyanın,zo1yebo1ko3
ziyankârlık,ro1bu2ebo1kerlfo2
ziyânkârlık,ro1bu2ebo1kerlfo2
ziyankarlık,ro1yebo1kerlfo2
ziyankâr,ro1bu2ebo1ker
ziyankar,ro1yebo1ker
ziyânkâr,ro1yebo1ker
ziyanları,ro1yebo1lry
ziyan,ro1bu2ebo1
ziyân,ro1bu2ebo1
ziyan,ro1yebo1
ziyân,ro1yebo1
ziyansız,ro1bu2ebo1sro1
ziyansız,ro1yebo1sro1
ziyaretçiden,ro1yerbo2xu1ydbo1
ziyaretçilere,ro1yerbo2xu1ylrh
ziyaretçilerin,ro1yerbo2xu1ylrko3
ziyaretçileri,ro1yerbo2xu1ylry
ziyaretçilerle,ro1yerbo2xu1ylrlh
ziyaretçiler,ro1yerbo2xu1ylr
ziyaretçinin,ro1yerbo2xu1ybo1ko3
ziyâretci,ro1bu2erbo2xu1y
ziyaretci,ro1yerbo2xu1y
ziyaretçi,ro1yerbo2xu1y
ziyarete,ro1yerbo2h
ziyâret etmek,ro1bu2erbo2 e
ziyaret etmek,ro1yerbo2 e
ziyaretğah,ro1bu2erbo2ko7eh
ziyaretgah,ro1yerbo2ko7eh||
ziyaretgâh,ro1yerbo2ko7eh
ziyaretğah,ro1yerbo2ko7eh||
ziyâretgâh,ro1yerbo2ko7eh
ziyaret-i kubûr,ro1u4bu2o4ero4bo2u4 fo2o9bu1o9wro0
zi̇yaret-i̇ kubur,ro1u4yo4ero4bo2u4 fo2o9bu1o9wro0
ziyaret-i kubur,ro1u4yo4ero4bo2u4 fo2o9bu1o9wro0
ziyaretimde,ro1yerbo2mdh
ziyaretinden,ro1yerbo2bo1dbo1
ziyâretine gitmek,ro1bu2edrbo2bo1h kbo2mk
ziyaretine gitmek,ro1yedrbo2bo1h kbo2mk
ziyaretine,ro1yerbo2bo1h
ziyaretini,ro1yerbo2bo1y
ziyaretinize,ro1yerbo2ko3ro1h
ziyaretinizle,ro1yerbo2ko3ro1lh
ziyaretiniz,ro1yerbo2ko3ro1
ziyaret-i,ro1yerbo2u4
ziyareti,ro1yerbo2y
ziyaretlerine,ro1yerbo2lrybo1h
ziyaretleri,ro1yerbo2lry
ziyaretle,ro1yerbo2lh
ziyâret,ro1bu2edbo2
ziyaret,ro1bu2erbo2
ziyâret,ro1bu2erbo2
ziyaret,ro1yedbo2
zi̇yaret,ro1yerbo2
ziyaret,ro1yerbo2
ziyaretten,ro1yerbo2dbo1
ziyasıdır,zo1yesydr
ziyâsıdır,zo1yesydr
ziyasına,zo1yesbo1h
ziyasındaki,zo1yesbo1dh||ky
ziyâsındaki,zo1yesbo1dh||ky
ziyasındandır,zo1yesbo1dbo1dr
ziyasından,zo1yesbo1dbo1
ziyâsından,zo1yesbo1dbo1
ziyasının,zo1yesbo1ko3
ziyasını,zo1yesbo1y
ziyasıyla,zo1yesylh
ziyasiyle,zo1yesylh
ziyâsiyle,zo1yesylh
ziyası,zo1yesy
ziyâsı,zo1yesy
ziyasız,zo1yesro1
ziyâ vermek,zo1bu2ewbu2rmk
ziya vermek,zo1yewyrmk
ziya'ya,zo1yeyh
ziyaya,zo1yeyh
ziyâya,zo1yeyh
ziyâ-yi hakîkat,zo1u4bu2o4ebu2u4 xo4fo2bu2fo2o4bo2o0
ziyâ-yı hakîkat,zo1u4bu2o4ebu2u4 xo4fo2bu2fo2o4bo2o0
zi̇ya-yi haki̇kat,zo1u4yo4eyu4 xo4fo2۪yfo2o4bo2o0
ziya-yı hakikat,zo1u4yo4eyu4 xo4fo2۪yfo2o4bo2o0
ziyâ-yi nesîm,zo1u4bu2o4ebu2u4 bo1o4su4bu2mo0
ziyâ-yı nesîm,zo1u4bu2o4ebu2u4 bo1o4su4bu2mo0
zi̇ya-yi nesi̇m,zo1u4yo4eyu4 bo1o4su4ymo0
ziya-yı nesim,zo1u4yo4eyu4 bo1o4su4ymo0
ziyâ-yi rahmet-i alem,zo1u4bu2o4ebu2u4 ro4xo0mo4bo2o0
ziyâ-yı rahmet-i alem,zo1u4bu2o4ebu2u4 ro4xo0mo4bo2o0
zi̇ya-yi rahmet-i̇ alem,zo1u4yo4eyu4 ro4xo0mo4bo2o0
ziya-yı rahmet-i alem,zo1u4yo4eyu4 ro4xo0mo4bo2o0
ziyâ-yi rahmet,zo1u4bu2o4ebu2u4 ro4xo0mo4bo2o0
ziyâ-yı rahmet,zo1u4bu2o4ebu2u4 ro4xo0mo4bo2o0
zi̇ya-yi rahmet,zo1u4yo4eyu4 ro4xo0mo4bo2o0
ziya-yı rahmet,zo1u4yo4eyu4 ro4xo0mo4bo2o0
ziyâ-yi sohbet,zo1u4bu2o4ebu2u4 zo9xo0bu1o4bo2o0
ziyâ-yı sohbet,zo1u4bu2o4ebu2u4 zo9xo0bu1o4bo2o0
zi̇ya-yi sohbet,zo1u4yo4eyu4 zo9xo0bu1o4bo2o0
ziya-yı sohbet,zo1u4yo4eyu4 zo9xo0bu1o4bo2o0
ziya-yı,zo1yeyu4
ziya'yı,zo1yeyy
ziyayı,zo1yeyy
ziya,zo1bu2e
ziyâ,zo1bu2e
zıyâ,zo1bu2ea
zıyâ',zo1bu2ea
ziyâ',zo1bu2ec
zıyâ',zo1bu2ec
ziyâ,zo1u4bu2o4e
ziyâ',zo1u4bu2o4eao0
zi̇ya,zo1u4yo4e
ziya,zo1u4yo4e
zi̇ya',zo1u4yo4eao0
ziya',zo1u4yo4eao0
zi̇ya,zo1ye
ziya,zo1ye
ziyâ,zo1ye
ziya,zo1yea
ziya',zo1yea
zıya,zo1yea
zıya',zo1yea
zıya’,zo1yea
ziya',zo1yec
ziya’,zo1yec
zıya',zo1yec
zıya’,zo1yec
ziya-zulmet,zo1ye to1lmbo2
zîyezen,do1y||yro1bo1
ziynetlemek,ro1bu2bo1bo2lh||mk
ziynetlemek,ro1ybo1bo2lh<>mk
ziynetlendirip,ro1ybo1bo2lbo1dyrwbu1
ziynetlenmek,ro1bu2bo1bo2lbo1mk
ziynetlenmek,ro1ybo1bo2lbo1mk
ziynetlen,ro1ybo1bo2lbo1
ziynetle,ro1ybo1bo2lh<>
zîynetli,ro1ybo1bo2ly
ziynet,ro1bu2bo1bo2
ziynet,ro1ybo1bo2
ziy,ro1y
ziyy-i,ro1yo8u4
ziyy,ro1yo8
zonguldak,ro1wbo1ao1wldefo2
zonka,ro1wbo1fo2h
zonka,ro1wbo1fo2h||
zonklamak,ro1wbo1fo2lemfo2
zonklama,ro1wbo1fo2lemh
zonklama,ro1wbo1fo2lemh||
zonkla,ro1wbo1fo2le
zoraki asker toplayan kol,ro1wreky askr twbu3lebu2ebo1 fo2wl
zoraki asker toplayan kol,ro1wreky askr twbu3leyebo1 fo2wl
zoraki asker yazmak,ro1wreky askr bu2ero1mfo2
zoraki asker yazmak,ro1wreky askr yero1mfo2
zoraki,ro1wreky
zorâki,ro1wreky
zorbalık etmek,ro1wrbu1elfo2 e
zorbalık,ro1wrbu1elfo2
zorba,ro1wrbu1e
zorbâ,ro1wrbu1e
zor ile almak,ro1wrebu2lh elmfo2
zor ile almak,ro1wreylh elmfo2
zorlamak,ro1wlh<>mfo2
zorlamak,ro1wlh||mfo2
zorlamak,ro1wrlemfo2
zorlamak,ro1wrlmfo2
zorlamakta,ro1wrlemfo2dh
zorla,ro1wlh<>
zorla,ro1wrlh
zorlaştırabilir,ro1wrleso3dyrh||bu1ylyr
zorlayış,ro1wrlebu2so3
zorlayış,ro1wrleyso3
zorluklara,ro1wrlfo2lrh
zorluk,ro1wrlfo2
zorlu,ro1wrlw
zorlu,ro1wrly
zor,ro1wr
zorunda,ro1wrbo1dh
zorun,ro1wrko3
zorunuz,ro1wryko3ro1
zorzoruna,ro1wrro1wrbu2bo1h
zorzoruna,ro1wrro1wrybo1h||
z,ro1
z,so1
z,to1
zuafalar,zo1afo1elr
zuafa,zo1afo1e
zuafa',zo1afo1e
zuafa’,zo1afo1e
zuafâ,zo1afo1e
zuafâ',zo1afo1e
zu'ban,do1wo5bu1ebo1
zu’ban,do1wo5bu1ebo1
zu'bân,do1wo5bu1ebo1
zübde-i,ro1bu1dh'u4
zübdem,ro1bu1dh||m
zübde,ro1bu1dh
zübde,ro1bu1dh||
zübde,ro1o9bu1o0do4h
zübde,ro1o9bu1o0do4h||
zübdesidir,ro1bu1dh||sydr
zübdesi,ro1bu1dh||sy
zübdet-ül,ro1bu1dho2 el
zübdet-ür,ro1bu1dbo2 el
zübdeyi,ro1bu1dh||yy
zübeyde,ro1bu1ydh
zübeyr'in,ro1bu1yrko3
zübeyr,ro1bu1yr
zücace,ro1xu1exu1h
zücacesi,ro1xu1exu1h||sy
zücaciye,ro1xu1exu1yh
zücaciyeye,ro1xu1exu1yh||yh
zücâciyye,ro1xu1exu1bu2h
zücaciyye,ro1xu1exu1yh||
zücac,ro1xu1exu1
zücâc,ro1xu1exu1
zücelali,do1wxu1lely
zucret,zo1xu1rbo2
zû,do1w
zü,do1w
zud,ro1wd
zûd,ro1wd
zu-erbaat-ül-adla,do1werbu1aho2 elezo1lea
zu-erbaat-ül-adlâ,do1werbu1aho2 elezo1lea
zufr,to1fo1r
zûfünun'un,do1w fo1bo1wbo1ko3
zühal'de,ro1xo1ldh
zühal'e,ro1xlh
zühal'in,ro1xlko3
zühal,ro1o9xo4lo0
zuhavî,ro1hewy
zühd,ro1hd
zühd,ro1o9ho0do0
zühdü'dür,ro1hdydr
zühdün,ro1hdko3
zühdü'nündür,ro1hdy||bo1ko3dr
zühdü'nün,ro1hdybo1ko3
zühd-ü,ro1hdu4
zühdü,ro1hdy
zühdü'ye,ro1hdy||yh
zühdü'yü,ro1hdy||yy
zühhad,ro1hed
zühhâd,ro1hed
zühre'den,ro1hrh||dbo1
zühre'nin,ro1hrh||bo1ko3
zühre,ro1hrh
zühre,ro1hrh||
zühretünnur'dan,ro1hrho2 elbo1wrdbo1
zühretünnur,ro1hrho2 elbo1wr
zührevi,ro1hrwy
zührevî,ro1hrwy
zühreye,ro1hrh||yh
zuhr-i,to1hru4
zuhr,to1hr
zuhruf'tan,ro1xo1rfo1dbo1
zühul,do1hwl
zühûl,do1hwl
zuhurata,to1hwrebo2h
zuhurat-ı,to1hwrebo2u4
zuhuratı,to1hwrebo2y
zuhura,to1hwrh
zuhurat,to1hrebo2
zuhûrât,to1hrebo2
zuhurat,to1hwrebo2
zuhûrât,to1hwrebo2
zuhurat,to1o9ho9wro4ebo2o0
zuhûrât,to1o9ho9wro4ebo2o0
zuhurca,to1hwrxu1h
zuhurdan,to1hwrdbo1
zuhur etmek,to1hre
zuhûr etmek,to1hre
zuhur etmek,to1hwre
zuhûr etmek,to1hwre
zuhûr etmek,to1hwrebu2bo2mk
zuhur etmek,to1hwreybo2mk
zuhuri,to1hwry
zuhûrî,to1hwry
zuhuriyle,to1hwrylh
zuhurlarıdır,to1hwrlrydr
zuhurlarına,to1hwrlrybo1h
zuhurlarından,to1hwrlrbo1dbo1
zuhurlarını,to1hwrlrybo1y
zuhurları,to1hwrlry
zuhurlarıyla,to1hwrlrylh
zuhurla,to1hwrlh
zuhur,to1hwr
zuhûr,to1hwr
zuhur,to1o9ho9wro0
zuhûr,to1o9ho9wro0
zuhurudur,to1hwrydr
zuhuruna,to1hwrybo1h
zuhurundaki,to1hwrbo1dh||ky
zuhurundan,to1hwrbo1dbo1
zuhurunda,to1hwrbo1dh
zuhurun,to1hwrko3
zuhurunun,to1hwrybo1ko3
zuhurunu,to1hwrybo1y
zuhur-u,to1hwru4
zuhuru,to1hwry
zuhuruyla,to1hwrylh
zû-kadir,do1w fo2dr
zukak,ro1fo2efo2
zukâk,ro1fo2efo2
zükam,ro1kem
zükâm,ro1kem
zükkam,ro1kem
zükkâm,ro1kem
zükur,do1kwr
zükûr,do1kwr
zükûret,do1kwrbo2
zükûru,do1kwry
zül-acaib,do1w elaxu1eyo5bu1
zülâl-i islâmiyet,ro1o9lo4elu4 eu4so0lo4emu4bu2o4bo2o0
zülal-i̇ i̇slami̇yet,ro1o9lo4elu4 eu4so0lo4emu4yo4bo2o0
zülal-i islamiyet,ro1o9lo4elu4 eu4so0lo4emu4yo4bo2o0
zülâlinden,ro1lelbo1dbo1
zülâl-i nil,ro1o9lo4elu4 bo1u4bu2lo0
zülal-i̇ ni̇l,ro1o9lo4elu4 bo1u4ylo0
zülal-i nil,ro1o9lo4elu4 bo1u4ylo0
zülal-i,ro1lelu4
zülâl-i,ro1lelu4
zülali,ro1lely
zülal,ro1lel
zülâl,ro1lel
zülcelal'de,do1w elxu1leldh
zülcelal'deki,do1w elxu1leldh||ky
zülcelal'den,do1w elxu1leldbo1
zülcelâlden,do1w elxu1leldbo1
zülcelal'dir,do1w elxu1leldr
zülcelâl'dir,do1w elxu1leldr
zülcelâldir,do1w elxu1leldr
zülcelal,do1o9welo0xu1o4lo4elo0
zülcelâl,do1o9welo0xu1o4lo4elo0
zülcelal,do1w elxu1lel
zülcelâl,do1w elxu1lel
zülcelal'e,do1w elxu1lelh
zülcelâl'e,do1w elxu1lelh
zülcelâle,do1w elxu1lelh
zülcelal'i,do1w elxu1lely
zülcelali,do1w elxu1lely
zülcelâli,do1w elxu1lely
zülcelalimizi,do1w elxu1lelmro1y
zülcelâlimizi,do1w elxu1lelmro1y
zülcelalinden,do1w elxu1lelbo1dbo1
zülcelal'inden,do1w elxu1lelko3dbo1
zülcelâlinden,do1w elxu1lelko3dbo1
zülcelal'indir,do1welxu1lelko3dr
zülcelal'in,do1w elxu1lelko3
zülcelalin,do1w elxu1lelko3
zülcelâl'in,do1w elxu1lelko3
zülcelâlin,do1w elxu1lelko3
zülcelal'ine,do1w elxu1lelbo1h
zülcelaline,do1w elxu1lelbo1h
zülcelâl'ine,do1w elxu1lelbo1h
zülcelâline,do1w elxu1lelbo1h
zülcelal'ini,do1w elxu1lelbo1y
zülcelalini,do1w elxu1lelbo1y
zülcelâl'ini,do1w elxu1lelbo1y
zülcelâlini,do1w elxu1lelbo1y
zülcelal'inin,do1w elxu1lelbo1ko3
zülcelalinin,do1w elxu1lelbo1ko3
zülcelâlinin,do1w elxu1lelbo1ko3
zülcelallerine,do1w elxu1lellrybo1h
zülcelallerini,do1w elxu1lellrybo1y
zülcelallerinin,do1w elxu1lellrybo1ko3
zülcemal'den,do1w elxu1meldbo1
zülcemal,do1w elxu1mel
zülcemâl,do1w elxu1mel
zülcemal'e,do1w elxu1melh
zülcemâle,do1w elxu1melh
zülcemal'i,do1w elxu1mely
zülcemali,do1w elxu1mely
zülcemâl'i,do1w elxu1mely
zülcemal'in,do1w elxu1melko3
zülcemâl'in,do1w elxu1melko3
zülcemâlin,do1w elxu1melko3
zülcemal'ini,do1w elxu1melbo1y
zülcemal'inin,do1w elxu1melbo1ko3
zülcemalinin,do1w elxu1melbo1ko3
zülcemâl'inin,do1w elxu1melbo1ko3
zülcemâlinin,do1w elxu1melbo1ko3
zülcemal'lerine,do1w elxu1mellrybo1h
zülcemallerine,do1w elxu1mellrybo1h
zülcemâl'lerine,do1w elxu1mellrybo1h
zülcenaheyndir,do1w elxu1bo1exyo0bo1dr
zülcenaheyn,do1w elxu1bo1exyo0bo1
zülcenaheyn'in,do1w elxu1bo1exyo0bo1ko3
zü-l,do1w el
zül'ecnihadır,do1w eleo5xu1bo1xh||dr
züleyha'nın,ro1o9lo4yo0xo1o4ebo1ko3
zülfikar'a,do1w elfo1fo2erh
zülfikar'dadır,do1w elfo1fo2erdh||dr
zülfikar'da,do1w elfo1fo2erdh
zülfikar'daki,do1welfo1fo2erdh||ky
zülfikar'dan,do1w elfo1fo2erdbo1
zülfikar,do1w elfo1fo2er
zülfikar-ı,do1w elfo1fo2eru4
zülfikar'ı,do1w elfo1fo2ery
zülfikarı,do1welfo1fo2ery
zülfikar'ın,do1w elfo1fo2erko3
zülfikar'la,do1welfo1fo2erlh
zülfikarlarda,do1welfo1fo2erlrdh
zülfikar'lar,do1welfo1fo2erlr
zülfikar'larını,do1welfo1fo2erlrybo1y
zülfikar-misal,do1welfo1fo2ermbo3el
zülf,ro1lfo1
zülf-ü,ro1lfo1u4
zül'ikram,do1w eleu5krem
zülkarneyn'dir,do1welfo2rbo1ybo1dr
zülkarneyn,do1w elfo2rbo1yo0bo1
zülkarneyn'e,do1w elfo2rbo1yo0bo1h
zülkarneyn-i,do1welfo2rbo1ybo1u4
zülkarneyn'in,do1w elfo2rbo1yo0bo1ko3
zülkarneyn-misal,do1w elfo2rbo1yo0bo1||mbo3el
zülkelâm-ı,do1w elklemu4
zülkemal,do1w elkmel
zülkemâl,do1w elkmel
zülkemal'e,do1w elkmelh
zülkemali,do1w elkmely
zülkemal'in,do1w elkmelko3
zülkemalin,do1w elkmelko3
zülkemâl'in,do1w elkmelko3
zülkemâlin,do1w elkmelko3
zülkemal'inin,do1w elkmelbo1ko3
zülkemâl'inin,do1w elkmelbo1ko3
zülkerim,do1w elkrym
zülkifl-i,do1w elkfo1lu4
zül-kur'anı,do1w elfo2reo6bo1y
züll,do1l
züll,do1o9lo8
zülldür,do1o9lo8dr
zulmani,to1lmebo1y
zulmanî,to1lmebo1y
zulmânî,to1lmebo1y
zulmaniyesini,to1lmebo1yh||sbo1y
zulmedenlerden,to1lm eydbo1lrdbo1
zulmedenlere,to1lm eydbo1lrh
zulmedenleri,to1lm eydbo1lry
zulmedenler,to1lm eydbo1lr
zulmeden,to1lm eydbo1
zulmederim,to1lm eydh||rm
zulmederler,to1lm eydrlr
zulmeder,to1lm eydr
zulmedilmez,to1lm eydylmro1
zulmedilse,to1lm eydylsh
zulmediyorlarsa,to1lm eydyywrlrsh
zulmediyorlar,to1lm eydyywrlr
zulmediyorsunuz,to1lm eydyywrsko3ro1
zulmediyor,to1lm eydyywr
zulmen,to1lmo44e
zulmen,to1o9lo0mo44e
zulmetdar,to1lmbo2der
zulmetefza,to1lmbo2 efo1ro1e
zulmetefzâ,to1lmbo2 efo1ro1e
zulmete,to1lmbo2h
zulmethane-i,to1lmbo2xo1ebo1h'u4
zulmet-i̇ kesafet,to1o9lo0mo4bo2u4 ko4bo3o4efo1o4bo2o0
zulmet-i kesafet,to1o9lo0mo4bo2u4 ko4bo3o4efo1o4bo2o0
zulmet-i kesâfet,to1o9lo0mo4bo2u4 ko4bo3o4efo1o4bo2o0
zulmet-i̇ müzevver,to1o9lo0mo4ـbo2u4 mo9ro1o4wo4o8ro0
zulmet-i müzevver,to1o9lo0mo4ـbo2u4 mo9ro1o4wo4o8ro0
zulmet-i müzevver,to1o9lo0mo4bo2u4 mo9ro1o4wo4o8ro0
zulmetindendir,to1lmbo2bo1dbo1dr
zulmetinden,to1lmbo2bo1dbo1
zulmetinde,to1lmbo2bo1dh||
zulmetine,to1lmbo2bo1h
zulmetinin,to1lmbo2bo1ko3
zulmetin,to1lmbo2ko3
zulmet-i,to1lmbo2u4
zulmeti,to1lmbo2y
zulmet-i yeldâ,to1o9lo0mo4bo2u4 bu2o4lo0do4e
zulmet-i̇ yelda,to1o9lo0mo4bo2u4 yo4lo0do4e
zulmet-i yelda,to1o9lo0mo4bo2u4 yo4lo0do4e
zulmetiyle,to1lmbo2ylh
zulmetkârane,to1lmbo2kerebo1h
zulmetlerden,to1lmbo2lrdbo1
zulmetlere,to1lmbo2lrh
zulmetlerine,to1lmbo2lrybo1h
zulmetlerini,to1lmbo2lrybo1y
zulmetlerin,to1lmbo2lrko3
zulmetleri,to1lmbo2lry
zulmetleriyle,to1lmbo2lrylh
zulmetler,to1lmbo2lr
zulmetle,to1lmbo2lh
zulmetlidir,to1lmbo2lydr
zulmetli,to1lmbo2ly
zulmetmediği,to1lm eybo2mdyko7y
zulmetmekle,to1lm eybo2mklh
zulm etmek,to1lm e
zulmetmek,to1lm eybo2mk
zulmetmemek,to1lm eybo2mh||mk
zulmetme,to1lm eybo2mh
zulmetmeyiniz,to1lm eybo2mh||yko3ro1
zulmetmişler,to1lm eybo2mso3lr
zulmetmiştir,to1lm eybo2mso3dr
zulmetmiş,to1lm eybo2mso3
zulme,to1lmh
zulmetse,to1lm eybo2sh
zulmetsizdir,to1lmbo2sro1dr
zulmetsiz,to1lmbo2sro1
zulmettar,to1lmbo2der
zulmetten,to1lmbo2dbo1
zulmette,to1lmbo2dh
zulmettiğini,to1lm eybo2dyko7bo1y
zulmettiklerinin,to1lm eybo2dklrybo1ko3
zulmettiklerini,to1lm eybo2dklrybo1y
zulmettik,to1lm eybo2dk
zulmettiler,to1lm eybo2dylr
zulmettin,to1lm eybo2dko3
zulmettir,to1lmbo2dr
zulmetti,to1lm eybo2dy
zulmet,to1lmbo2
zulmet,to1o9lo0mo4bo2o0
zulmî,to1lmy
zulmiyeleri,to1lmyh||lry
zulm,to1lm
zulm-ü mütehacci̇r,to1o9lo0mo9 mo9bo2o4xo4xu1u4o8ro0
zulm-ü mütehaccir,to1o9lo0mo9 mo9bo2o4xo4xu1u4o8ro0
zulmümüzle,to1lmmro1lh
zulmündeki,to1lmbo1dh||ky
zulmündendir,to1lmbo1dbo1dr
zulmünden,to1lmbo1dbo1
zulmünde,to1lmbo1dh
zulmüne,to1lmbo1h
zulmünle,to1lmko3lh
zulmün,to1lmko3
zulmünün,to1lmbo1ko3
zulmünü,to1lmbo1y
zulmünüzün,to1lmko3ro1ko3
zulm-ü,to1lmu4
zulmü,to1lmy
zülüf,ro1lfo1
zülüfvari,ro1lfo1||wery
zulümat-âbâd,to1lmebo2||eo6bu1ed
zulümata,to1lmebo2h
zulümâta,to1lmebo2h
zulümatına,to1lmebo2bo1h
zulümâtına,to1lmebo2bo1h
zulümatındaki,to1lmebo2bo1dh||ky
zulümatından,to1lmebo2bo1dbo1
zulümatında,to1lmebo2bo1dh
zulümatının,to1lmebo2bo1ko3
zulümatını,to1lmebo2bo1y
zulümatın,to1lmebo2ko3
zulümat-ı,to1lmebo2u4
zulümât-ı,to1lmebo2u4
zulümatı,to1lmebo2y
zulümatıyla,to1lmebo2ylh
zulümatiyle,to1lmebo2ylh
zulümatları,to1lmebo2lry
zulümatlar,to1lmebo2lr
zulümatlıdır,to1lmebo2lydr
zulümatlı,to1lmebo2ly
zulümattan,to1lmebo2dbo1
zulümatta,to1lmebo2dh
zulümattır,to1lmebo2dr
zulumat,to1lmebo2
zulûmat,to1lmebo2
zulümat,to1lmebo2
zulümât,to1lmebo2
zulümden,to1lmdbo1
zulümde,to1lmdh
zulümdür,to1lmdr
zulüme,to1lmh
zulumkarane,to1lmkerebo1h||
zulumkârâne,to1lmkerebo1h
zulümkârane,to1lmkerebo1h
zulümkârlığa,to1lmkerlao1h
zulümkâr,to1lmker
zülümkar,to1lmker
zülümkâr,to1lmker
zulümlerden,to1lmlrdbo1
zulümlerde,to1lmlrdh
zulümlere,to1lmlrh
zulümlerinden,to1lmlrbo1dbo1
zulümlerinde,to1lmlrbo1dh
zulümlerine,to1lmlrybo1h
zulümlerinin,to1lmlrybo1ko3
zülümlerinin,to1lmlrybo1ko3
zulümlerini,to1lmlrybo1y
zulümlerin,to1lmlrko3
zulümleri,to1lmlry
zulümleriyle,to1lmlrylh
zulümlerle,to1lmlrlh
zulümler,to1lmlr
zulümlü,to1lmly
zulümsüz,to1lmsro1
zulüm,to1lm
zülyezen,do1w elyro1bo1
zülziletil-ardu,ro1o9lo0ro1u4lo4bo2u4 eo0leo4ro0zo1o9
zu'meder,ro1am eydr
zümer'de,ro1o9mo4rdh
zümer,ro1o9mo4r
zu'metmişlerdir,ro1am eybo2mso3lrdr
zu'metmişler,ro1am eybo2mso3lr
zu'mlarınca,ro1amlrbo1xu1h
zu'mlarını,ro1amlrybo1y
zümreden,ro1mrh||dbo1
zümrede,ro1mrh||dh
zümre-i,ro1mrh||'u4
zümrelere,ro1mrh||lrh
zümrelerine,ro1mrh||lrybo1h
zümrelerin,ro1mrh||lrko3
zümrenin,ro1mrh||bo1ko3
zümre,ro1mrh
zümre,ro1mrh||
zümre,ro1o9mo0ro4h
zümre,ro1o9mo0ro4h||
zümresinde,ro1mrh||sbo1dh
zümresine,ro1mrh||sbo1h
zümreye,ro1mrh||yh
zu'm,ro1am
zu’m,ro1am
zümrüd,ro1mrd
zümrüt-misal,ro1mrdmbo3el
zümrüt,ro1mrd
zümrütten,ro1mrddbo1
zümum,do1mwm
zümûm,do1mwm
zümürrüd,ro1mrd
zünbur,ro1bo1bu1wr
zünbûr,ro1bo1bu1wr
zünnarın,ro1bo1o8erko3
zünnar-ı,ro1bo1o8eru4
zünnarların,ro1bo1o8erlrko3
zünnar,ro1bo1er
zünnâr,ro1bo1er
zünnar,ro1bo1o8er
zünub,do1bo1wbu1
zünûb,do1bo1wbu1
zünubdur,do1bo1wbu1dr
zünub'sun,do1bo1wbu1sko3
zünub-u,do1bo1wbu1u4
zunûndur,to1bo1wbo1dr
zunun,to1bo1wbo1
zunûn,to1bo1wbo1
zunûn-u,to1bo1wbo1u4
zurafadan,to1rfo1edbo1
zürafa,ro1refo1h
zürafa,ro1refo1h||
zürâfa,ro1refo1h
zurafa,to1rfo1e
zurafâ,to1rfo1e
zürafe,ro1refo1h||
zürâfe,ro1refo1h
zurba,ro1wrbu1e
zûrbâ,ro1wrbu1e
zurefadan,to1rfo1edbo1
zürefa,to1rfo1e
zürefâ,to1rfo1e
zurmend,ro1wrmbo1d
zûrmend,ro1wrmbo1d
zurna,ro1wrbo1e
zurna,swrbo1e
zürraının,ro1ro8eabo1ko3
zürra',ro1rea
zürra’,ro1rea
zürrâ',ro1rea
zürriyetçe,do1ro8ybo2xu1h
zürriyet,do1rbu2bo2
zürriyet,do1rybo2
zürriyetine,do1ro8ybo2bo1h
zürriyetinin,do1ro8ybo2bo1ko3
zürriyyat,do1ryebo2
zürriyyât,do1ryebo2
zürriyyet,do1rbu2bo2
zürriyyet,do1rybo2
zur,ro1wr
zûr,ro1wr
zuruf,to1rwfo1
zurûf,to1rwfo1
züssedye,do1w elbo3o8dyh
zutt,ro1o9to8
züvvar,ro1wer
züvvâr,ro1wer
züyul,do1ywl
züyûl,do1ywl
züzevabe,do1wdo1webu1h||
züzevâbe,do1wdo1webu1h
zu',zo1wc
zu’,zo1wc
zû',zo1wc
