ubade,abu1edh
ubeyd,ao9bu1o4yd
ubeyd'i,abu1ydy
ubeydullah,ao9bu1o4yd eellh
ubeydullah-il,ao9bu1o4yd eellh el
u,bo5w
ubudiyet,abu1wdbu2bo2
ubûdiyet,abu1wdbu2bo2
ubudi̇yet,abu1wdybo2
ubudiyet,abu1wdybo2
ubudiyete,abu1wdybo2h
ubudiyet-i,abu1wdybo2u4
ubudiyeti,abu1wdybo2y
ubudiyetidir,abu1wdybo2ydr
ubudiyetim,abu1wdybo2m
ubudiyetime,abu1wdybo2mh
ubudiyetimi,abu1wdybo2my
ubudiyetimiz,abu1wdybo2mro1
ubudiyetimizi,abu1wdybo2mro1y
ubudiyetin,abu1wdybo2ko3
ubudiyetinde,abu1wdybo2bo1dh
ubudiyetindeki,abu1wdybo2bo1dh||ky
ubudiyetine,abu1wdybo2bo1h
ubudiyetini,abu1wdybo2bo1y
ubudiyetinin,abu1wdybo2bo1ko3
ubudiyetinizi,abu1wdybo2ko3ro1y
ubudiyetinizle,abu1wdybo2ko3ro1lh
ubudiyetinle,abu1wdybo2ko3lh
ubudiyetiyle,abu1wdybo2ylh
ubudiyetkârane,abu1wdybo2kerebo1h
ubûdiyetkârane,abu1wdybo2kerebo1h
ubudiyetkâranelerinden,abu1wdybo2kerebo1h||lrbo1dbo1
ubudiyetle,abu1wdybo2lh
ubûdiyetle,abu1wdybo2lh
ubudiyetler,abu1wdybo2lr
ubudiyetleri,abu1wdybo2lry
ubûdiyetleri,abu1wdybo2lry
ubudiyetlerinde,abu1wdybo2lrbo1dh
ubudiyetlerinden,abu1wdybo2lrbo1dbo1
ubudiyetlerine,abu1wdybo2lrybo1h
ubûdiyetlerine,abu1wdybo2lrybo1h
ubudiyetlerini,abu1wdybo2lrybo1y
ubûdiyetlerini,abu1wdybo2lrybo1y
ubudiyetlerinin,abu1wdybo2lrybo1ko3
ubudiyetleriyle,abu1wdybo2lrylh
ubudiyetlerle,abu1wdybo2lrlh
ubudiyette,abu1wdybo2dh
ubudiyetteki,abu1wdybo2dh||ky
ubudiyetten,abu1wdybo2dbo1
ubûdiyetten,abu1wdybo2dbo1
ubudiyettir,abu1wdybo2dr
ubudiyyet,abu1wdbu2bo2
ubûdiyyet,abu1wdbu2bo2
ubudiyyet,abu1wdybo2
ubûdiyyet,abu1wdybo2
ubûdiyyete,abu1wdybo2h
ubûdiyyet-i,abu1wdybo2u4
ubûdiyyeti,abu1wdybo2y
ubûdiyyetidir,abu1wdybo2ydr
ubûdiyyetimizi,abu1wdybo2mro1y
ubûdiyyetin,abu1wdybo2ko3
ubûdiyyetini,abu1wdybo2ko3y
ubûdiyyetiyle,abu1wdybo2ylh
ubudiyyetle,abu1wdybo2lh
ubûdiyyetle,abu1wdybo2lh
ubûdiyyetleri,abu1wdybo2lry
ubûdiyyetlerini,abu1wdybo2lrybo1y
ubûdiyyette,abu1wdybo2dh
ubûdiyyettir,abu1wdybo2dr
ubura,abu1wrh
ubur,abu1wr
ubûr,abu1wr
ubur etmek,abu1wre
ubûr etmek,abu1wre
ubûruna,abu1wrybo1h
uçabilir,ewxu3ebu1ylyr
uçabilirim,ewxu3ebu1ylyrm
uçacağım,ewxu3exu1ao1m
uçacak,ewxu3h||xu1fo2
uçacaktı,ewxu3h||xu1fo2dy
uçak,ewxu3efo2
uçamam,ewxu3emem
uçamıyor,ewxu3emyywr
uçan,ewxu3ebo1
uçarak,ewxu3erfo2
uçardı,ewxu3erdy
uçar,ewxu3er
uçarız,ewxu3erro1
uçarken,ewxu3erkbo1
uçarsa,ewxu3ersh
ucb,ao9xu1bu1
ucb,axu1bu1
ucbdur,ao9xu1bu1dr
ucbe,ao9xu1bu1h
ucblu,ao9xu1bu1ly
uc,ewxu1
uç,ewxu1
uç,ewxu3
uçkun,ewxu3fo2wbo1
uçkur,ewxu3fo2wr
uçkurluk,ewxu3fo2wrlfo2
uçlarıdır,ewxu1lrydr
uçları,ewxu1lry
uçlarında,ewxu1lrbo1dh
uçlarındaki,ewxu1lrbo1dh||ky
uçlarını,ewxu1lrybo1y
uçlarının,ewxu1lrybo1ko3
uçlarıyla,ewxu1lrylh
uçmadı,ewxu3medy
uçmağa,ewxu3mao1h
uçmak,ewxu3mfo2
uçmaktır,ewxu3mfo2dr
uçmalarına,ewxu3melrybo1h
uçmalarında,ewxu3melrbo1dh
uçmalarını,ewxu3melrybo1y
uçmalarıyla,ewxu3melrylh
uçmamış,ewxu3memso3
uçmasına,ewxu3mesbo1h
uçmasın,ewxu3mesybo1
uçmuş,ewxu3mso3
uçmuşsun,ewxu3mso3sko3
uçtu,ewxu3dy
uçtuğunda,ewxu3dyao1ko3dh
uçtur,ewxu1dr
ucub,ao9xu1bu1
ucub,ao9xu1o9bu1o0
u'cubedir,eaxu1wbu1h||dr
u'cube,eaxu1wbu1h
u'cube,eaxu1wbu1h||
u’cube,eaxu1wbu1h||
ucube,eaxu1wbu1h||
u'cûbe,eaxu1wbu1h
ucûbe,eaxu1wbu1h
u'cube,eo9ao0xu1o9wbu1o4h||
u'cûbe,eo9ao0xu1o9wbu1o4h
u'cubelere,eaxu1wbu1h||lrh
ucublu,ao9xu1bu1ly
uçucu,ewxu3bu2xu1y
uçucu,ewxu3yxu1y
ucudur,ewxu1ydr
ucu,ewxu1y
uçuk,ewxu3fo2
uçuk,ewxu3wfo2
uçukla,ewxu3wfo2le
uçuklamak,ewxu3wfo2lemfo2
ucuna,ewxu1bo1h
ucunda,ewxu1bo1dh
ucundaki,ewxu1bo1dh||ky
ucundan,ewxu1bo1dbo1
ucunu,ewxu1bo1y
ucunu kesmek,ewxu1bo1y ksmk
uçup,ewxu3wbu1
uçup yüksekte durmak,ewxu3wbu3 bu2wkskdh dwrmfo2
uçup yüksekte durmak,ewxu3wbu3 ywkskdh dwrmfo2
uçuracak,ewxu3wrexu1fo2
uçurdu,ewxu3wrdy
uçurdular,ewxu3wrdylr
uçur,ewxu3wr
uçurmak,ewxu1rmfo2
uçurmak,ewxu3rmfo2
uçurmak,ewxu3wrmfo2
uçurmuş,ewxu3wrmso3
uçurt,ewxu3wrbo2
uçurtma,ewxu3rbo2mh
uçurtma,ewxu3rbo2mh||
uçurtma,ewxu3wrbo2me
uçurtmak,ewxu3wrbo2mfo2
uçurulabilir,ewxu3wrylebu1ylyr
uçuruma,ewxu3wrwmh
uçurumdan,ewxu3wrwmdbo1
uçurum,ewxu3rwm
uçurum,ewxu3wrwm
uçurumlara,ewxu3wrwmlrh
uçurumlar,ewxu3wrwmlr
uçurumlarına,ewxu3wrwmlrybo1h
uçurumlarla,ewxu3wrwmlrlh
uçurumuna,ewxu3wrwmbo1h
uçurumunda,ewxu3wrwmbo1dh
uçurumundan,ewxu3wrwmbo1dbo1
uçurur,ewxu3wrwr
uçuruyor,ewxu3wryywr
uçuşan,ewxu3wso3ebo1
uçuş,ewxu3wso3
ucu sivri bir şey sokup açmak,ewxu1y sbu2wry bu1rso3y zwfo2wbu1 exu3mfo2
ucu sivri bir şey sokup açmak,ewxu1y sywry bu1rso3y zwfo2wbu1 exu3mfo2
uçuşlarını,ewxu3wso3lrybo1y
uçuşmak,ewxu3wso3mfo2
uçuşuyla,ewxu3wso3ylh
ucuyla,ewxu1ylh
uçuyor,ewxu3wywr
ucuza,ewxu1wro1h
ucuzca,ewxu1wro1xu1h
ucuzdan,ewxu1wro1dbo1
ucuzdu,ewxu1wro1dy
ucuzdur,ewxu1wro1dr
ucuz,ewxu1wro1
ucuzluğa,ewxu1wro1lao1h
ucuzluğu,ewxu1wro1lao1y
ucuzluğun,ewxu1wro1lao1ko3
ucuzluk,ewxu1wro1lfo2
ucuzlukla,ewxu1wro1lfo2lh
ucuzlukta,ewxu1wro1lfo2dh
ucuzu,ewxu1wro1y
ud ağacı,awdeao1exu1y
ud,awd
udcu,awdxu1y
uddetim,ao9do8o4bo2m
udi,awdy
ud (öd),awd
udul,adwl
udûl,adwl
udûlden,adwldbo1
udvan,adwebo1
udvân,adwebo1
u,eu9
u,ew
ufacık,ewfo1exu1fo2
ufacık tefecik,ewfo2exu1fo2 bo2fo1h||xu1k
ufacık tefecik,ewfo2exu1fo2 bo2fo1h||xu1k
ufak bohça,ewfo1efo2 bu1wao1xu3h
ufak bohça,ewfo1efo2 bu1wao1xu3h||
ufak çalılık,ewfo1efo2 xu3elbu2lfo2
ufak çalılık,ewfo1efo2 xu3elylfo2
ufak çocuk,ewfo1efo2 xu3wxu1fo2
ufak,ewfo1efo2
ufak köy,ewfo1efo2 kwy
ufak parça,ewfo1efo2 bu3erxu3h
ufak parça,ewfo1efo2 bu3erxu3h||
ufak tefek,ewfo1efo2 bo2fo1k
ufala,ewfo1ele
ufala,ewfo1le
ufalamak,ewfo1elemfo2
ufalamak,ewfo1lemfo2
ufalan,ewfo1elebo1
ufalanıp,ewfo1elebo1wbu1
ufalanmak,ewfo1elebo1mfo2
ufal,ewfo1el
ufalma,ewfo1elmh
ufalma,ewfo1elmh||
ufalmak,ewfo1elmfo2
ufalt,ewfo1elbo2
ufaltılma,ewfo1eldlmh
ufaltılma,ewfo1eldlmh||
ufaltma,ewfo1elbo2mh
ufaltma,ewfo1elbo2mh||
ufaltmak,ewfo1elbo2mfo2
ufatmak,ewfo1ebo2mfo2
uf,ewfo1
ufka,eo9fo1fo2h
ufka müvazi,efo1fo2h mwero1y
ufka müvâzi,efo1fo2h mwero1y
ufkî,eo9fo1fo2y
ufk-u,eo9fo1fo2u4
ufku,eo9fo1fo2y
ufkumuzda,eo9fo1fo2mro1dh
ufkuna,eo9fo1fo2bo1h
ufkunda,eo9fo1fo2bo1dh
ufkundaki,eo9fo1fo2bo1dh||ky
ufkundan,eo9fo1fo2bo1dbo1
ufkun,eo9fo1fo2ko3
ufkunu,eo9fo1fo2bo1y
ufuk,efo1fo2
ufuk,eo9fo1fo2
ufuki,efo1fo2y
ufukî,efo1fo2y
ufuklara,efo1fo2lrh
ufuklarda,eo9fo1fo2lrdh
ufuklardan,eo9fo1fo2lrdbo1
ufuklar,eo9fo1fo2lr
ufuklarına,eo9fo1fo2lrybo1h
ufuklarında,eo9fo1fo2lrbo1dh
ufuklarından,eo9fo1fo2lrbo1dbo1
ufuklarını,eo9fo1fo2lrybo1y
ufuktadır,eo9fo1fo2dh||dr
ufukta,eo9fo1fo2dh
ufuktan,eo9fo1fo2dbo1
ufûle,eo9fo1wlh
uful,eo9fo1wl
ufûl,eo9fo1wl
ufulüne,eo9fo1wlbo1h
ufûlüne,eo9fo1wlbo1h
ufulün,eo9fo1wlko3
ufûlüyle,eo9fo1wlylh
ufunet,afo1wbo1bo2
ufûnet,afo1wbo1bo2
ufunet,ao9fo1o9wbo1o4bo2o0
ufûnet,ao9fo1o9wbo1o4bo2o0
ufunetlen,afo1wbo1bo2lbo1
ufunetlendir,afo1wbo1bo2lbo1dyr
ufûnetlendirmek,afo1wbo1bo2lbo1dbu2rmk
ufunetlendirmek,afo1wbo1bo2lbo1dyrmk
ufunetlenmek,afo1wbo1bo2lbo1mk
ufûnetlenmek,afo1wbo1bo2lbo1mk
ufunetli,afo1wbo1bo2ly
ufûnetli,afo1wbo1bo2ly
ufunetsizdir,afo1wbo1bo2sro1dr
uğradı,ewao1redy
uğradığı,ewao1redyao1y
uğradığına,ewao1redyao1bo1h
uğradığın,ewao1redyao1ko3
uğradıkça,ewao1redfo2xu1h
uğradıkları,ewao1redfo2lry
uğradılar,ewao1redylr
uğradım,ewao1redm
uğra,ewao1re
uğrak,ewao1refo2
uğramadan,ewao1remdbo1
uğramadı,ewao1remdy
uğramadığını,ewao1remdyao1bo1y
uğramak,ewao1remfo2
uğramaları,ewao1remelry
uğramaması,ewao1remh||msy
uğramamış,ewao1rememso3
uğraması,ewao1remesy
uğramasına,ewao1remesbo1h
uğramasıyla,ewao1remesylh
uğramayacak,ewao1remeyexu1fo2
uğramayan,ewao1remyebo1
uğramayarak,ewao1remyerfo2
uğramış,ewao1remso3
uğramışlardır,ewao1remso3lrdr
uğramıştır,ewao1remso3dr
uğrardı,ewao1rerdy
uğrar,ewao1rer
uğrarlar,ewao1rerlr
uğrarsın,ewao1rersko3
uğraşacak,ewao1reso3h||xu1fo2
uğrasa,ewao1resh
uğraşalım,ewao1reso3elm
uğraşan,ewao1reso3ebo1
uğraşanlar,ewao1reso3ebo1lr
uğraşarak,ewao1reso3h||rfo2
uğraşayım,ewao1reso3h||ym
uğraş,ewao1reso3
uğraşılan,ewao1reso3ylebo1
uğraşıldıkça,ewao1reso3yldfo2xu1h
uğraşılıyor,ewao1reso3ylyywr
uğraşılmaz,ewao1reso3ylmero1
uğraşılsın,ewao1reso3ylsybo1
uğrasın,ewao1resybo1
uğraşıp,ewao1reso3wbu1
uğraşır,ewao1reso3yr
uğraşırken,ewao1reso3yrkbo1
uğraşırlar,ewao1reso3yrlr
uğraşıyor,ewao1reso3yywr
uğraşıyorlar,ewao1reso3yywrlr
uğraşıyorsunuz,ewao1reso3yywrsko3ro1
uğraşıyorum,ewao1reso3yywrm
uğraşma,ewao1reso3mh
uğraşma,ewao1reso3mh||
uğraşmak,ewao1reso3mfo2
uğraşmaktadırlar,ewao1reso3mfo2dh||drlr
uğraşmaktan,ewao1reso3mfo2dbo1
uğraşmamak,ewao1reso3memfo2
uğraşmamaktır,ewao1reso3memfo2dr
uğraşmam,ewao1reso3mem
uğraşması,ewao1reso3mesy
uğraşmasınlar,ewao1reso3mesybo1lr
uğraşmayacağım,ewao1reso3myh||xu1ao1m
uğraşmaya,ewao1reso3mao1h
uğraşmayınız,ewao1reso3meyko3ro1
uğraşmaz,ewao1reso3mero1
uğraşmışlardı,ewao1reso3mso3lrdy
uğraşmıyor,ewao1reso3myywr
uğraşsın,ewao1reso3sybo1
uğraştığım,ewao1reso3dyao1m
uğraştığından,ewao1reso3dyao1bo1dbo1
uğraştıklarından,ewao1reso3dfo2lrbo1dbo1
uğraştır,ewao1reso3dyr
uğraştırıyorlar,ewao1reso3dyryywrlr
uğraştırmak,ewao1reso3dbu2rmfo2
uğraştırmak,ewao1reso3dyrmfo2
uğraştırmasıyla,ewao1reso3dyrmesylh
uğratan,ewao1rebo2ebo1
uğrat,ewao1rebo2
uğratılarak,ewao1rebo2ylerfo2
uğratılmakla,ewao1rebo2ylmfo2lh
uğratıp,ewao1rebo2wbu1
uğratırlar,ewao1rebo2yrlr
uğratmak,ewao1rebo2mfo2
uğratmaktan,ewao1rebo2mfo2dbo1
uğratmamak,ewao1rebo2memfo2
uğratmayarak,ewao1rebo2myh||rfo2
uğratmaz,ewao1rebo2mero1
uğratmıştır,ewao1rebo2mso3dr
uğratsın,ewao1rebo2sybo1
uğrattığı,ewao1rebo2dyao1y
uğrayacağı,ewao1reyh||xu1ao1y
uğrayacağını,ewao1reyh||xu1ao1bo1y
uğrayacak,ewao1reyh||xu1fo2
uğrayacaklarını,ewao1reyh||xu1fo2lrybo1y
uğrayacaktı,ewao1reyh||xu1fo2dy
uğrayan,ewao1reyebo1
uğrayarak,ewao1reyh||rfo2
uğrayınız,ewao1reyko3ro1
uğrayıp,ewao1reywbu1
uğrayıvermek,ewao1rebu2wbu2rmk
uğrayıvermek,ewao1reywyrmk
uğrulamak,ewao1rbu2lmfo2
uğrulamak,ewao1rylmfo2
uğrumuzda,ewao1rymro1dh
uğruna,ewao1rybo1h
uğrunda,ewao1rbo1dh
uğrundaki,ewao1rbo1dh||ky
uğruyor,ewao1reywr
uğruyorlar,ewao1reywrlr
uğulda,ewao1wlde
uğuldamak,ewao1wldemfo2
uğultu,ewao1wlbo2w
uğurda,ewao1wrdh
uğur,ewao1wr
uğurla,ewao1wrle
uğurlamak,ewao1wrlemfo2
uğurlamıştı,ewao1wrlemso3dy
uğurlar,ewao1wrlr
uğurlar ola,ewao1wrlrewlh
uğurlar ola,ewao1wrlrewlh||
uğurlu,ewao1wrlw
uğurlu,ewao1wrly
uğur ola,ewao1wrewlh
uğur ola,ewao1wrewlh||
uğursuz,ewao1wrsro1
uğursuzluğuyla,ewao1wrsro1lao1ylh
uhban,eo9hbu1ebo1
uhde,ahdh
uhde,ahdh||
uhdeme,ahdh||mh
uhdenizde,ahdh||ko3ro1dh
uhdesindedir,ahdh||sbo1dh||dr
uhdesinden,ahdh||sbo1dbo1
uhdesine,ahdh||sbo1h
uhdud,eo9xo1dwd
uhrada,eo9xo1ro99y||dh
uhrâda,eo9xo1ro99y||dh
uhra,eo9xo1re
uhrâ,eo9xo1ry
uhra,exo1ry
uhrâ,exo1ry
uhranın,eo9xo1ro99y||bo1ko3
uhraya,eo9xo1ro99y||yh
uhrayı,eo9xo1ro99y||yy
uhrâyı,eo9xo1ro99y||yy
uhrevîde,eo9xo1rwydh
uhrevîden,eo9xo1rwydbo1
uhrevîdir,eo9xo1rwydr
uhrevî,eo9xo1o0ro4wbu2
uhrevi̇,eo9xo1o0ro4w۪y
uhrevi,eo9xo1o0ro4w۪y
uhrevî,eo9xo1rwy
uhrevi,exo1rwbu2
uhrevi̇,exo1rwy
uhrevi,exo1rwy
uhrevî,exo1rwy
uhrevîler,eo9xo1rwylr
uhrevîlerine,eo9xo1rwylrybo1h
uhrevimde,eo9xo1rwymdh
uhreviyede,eo9xo1rwyh||dh
uhreviyedeki,eo9xo1rwyh||dh||ky
uhreviyeden,eo9xo1rwyh||dbo1
uhreviyedir,eo9xo1rwyh||dr
uhreviye,eo9xo1rwyh
uhrevîye,eo9xo1rwy||yh
uhreviyeleri,eo9xo1rwyh||lry
uhreviyelerinde,eo9xo1rwyh||lrbo1dh
uhreviyelerine,exo1rwyh||lrybo1h
uhreviyelerinin,eo9xo1rwyh||lrybo1ko3
uhreviyeme,eo9xo1rwyh||mh
uhreviyemin,eo9xo1rwyh||mko3
uhreviyemize,eo9xo1rwyh||mro1h
uhreviyene,eo9xo1rwyh||ko3h
uhreviyeni,eo9xo1rwyh||ko3y
uhreviyenin,eo9xo1rwyh||bo1ko3
uhreviyesi,eo9xo1rwyh||sy
uhreviyesinde,eo9xo1rwyh||sbo1dh
uhreviyesine,eo9xo1rwyh||sbo1h
uhreviyesini,eo9xo1rwyh||sbo1y
uhreviyesinin,exo1rwyh||sbo1ko3
uhreviyeye,eo9xo1rwyh||yh
uhreviyeyi,eo9xo1rwyh||yy
uhrevîyi,eo9xo1rwy||yy
uhreviyyeden,eo9xo1rwyh||dbo1
uhreviyyedir,eo9xo1rwyh||dr
uhreviyye,eo9xo1rwyh
uhreviyye,exo1rwbu2h
uhreviyye,exo1rwyh||
uhreviyyene,eo9xo1rwyh||ko3h
uhreviyyenin,eo9xo1rwyh||bo1ko3
uhreviyyesine,eo9xo1rwyh||sbo1h
uhreviyyesini,eo9xo1rwyh||sbo1y
uhreviyyeyi,eo9xo1rwyh||yy
uht,exo1bo2
uhud'da,eo9xo9ddh
uhud'dan,eo9xo9ddbo1
uhud,eo9xo9d
uhûd-u,ahwdu4
uhud-u,eo9xo9du4
uhud'u,eo9xo9dy
uhud'un,eo9xo9dko3
uhuvvete,exo1wo8bo2h
uhuvvet,eo9xo1o9wo4o8bo2o0
uhuvvet,exo1wbo2
uhuvvet,exo1wo8bo2
uhuvvet-i,exo1wo8bo2u4
uhuvveti,exo1wo8bo2y
uhuvvet-i islâmiye,eo9xo1o9wo8bo2u4 eu4so0lo4emu4bu2o4h
uhuvvet-i̇ i̇slami̇ye,eo9xo1o9wo8bo2u4 eu4so0lo4emu4yo4h||
uhuvvet-i islamiye,eo9xo1o9wo8bo2u4 eu4so0lo4emu4yo4h||
uhuvvetimiz,exo1wo8bo2mro1
uhuvvetimizin,exo1wo8bo2mro1ko3
uhuvvetinden,exo1wo8bo2bo1dbo1
uhuvvetine,exo1wo8bo2bo1h
uhuvvetin,exo1wo8bo2ko3
uhuvvetini,exo1wo8bo2bo1y
uhuvvetinize,exo1wo8bo2ko3ro1h
uhuvvetiyle,exo1wo8bo2ylh
uhuvvetkârane,exo1wo8bo2kerebo1h
uhuvvetkâranesini,exo1wo8bo2kerebo1h||sbo1y
uhuvvetle,exo1wo8bo2lh
uhuvvetlere,exo1wo8bo2lrh
uhuvvetleri,exo1wo8bo2lry
uhuvvetlerine,exo1wo8bo2lrybo1h
uhuvvetlerini,exo1wo8bo2lrybo1y
uhuvvette,exo1wo8bo2dh
uhuvvetteki,exo1wo8bo2dh||ky
uhuvvettir,eo5xo1wo8bo2dr
ukab,afo2ebu1
ukâb,afo2ebu1
ukad-ı,ao9fo2o4du4
ukala,afo2le
ukalâ,afo2le
ukalâdan,afo2ledbo1
ukalâ-i,afo2lecu4
ukalalık,afo2lelfo2
ukalâlık,afo2lelfo2
ukalânın,afo2lebo1ko3
ukalâsını,afo2lesbo1y
ukalâya,afo2leyh
ukalâ-yı,afo2leyu4
ukayl,afo2yl
ukba,afo2bu1e  -- yanlış 
ukbâ,afo2bu1e  -- yanlış 
ukba,afo2bu1y
ukbâ,afo2bu1y
ukbada,afo2bu1edh
ukbadaki,afo2bu1edh||ky
ukba-yı,afo2bu1eyu4 -- yanlış
ukbayı,afo2bu1eyy
ukde,afo2dh
ukde,afo2dh||
ukde,ao9fo2o0do4h
ukde,ao9fo2o0do4h||
ukdede,afo2dh||dh
ukde-i,afo2dh'u4
ukde-i hayatiye,ao9fo2o0do4u4 xo4bu2o4ebo2u4bu2o4h
ukde-i̇ hayati̇ye,ao9fo2o0do4ۀu4 xo4yo4ebo2u4yo4h||
ukde-i hayatiye,ao9fo2o0do4ۀu4 xo4yo4ebo2u4yo4h||
ukdeler,afo2dh||lr
ukdelerden,afo2dh||lrdbo1
ukdeleri,afo2dh||lry
ukdelerinden,afo2dh||lrbo1dbo1
ukdelerine,afo2dh||lrybo1h
ukdelerini,afo2dh||lrybo1y
ukdesi,afo2dh||sy
ukdesinde,afo2dh||sbo1dh
ukdesini,afo2dh||sbo1y
ukdesinin,afo2dh||sbo1ko3
ukdet-ül,afo2dho2 el
ukdeyi,afo2dh||yy
ukkaşe,ao9ko8eso3h
ukkaşe'nin,ao9ko8eso3h||bo1ko3
ukke,ao9ko8h
ukkede,ako8h||dh
ukkeyi,ako8h||yy
uknum,efo2bo1wm
uknûm,efo2bo1wm
ukubat,afo2wbu1ebo2
ukûbât,afo2wbu1ebo2
ukubet,afo2wbu1bo2
ukûbet,afo2wbu1bo2
ukubetle,afo2wbu1bo2lh
ukud,afo2wd
ukûd,afo2wd
ukukları,afo2wfo2lry
ukuk-u,afo2wfo2u4
ukul,afo2wl
ukûl,afo2wl
ukûlde,afo2wldh
ukûlden,afo2wldbo1
ukûldür,afo2wldr
ukule,afo2wlh
ukûle,afo2wlh
ukûl-u,afo2wlu4
ukûl-ü,afo2wlu4
ukulü,afo2wly
ukûlü,afo2wly
ukûlümüzce,afo2wlmro1xu1h
ukûlümüzün,afo2wlmro1ko3
ukûlün,afo2wlko3
ukûlüne,afo2wlbo1h
ula,ewle
ulâ,ewlo99y
ula,ewly
ulah,ewlexo1
ulak,ewlefo2
ulama,ewlemh
ulama,ewlemh||
ulamak,ewlemfo2
ulam,ewlem
ulan,ewlebo1
ulânın,ewlo99y||bo1ko3
ulaşabilir,ewleso3h||bu1ylyr
ulaşacağız,ewleso3h||xu1ao1ro1
ulaşacak,ewleso3h||xu1fo2
ulaşacaklardır,ewleso3h||xu1fo2lrdr
ulaşamamıştır,ewleso3h||memso3dr
ulaşamaz,ewleso3h||mero1
ulaşamazsınız,ewleso3h||mero1sko3ro1
ulaşamıyor,ewleso3h||myywr
ulaşan,ewleso3ebo1
ulaş,ewleso3
ulaşır,ewleso3yr
ulaşırlar,ewleso3yrlr
ulaşmak,ewleso3mfo2
ulaşmasına,ewleso3mesbo1h
ulaşmaz,ewleso3mero1
ulaşmış,ewleso3mso3
ulaştı,ewleso3dy
ulaştığında,ewleso3dyao1bo1dh
ulaştım,ewleso3dm
ulaştıracaktır,ewleso3dyrh||xu1fo2dr
ulaştıran,ewleso3dyrebo1
ulaştırıcı,ewleso3dyryxu1y
ulaştırır,ewleso3dyrr
ulaştırıyorlar,ewleso3dyryywrlr
ulaştırmak,ewleso3drmfo2
ulaştırmak,ewleso3dyrmfo2
ulaştırmaya,ewleso3dyrmao1h
ulaştırmayı,ewleso3dyrmao1y
ulaştırsın,ewleso3dyrsybo1
ulat,ewlebo2
ulatmak,ewlebo2mfo2
ulayıcı,ewlebu2xu1y
ulayıcı,ewleyxu1y
ulâyı,ewlyo99||yy
ulema,alme
ulemâ,alme
ulema,ao9lo4mo4e
ulemâ,ao9lo4mo4e
ulema meclisi,almemxu1lsy
ulemâ meclisi,almemxu1lsy
ulema şurası,almeso3wresy
ulemâ şûrâsı,almeso3wresy
ulemâ-yi ehl-i zâhir,ao9lo4mo4ebu2u4 eo4ho0lu4 to1o4ehu4ro0
ulemâ-yı ehl-i zâhir,ao9lo4mo4ebu2u4 eo4ho0lu4 to1o4ehu4ro0
ulema-yi ehl-i̇ zahi̇r,ao9lo4mo4eyu4 eo4ho0lu4 to1o4ehu4ro0
ulema-yı ehl-i zahir,ao9lo4mo4eyu4 eo4ho0lu4 to1o4ehu4ro0
ulemâ-yi ilm-i kelâm,ao9lo4mo4ebu2u4 au4lo0mu4 ko4leo4mo0
ulemâ-yı ilm-i kelâm,ao9lo4mo4ebu2u4 au4lo0mu4 ko4leo4mo0
ulema-yi i̇lm-i̇ kelam,ao9lo4mo4eyu4 au4lo0mu4 ko4leo4mo0
ulema-yı ilm-i kelam,ao9lo4mo4eyu4 au4lo0mu4 ko4leo4mo0
ulemâ-yi islâm,ao9lo4mo4ebu2u4 eu4so0lo4emo0
ulemâ-yı islâm,ao9lo4mo4ebu2u4 eu4so0lo4emo0
ulema-yi i̇slam,ao9lo4mo4eyu4 eu4so0lo4emo0
ulema-yı islam,ao9lo4mo4eyu4 eu4so0lo4emo0
ulemâ-yi yehûd,ao9lo4mo4ebu2u4 bu2o4ho9wdo0
ulemâ-yı yehûd,ao9lo4mo4ebu2u4 bu2o4ho9wdo0
ulema-yi yehud,ao9lo4mo4eyu4 yo4ho9wdo0
ulema-yı yehud,ao9lo4mo4eyu4 yo4ho9wdo0
uluborlu,ewlwbu1wrlw
ulu,ewlw
ulufe,alwfo1h||
ulûfe,alwfo1h
ulufeci,alwfo1h||xu1y
ulûfeci,alwfo1h||xu1y
uluhiyete,elwhybo2h
uluhiyet,elwhbu2bo2
uluhi̇yet,elwhybo2
uluhiyet,elwhybo2
uluhiyet-i,elwhybo2u4
ulûhiyet-i,elwhybo2u4
uluhiyeti,elwhybo2y
uluhiyetinde,elwhybo2bo1dh
uluhiyetine,elwhybo2bo1h
uluhiyetin,elwhybo2ko3
uluhiyetini,elwhybo2bo1y
uluhiyetinin,elwhybo2bo1ko3
uluhiyetiyle,elwhybo2ylh
uluhiyetleridir,elwhybo2lrydr
uluhiyetleri,eo9lwhybo2lry
uluhiyetlerini,elwhybo2lrybo1y
uluhiyette,elwhybo2dh
uluhiyetten,elwhybo2dbo1
uluhiyettir,elwhybo2dr
ulûhiyyet,elwhbu2bo2
uluhiyyet,elwhybo2
ulûhiyyet,elwhybo2
ulûhiyyet-i,elwhybo2u4
ulûhiyyetinde,elwhybo2bo1dh
ulûhiyyetine,elwhybo2bo1h
ulûhiyyetin,elwhybo2ko3
ulûhiyyetinin,elwhybo2bo1ko3
ulûhiyyetiyle,elwhybo2ylh
ulûhiyyettir,elwhybo2dr
ulukışla,ewlwfo2yso3lh||
ulülazm,ewlw elato1m
ulülebsar,ewlw elebu1zer
ulülemr,ewlw elemr
ulü-l,ewlw el
ululuk,ewlwlfo2
ulûma,alwmh
ulumak,ewlwmfo2
ulum,alwm
ulûm,alwm
ulum,ao9lo9wmo0
ulûm,ao9lo9wmo0
ulûm-i,alwmu4
ulûm-ı diniyyede mâhir papaz,alwm dbu2bo1bu2h dh mehr bu3ebu3es
ulum-ı diniyyede mahir papaz,alwm dybo1yh dh mehr bu3ebu3es
ulûm-ı riyâziyye,alwm rbu2ezo1bu2h
ulum-ı riyaziyye,alwm ryezo1yh||
ulûmları,alwmlry
ulûmlarına,alwmlrybo1h
ulûmların,alwmlrko3
ulûm-u,alwmu4
ulûmu,alwmy
ulum-u müteari̇fe,ao9lo9wmo9 mo9bo2o4ao4eru4fo1o4h||
ulum-u mütearife,ao9lo9wmo9 mo9bo2o4ao4eru4fo1o4h||
ulûm-u müteârife,ao9lo9wmo9 mo9bo2o4ao4eru4fo1o4h
ulûmun,alwmko3
ulûmundan,alwmbo1dbo1
ulûmunu,alwmbo1y
ulûmunun,alwmbo1ko3
ulûmuyla,alwmylh
uluorta,ewlwewrbo2h
uluorta,ewlwewrbo2h||
ulus,ewlws
uluş,ewlwso3
uluşmak,ewlwso3mfo2
ulus'un,ewlwsko3
uluvv,alw
ulüvv,alw
uluvv-i,alwo8u4
ulüvv-i,alwo8u4
uluvv-i cenab,alwxu1bo1ebu1
uluvv-i cenâb,alwxu1bo1ebu1
uluvv-i fıtrat,alwfo1trbo2
uluvv-ü,alwo8u4
ulüvv-ü,alwu4o8
ulüvv-ü cenab,ao9lo9wo9o8 xu1o4bo1o4ebu1o0
ulüvv-ü cenâb,ao9lo9wo9o8 xu1o4bo1o4ebu1o0
ulüvvücenablıkla,alwo8xu1bo1ebu1lfo2lh
ulüvvücenablıktır,alwo8xu1bo1ebu1lfo2dr
ulüvv-ü hi̇mmet,ao9lo9wo9o8 hu4mo4o8bo2o0
ulüvv-ü himmet,ao9lo9wo9o8 hu4mo4o8bo2o0
uluyuş,ewlwbu2so3
uluyuş,ewlwyso3
ulvi,alwbu2
ulvi̇,alwy
ulvi,alwy
ulvî,alwy
ulvî,ao9lo0wbu2
ulvi̇,ao9lo0w۪y
ulvi,ao9lo0w۪y
ulvîde,alwydh
ulvîdir,alwydr
ulvîleştirdi,alwylso3dyrdy
ulvîleştirir,alwylso3dyrr
ulvî'nin,alwybo1ko3
ulvîsi,alwysy
ulvîsinden,alwysbo1dbo1
ulvî-süflî,alwy sfo1ly
ulviye,alwyh
ulvîye,alwy||yh
ulviye,ao9lo0wu4bu2o4h
ulvi̇ye,ao9lo0wu4yo4h||
ulviye,ao9lo0wu4yo4h||
ulviyede,alwyh||dh
ulviyededir,alwyh||dh||dr
ulviyeden,alwyh||dbo1
ulviyedir,alwyh||dr
ulviye-i,alwyh'u4'u4
ulviye'ler,alwyh||lr
ulviye'leri,alwyh||lry
ulviyelerinin,alwyh||lrybo1ko3
ulviyenin,alwyh||bo1ko3
ulviyesi,alwyh||sy
ulviyesinden,alwyh||sbo1dbo1
ulviyesine,alwyh||sbo1h
ulviyesini,alwyh||sbo1y
ulviyesinin,alwyh||sbo1ko3
ulviyet,alwbu2bo2
ulviyet,alwybo2
ulviyet,ao9lo0wu4bu2o4bo2o0
ulvi̇yet,ao9lo0wu4yo4bo2o0
ulviyet,ao9lo0wu4yo4bo2o0
ulviyete,alwybo2h
ulviyet-i,alwybo2u4
ulviyeti,alwybo2y
ulviyetidir,alwybo2ydr
ulviyet-i mâhiyet,ao9lo0wu4bu2o4bo2u4 mo4ehu4bu2o4bo2o0
ulvi̇yet-i̇ mahi̇yet,ao9lo0wu4yo4bo2u4 mo4ehu4yo4bo2o0
ulviyet-i mahiyet,ao9lo0wu4yo4bo2u4 mo4ehu4yo4bo2o0
ulviyetinde,alwybo2bo1dh
ulviyetinden,alwybo2bo1dbo1
ulviyetine,alwybo2bo1h
ulviyetini,alwybo2bo1y
ulviyetinin,alwybo2bo1ko3
ulviyetiyle,alwybo2ylh
ulviyetle,alwybo2lh
ulviyettir,alwybo2dr
ulviyeye,alwyh||yh
ulviyeyi,alwyh||yy
ulviyyât,alwbu2ebo2
ulviyyat,alwyebo2
ulviyyeden,alwyh||dbo1
ulviyyedir,alwyh||dr
ulviyyenin,alwyh||bo1ko3
ulviyyesinden,alwyh||sbo1dbo1
ulviyyesini,alwyh||sbo1y
ulviyyet-i,alwybo2u4
ulviyyeti,alwybo2y
ulviyyetini,alwybo2bo1y
ulviyyetiyle,alwybo2ylh
ulyâ,albu2e
ulya,alye
ulyâ,alye
ulyâda,alyedh
ulyâdan,alyedbo1
ulya-i,alyecu4
ulyâsı,alyesy
ulyasına,alyesbo1h
ulyasını,alyesbo1y
ulyaya,alyeyh
ulyâya,alyeyh
ulya-yı,alyeyu4
umacağız,ewmexu1ao1ro1
umac,ewmexu1
umanlara,ewmebo1lrh
umarım,ewmerm
umarız,ewmerro1
umde,amdh
umde,amdh||
umdeleri,amdh||lry
umdelerini,amdh||lrybo1y
umdeli,amdh||ly
umdem,amdh||m
umdesidir,amdh||sydr
umdesine,amdh||sbo1h
umdet-ül,amdho2 el
umdeye,amdh||yh
umdeyi,amdh||yy
um,ewm
umeyr,amyr
umeyr'i,amyry
umeyr'in,amyrko3
umk,amfo2
ummadığı,ewmmedyao1y
ummadığım,ewmmedyao1m
ummadıkları,ewmmedfo2lry
ummak,emmfo2
ummak,ewmmfo2
ummal,amel
ummâl,amel
ummam,ewmm
ummana,amo8ebo1h
umman,amebo1
ummân,amebo1
umman,amo8ebo1
ummandan,amo8ebo1dbo1
ummandır,amo8ebo1dr
umman-ı,amo8ebo1u4
ummanî,amo8ebo1y
ummanı,ao9mo8ebo1y
ummanın,ao9mo8ebo1ko3
ummanında,ao9mo8ebo1bo1dh
ummanından,amo8ebo1bo1dbo1
ummanlarında,amo8ebo1lrbo1dh
umran,amrebo1
umud,ewmwd
umulmadığı,ewmwlmdyao1y
umulmadık,ewmwlmdfo2
umulmamış,ewmlmemso3
umulmayan,ewmlmbu2ebo1
umulmayan,ewmlmyebo1
umulmaz,ewmlmro1
umuma,amwmh
umum,amwm
umûm,amwm
umum,ao9mo9wmo0
umumca,amwmxu1h
umumda,amwmdh
umumdan,amwmdbo1
umumen,amwme
umûmen,amwme
umumen,amwmeo44
umûmen,amwmeo44
umumen,amwmo44e
umûmen,amwmo44e
umumhane,amwm xo1ebo1h||
umûmhâne,amwm xo1ebo1h
umumi,amwmy
umumî,amwmy
umûmî,amwmy
umumî'de,amwmydh
umumîde,amwmydh
umumî'deki,amwmydh||ky
umumîdeki,amwmydh||ky
umumî'den,amwmydbo1
umumîden,amwmydbo1
umumîdir,amwmydr
umumî-i,amwmyo5u4
umumîleşmek,amwmylso3mk
umumileştirilmesi,amwmylso3dyrylmh||sy
umumiliğe,amwmylko7h
umumiliği,amwmylko7y
umumîliği,amwmylko7y
umumî'nin,amwmybo1ko3
umumînin,amwmybo1ko3
umumîsi,amwmysy
umumîsinde,amwmysbo1dh
umumîsine,amwmysbo1h
umumîsini,amwmysbo1y
umumisinin,amwmysbo1ko3
umumîsinin,amwmysbo1ko3
umumîsiyle,amwmysylh
umumiye,amwmyh
umumîye,amwmy||yh
umumiyede,amwmyh||dh
umumiyedeki,amwmyh||dh||ky
umumiyeden,amwmyh||dbo1
umumiyedir,amwmyh||dr
umumiye-i,amwmyh'u4
umumiyelerine,amwmyh||lrybo1h
umumiyelerini,amwmyh||lrybo1y
umumiyemize,amwmyh||mro1h
umumiyemizin,amwmyh||mro1ko3
umumiyenin,amwmyh||bo1ko3
umumiyesi,amwmyh||sy
umumiyesinde,amwmyh||sbo1dh
umumiyesine,amwmyh||sbo1h
umumiyesini,amwmyh||sbo1y
umumiyesiyle,amwmyh||sylh
umûmiyet,amwmbu2bo2
umumiyet,amwmybo2
umumiyet-i,amwmybo2u4
umumiyeti,amwmybo2y
umûmiyet-i ihvân,ao9mo9wmu4bu2o4bo2u4 eu4xo1o0wo4ebo1o0
umumi̇yet-i̇ i̇hvan,ao9mo9wmu4yo4bo2u4 eu4xo1o0wo4ebo1o0
umumiyet-i ihvan,ao9mo9wmu4yo4bo2u4 eu4xo1o0wo4ebo1o0
umumiyetinden,amwmybo2bo1dbo1
umumiyetine,amwmybo2bo1h
umumiyetiyle,amwmybo2ylh
umumiyetle,amwmybo2lh
umumiyetli,amwmybo2ly
umumiyette,amwmybo2dh
umumiye'ye,amwmyh||yh
umumiyeye,amwmyh||yh
umumiyeyi,amwmyh||yy
umumî'yi,amwmy||yy
umumîyi,amwmy||yy
umumiyle,amwmylh
umumîyle,amwmylh
umumiyye,amwmyh
umumiyyedir,amwmyh||dr
umumiyye-i,amwmyh'u4
umumiyyenin,amwmyh||bo1ko3
umûmiyyet,amwmbu2bo2
umumiyyet,amwmybo2
umumiyyeye,amwmyh||yh
umumla,amwmlh
umumlarında,amwmlrbo1dh
umumlarının,amwmlrybo1ko3
umumu,amwmy
umum-ül,amwm el
umumumuza,amwmmro1h
umumumuz,amwmmro1
umumumuzu,amwmmro1y
umumumuzun,amwmmro1ko3
umumuna,amwmbo1h
umumun,amwmko3
umumunda,amwmbo1dh
umumundan,amwmbo1dbo1
umumunu,amwmbo1y
umumunun,amwmbo1ko3
umumunuza,amwmko3ro1h
umumunuz,amwmko3ro1
umumunuzla,amwmko3ro1lh
umumunuzu,amwmko3ro1y
umumunuzun,amwmko3ro1k
umumuyla,amwmylh
umup,ewmwbu1
umûra,emwrh
umûrda,emwrdh
umûrdaki,emwrdh||ky
umûrdan,emwrdbo1
umur,emwr
umûr,emwr
umur,eo9mo9wro0
umûr,eo9mo9wro0
umûr-ı mâliyye,emwr melbu2h
umur-ı maliyye,emwr melyh||
umûr-ı zabtiyye,emwr zbu1tbu2h
umur-ı zabtiyye,emwr zbu1tyh||
umûrlara,emwrlrh
umûrlarda,emwrlrdh
umûrlardandır,emwrlrdbo1dr
umûrlardan,emwrlrdbo1
umûrlar,emwrlr
umûrlarını,eo9mwrlrybo1y
umursan,emwrsebo1
umursanmak,emwrsebo1mfo2
umur-u,emwru4
umûr-u,emwru4
umûru,emwry
umûr-u gaybiye,eo9mo9wro9 ao1o4bu2o0bu1u4bu2o4h
umur-u gaybi̇ye,eo9mo9wro9 ao1o4yo0bu1u4yo4h||
umur-u gaybiye,eo9mo9wro9 ao1o4yo0bu1u4yo4h||
umur-u hasi̇se,eo9mo9wro9 xo4edu4bo3o4h||
umur-u hasise,eo9mo9wro9 xo4edu4bo3o4h||
umûr-u hasîse,eo9mo9wro9 xo4edu4bo3o4h
umûrumda,eo9mwrmdh
umûruna,emwrybo1h
umûrunda,eo9mwrbo1dh
umûrundan,emwrbo1dbo1
umûrun,emwrko3
umûrunu,emwrybo1y
umut,ewmwbo2
unal,ewlo5o3el
unalmak,ewko3elmfo2
unalmak,ewlo5o3elmfo2
unar,ewlo5o3er
unarmak,ewko3ermfo2
unarmak,ewlo5o3ermfo2
uncu,ewbo1xu1y
unda,bo1dh
undaki,bo1dh||ky
un,ewbo1
unf,abo1fo1
unfen,abo1fo1e
unfuvan,abo1fo1webo1
unfuvân,abo1fo1webo1
unfuvan-ı şebabet,abo1fo1webo1 so3bu1ebu1bo2
unfuvân-ı şebâbet,abo1fo1webo1 so3bu1ebu1bo2
university,ewbo1wrsbo2y
unk,abo1fo2
unkudlu,abo1fo2wdly
unkud-u,abo1fo2wdu4
unmadık,ewko3medfo2
unmadık,ewlo5o3medfo2
unmuzec,ebo1mwdo1xu1
unmûzec,ebo1mwdo1xu1
unnab,abo1ebu1
unnâb,abo1ebu1
unsura,abo1zrh
unsur,abo1zr
unsur,ao9bo1o0zo9ro0
unsurca,abo1zrxu1h
unsurculuk,abo1zrxu1ylfo2
unsurdan,abo1zrdbo1
unsurdur,abo1zrdr
unsurî,abo1zry
unsuriye,abo1zryh
unsuriyesinden,abo1zryh||sbo1dbo1
unsuriyet,abo1zrybo2
unsuriyet,ao9bo1o0zo9ru4bu2o4bo2o0
unsuri̇yet,ao9bo1o0zo9ru4yo4bo2o0
unsuriyet,ao9bo1o0zo9ru4yo4bo2o0
unsuriyete,abo1zrybo2h
unsuriyeti,abo1zrybo2y
unsuriyetin,abo1zrybo2ko3
unsuriyetle,abo1zrybo2lh
unsuriyet-perver,abo1zrybo2||bu3rwr
unsuriyetperver,ao9bo1o0zo9ru4bu2o4bo2o0bu3o4ro0wo4ro0
unsuri̇yetperver,ao9bo1o0zo9ru4yo4bo2o0bu3o4ro0wo4ro0
unsuriyetperver,ao9bo1o0zo9ru4yo4bo2o0bu3o4ro0wo4ro0
unsuriyetperverlerin,abo1zrybo2||bu3rwrlrko3
unsuriyet-perverliğe,abo1zrybo2||bu3rwrlko7h
unsuriyetperverliğe,abo1zrybo2||bu3rwrlko7h
unsuriyet-perverlik,abo1zrybo2||bu3rwrlk
unsuriyetperverlik,abo1zrybo2||bu3rwrlk
unsuriyetten,abo1zrybo2dbo1
unsuriyyet,abo1zrybo2
unsuriyyetin,abo1zrybo2ko3
unsurlara,abo1zrlrh
unsurlar,abo1zrlr
unsurlarda,abo1zrlrdh
unsurlardan,abo1zrlrdbo1
unsurlardır,abo1zrlrdr
unsurları,abo1zrlry
unsurlarına,abo1zrlrybo1h
unsurların,abo1zrlrko3
unsurlarında,abo1zrlrbo1dh
unsurlarından,abo1zrlrbo1dbo1
unsurlarını,abo1zrlrybo1y
unsurlarının,abo1zrlrybo1ko3
unsurlarıyla,abo1zrlrylh
unsur-u,abo1zru4
unsuru,abo1zry
unsurudur,abo1zrydr
unsur-u kesîf,ao9bo1o0zo9ro9 ko4bo3u4bu2fo1o0
unsur-u kesi̇f,ao9bo1o0zo9ro9 ko4bo3u4yfo1o0
unsur-u kesif,ao9bo1o0zo9ro9 ko4bo3u4yfo1o0
unsur-ul,abo1zr el
unsur-u muhît,ao9bo1o0zo9ro9 mo9xu4bu2to0
unsur-u muhi̇t,ao9bo1o0zo9ro9 mo9xu4yto0
unsur-u muhit,ao9bo1o0zo9ro9 mo9xu4yto0
unsuruna,abo1zrybo1h
unsurun,abo1zrko3
unsurunda,abo1zrbo1dh
unsurundan,abo1zrbo1dbo1
unsurunu,abo1zrybo1y
unsurunun,abo1zrybo1ko3
unsur-u zîhayât,ao9bo1o0zo9ro9do1bu2 xo4bu2o4ebo2o0
unsur-u zi̇hayat,ao9bo1o0zo9ro9do1y xo4yo4ebo2o0
unsur-u zihayat,ao9bo1o0zo9ro9do1y xo4yo4ebo2o0
unu,bo1y
unul,ewlo5o3l
unulmak,ewko3lmfo2
unulmak,ewlo5o3lmfo2
unulmaz,ewko3lmero1
unulmaz,ewlo5o3lmero1
unutabiliyordum,ewbo1wbo2h||bu1ylyywrdm
unutamadığım,ewbo1wbo2h||mdyao1m
unutamayacağım,ewbo1wbo2h||myh||xu1ao1m
unutamaz,ewbo1wbo2emero1
unutamıyordum,ewbo1wbo2h||myywrdm
unutamıyorum,ewbo1wbo2emyywrm
unutan,ewbo1wbo2ebo1
unutarak,ewbo1wbo2h||rfo2
unutdur,ewbo1wbo2dyr
unutdurmak,ewbo1wbo2dbu2rmfo2
unutdurmak,ewbo1wbo2dyrmfo2
unut,ewbo1h||bo2
unut,ewbo1wbo2
unutkan,ewbo1wbo2fo2ebo1
unutkanlık,ewbo1wbo2fo2ebo1lfo2
unutmadan,ewbo1wbo2medbo1
unutmadım,ewbo1wbo2medm
unutma,ewbo1wbo2me
unutmağa,ewbo1wbo2mao1h
unutmak,ewbo1h||bo2mfo2
unutmak,ewbo1h||bo2mfo2
unutmak,ewbo1wbo2mfo2
unutmakla,ewbo1wbo2mfo2lh
unutmakta,ewbo1wbo2mfo2dh
unutmalıyız,ewbo1wbo2mely||yro1
unutmamak,ewbo1wbo2memfo2
unutmamak,ewbo1w bo2memfo2
unutmamaktadır,ewbo1wbo2memfo2dh||dr
unutmamalıyız,ewbo1wbo2memly||yro1
unutmaması,ewbo1wbo2memsy
unutmamıştır,ewbo1wbo2memso3dr
unutmasın,ewbo1wbo2mesybo1
unutmasınlar,ewbo1wbo2mesybo1lr
unutmayacağım,ewbo1wbo2myh||xu1ao1m
unutmayacağımı,ewbo1wbo2myh||xu1ao1my
unutmayacaktır,ewbo1wbo2myh||xu1fo2dr
unutmaya,ewbo1wbo2mao1h
unutmayan,ewbo1wbo2myebo1
unutmayarak,ewbo1wbo2myh||rfo2
unutmayınız,ewbo1wbo2meyko3ro1
unutmayıp,ewbo1wbo2meywbu1
unutmayız,ewbo1wbo2meyro1
unutmaz,ewbo1wbo2mro1
unutmıyarak,ewbo1wbo2myh||rfo2
unutmuş,ewbo1wbo2mso3
unutmuşlar,ewbo1wbo2mso3lr
unutmuştum,ewbo1wbo2mso3dm
unutmuşuz,ewbo1wbo2mso3ro1
unutmuyorlar,ewbo1wbo2myywrlr
unutmuyorum,ewbo1wbo2myywrm
unutsa,ewbo1wbo2sh
unuttuğun,ewbo1wbo2dyao1ko3
unuttuğunuz,ewbo1wbo2dyao1ko3ro1
unuttuk,ewbo1wbo2dfo2
unuttukları,ewbo1wbo2dfo2lry
unuttular,ewbo1wbo2dylr
unuttum,ewbo1wbo2dm
unuttun,ewbo1wbo2dko3
unuttunuz,ewbo1wbo2dyko3ro1
unutturacak,ewbo1wbo2dyrh||xu1fo2
unutturamaz,ewbo1wbo2dyremero1
unutturan,ewbo1wbo2dyrebo1
unutturdu,ewbo1wbo2dyrdy
unutturduğu,ewbo1wbo2dyrdyao1y
unutturduktan,ewbo1wbo2dyrdfo2dbo1
unutturdular,ewbo1wbo2dyrdylr
unutturmağa,ewbo1wbo2dyrmao1h
unutturmak,ewbo1wbo2dyrmfo2
unutturmamak,ewbo1wbo2dyrmemfo2
unutturması,ewbo1wbo2dyrmesy
unuttursun,ewbo1wbo2dyrsybo1
unutturulabilen,ewbo1wbo2dyrylebu1ylbo1
unutturuldu,ewbo1wbo2dyryldy
unutturulmaya,ewbo1wbo2dyrylmao1h
unutturulmuş,ewbo1wbo2dyrylmso3
unutturup,ewbo1wbo2dyrwbu1
unutturur,ewbo1wbo2dyrr
unutturuyor,ewbo1wbo2dyryywr
unutulan,ewbo1wbo2ylebo1
unutulmak,ewbo1wdlmfo2
unutulmamış,ewbo1wdlmemso3
unutulmasıdır,ewbo1wbo2lmesydr
unutulması,ewbo1wbo2lmesy
unutulmayacak,ewbo1wbo2lmyh||xu1fo2
unutulmayan,ewbo1wbo2lmyebo1
unutulmayarak,ewbo1wbo2lmyh||rfo2
unutulmaz,ewbo1wbo2lmero1
unutulmuşdu,ewbo1wbo2lmso3dy
unutulmuş,ewbo1wbo2lmso3
unutulsa,ewbo1wbo2lsh
unutulur,ewbo1wbo2lwr
unutuluyor,ewbo1wbo2lywr
unutunuz,ewbo1wbo2ko3ro1
unutup,ewbo1wbo2wbu1
unutur,ewbo1wbo2wr
unutuyordum,ewbo1wbo2wywrdm
unutuyor,ewbo1wbo2wywr
unutuyorum,ewbo1wbo2wywrm
unvan,abo1webo1
unvân,abo1webo1
unvanı,abo1webo1y
unvânı,abo1webo1y
unvanıdır,abo1webo1ydr
unvanına,abo1webo1bo1h
unvanını,abo1webo1bo1y
unvaniyle,abo1webo1ylh
unvâniyle,abo1webo1ylh
unvanları,abo1webo1lry
unvanlarına,abo1webo1lrybo1h
unvanlarının,abo1webo1lrybo1ko3
unvanlı,abo1webo1ly
unzur,eo9bo1o0to1o9ro0
uran,ewrebo1
urbalarını,ewrbu1elrybo1y
urban,arbu1ebo1
urbân,arbu1ebo1
urba,rwbu1ebu2ebu3mfo2
urbasını,ewrbu1h||sbo1y
urcun,arxu1wbo1
urdan,ewrdbo1
urefa,ao9ro4fo1e
urefa,arfo1e
urefâ,arfo1e
ur,ewr
urfa'da,ewrfo1h||dh
urfa'daki,ewrfo1h||dh||ky
urfa'dan,ewrfo1h||dbo1
urfa,ewrfo1e
urfa,ewrfo1h
urfa,ewrfo1h||
urfalılara,ewrfo1h||lylrh
urfa'nın,ewrfo1h||bo1ko3
urfa'ya,ewrfo1h||yh
urfa'yı,ewrfo1h||yy
urgandaki,ewrao1ebo1dh||ky
urgan,ewrao1ebo1
urhan,ewrxo1ebo1
urla,ewrlh||
urmak,ewrmfo2
uruba,ewrwbu1h
uruba,ewrwbu1h||
uruba,rwbu1h
uruba,rwbu1h||
urubasını çıkarmak,ewrwbu1h sbo1y xu3bu2fo2ermfo2
urubasını çıkarmak,ewrwbu1h sbo1y xu3yfo2ermfo2
uruba vermek,ewrwbu1h wbu2rmk
uruba vermek,ewrwbu1h wyrmk
uruca,arwxu1h
uruc,arwxu1
urûc,arwxu1
urucda,arwxu1dh
uruc-u,arwxu1u4
urûc-u,arwxu1u4
urucu,arwxu1y
uru,ewry
uruk,arwfo2
urûk,arwfo2
uruk-u,arwfo2u4
urûku,arwfo2y
urve,arwh
urve,arwh||
urvet-ül,arwho2 el
uryan,aryebo1
uryân,aryebo1
uşak,aso3efo2
uşak,ewso3efo2
uşak,ewso3lfo2
uşakla,ewso3efo2lh
uşaklarını,ewso3efo2lrybo1y
uşak'lı,ao9so3efo2ly
uşaklı,ao9so3efo2ly
usanan,ewzebo1ebo1
usanç,ewzebo1xu1
usanç,ewzebo1xu3
usancı,ewzebo1xu1y
usançla,ewzebo1xu1lh
usançlı,ewzebo1xu1ly
usançsız,ewzebo1xu1sro1
usanç verir,ewzebo1xu1 wbu2rmk
usanç verir,ewzebo1xu1 wyrmk
usandığım,ewzebo1dyao1m
usandım,ewzebo1dm
usandıracak,ewzebo1dyrh||xu1fo2
usandıran,ewzebo1dyrebo1
usandırıcı,ewzebo1dyryxu1y
usandırır,ewzebo1drr
usandırır,ewzebo1dyrr
usandırıyor,ewzebo1dyryywr
usandırmak,ewzebo1drmfo2
usandırmak,ewzebo1dyrmfo2
usandırmakla,ewzebo1dyrmfo2lh
usandırmamak,ewzebo1dyrmemfo2
usandırmamaktır,ewzebo1dyrmemfo2dr
usandırmamalı,ewzebo1dyrmemly
usandırmaması,ewzebo1dyrmh||msy
usandırmamasının,ewzebo1dyrmh||msbo1ko3
usandırmasın,ewzebo1dyrmesybo1
usandırmayacak,ewzebo1dyrmyh||xu1fo2
usandırmayan,ewzebo1dyrmyebo1
usandırmaz,ewzebo1dyrmero1
usandırmıyor,ewzebo1dyrmyywr
usan,ewzebo1
usanılmıyor,ewzebo1ylmyywr
usanıp,ewzebo1wbu1
usanır,ewzebo1yr
usanıyor,ewzebo1yywr
usanmadan,ewzebo1mh||dbo1
usanmadılar,ewzebo1mdylr
usanma,ewzebo1mh
usanmak,ewzebo1mfo2
usanmamak,ewzebo1mh||mfo2
usanmamanızı,ewzebo1memko3ro1y
usanmayan,ewzebo1myebo1
usanmayız,ewzebo1mh||yro1
usanmaz,ewzebo1mero1
usanmış,ewzebo1mso3
usanmıyordum,ewzebo1myywrdm
usare,azerh||
usâre,azerh
usat,azebo2
usât,azebo2
usbu',ezbu1a
us,ews
uskumru,esfo2wmry
uskumru,ewsfo2wmrw
uskuna,esfo2wbo1h
uskuna,esfo2wbo1h||
uskur,ewsfo2wr
uslan,ewzlebo1
uslanmak,ewzlebo1mfo2
uslu,ewzlw
uslu,ewzly
usr,asr
usret,asrbo2
usretli,asrbo2lw
usrub,esrbu1
usrümü,asrymy
usrün,ao9so0rko3
uşşak,aso3efo2
uşşâk,aso3efo2
uşşak-ı,aso3o8efo2u4
uşşakının,aso3o8efo2bo1ko3
ustabaşı,ewsbo2h||bu1eso3y
ustabaşımız,ewsbo2h||bu1eso3mro1
ustabaşına,ewsbo2h||bu1eso3ybo1h
ustabaşısı,ewsbo2h||bu1eso3ysy
usta çıkmak,ewsbo2h xu3bu2fo2mfo2
usta çıkmak,ewsbo2h xu3yfo2mfo2
ustadaki,ewsbo2h||dh||ky
ustadan,ewsbo2h||dbo1
ustadır,ewsbo2h||dr
usta,esbo2ed
usta,ewsbo2e
usta,ewsbo2h
usta,ewsbo2h||
ustalar,ewsbo2h||lr
ustaları,ewsbo2h||lry
ustalarının,ewsbo2h||lrybo1ko3
ustalığın,ewsbo2h||lao1ko3
ustalık,ewsbo2h||lfo2
ustamız,ewsbo2h||mro1
ustanın,ewsbo2h||bo1ko3
ustaoğlu,ewsbo2h ewao1ly
ustası,ewsbo2h||sy
ustasına,ewsbo2h||sbo1h
ustasından,ewsbo2h||sbo1dbo1
ustasını,ewsbo2h||sbo1y
ustasının,ewsbo2h||sbo1ko3
ustasız,ewsbo2h||sro1
ustaya,ewsbo2h||yh
ustayı,ewsbo2h||yy
ustaz (usta),esbo2edo1
ustâz (usta),esbo2edo1
ustra,esbo2rh
ustra,esbo2rh||
ustuc,esbo2xu1
ustuc (ustunç),esbo2xu1
ustunç,esbo2xu1
ustura,esbo2wrh
ustura,esbo2wrh||
ustura,ewsbo2rh
ustura,ewsbo2rh||
ustura,ewsbo2wre
ustura ile almak,ewsbo2rh ebu2lh elmfo2
ustura ile almak,ewsbo2rh eylh elmfo2
usture,estwrh||
ustûre,estwrh
usturevi,estwrwy
ustûrevî,estwrwy
usturlab,estrlebu1
usula,ezwllh||
usûla,ezwllh
usûlce,ezwlxu1h
usûl'de,ezwldh
usûlde,ezwldh
usûldendir,ezwldbo1dr
usûldür,ezwldr
usûle,ezwlh
usūl,eo9zo9wlo0
usŪl,eo9zo9wlo0
usul,ezwl
usûl,ezwl
usûl-i,ezwlu4
usuli,ezwly
usûlî,ezwly
usûliyedendir,ezwlyh||dbo1dr
usûliyle,ezwlylh
usulla savuşmak,ezwllh zewso3mfo2
usûlle çıkmak,ewzwllh xu3bu2fo2mfo2
usulle çıkmak,ewzwllh xu3yfo2mfo2
usûlledir,ezwllh||dr
usûlle,ezwllh
usulle geçmek,ezwllh kxu3mk
usûlle geçmek,ezwllh kxu3mk
usûlle girmek,ewzwllh kbu2rmk
usulle girmek,ewzwllh kyrmk
usulle hareket etmek,ezwllh xrkbo2 e
usûlle hareket etmek,ezwllh xrkbo2 e
usûlleri,ezwllry
usûllerinde,ezwllrbo1dh
usûllerine,ezwllrybo1h
usûllerini,ezwllrybo1y
usûllerinin,ezwllrybo1ko3
usûlleriyle,ezwllrylh
usûlü'd-dîn,eo9zo9wlo9 eldo8bu2bo1o0
usulü'd-di̇n,eo9zo9wlo9 eldo8۪ybo1o0
usulü'd-din,eo9zo9wlo9 eldo8۪ybo1o0
usûlüddin,ezwl eldo8ybo1
usûl-üd,ezwl el
usûl-ü dîn,eo9zo9wlo9 dbu2bo1o0
usul-ü di̇n,eo9zo9wlo9 d۪ybo1o0
usul-ü din,eo9zo9wlo9 d۪ybo1o0
usûlüdür,ezwlydr
usûl-ü,ezwlu4
usûlü,ezwly
usul-ü fikih,eo9zo9wlo9 fo1u4fo2o0h||
usul-ü fıkıh,eo9zo9wlo9 fo1u4fo2o0h||
usûl-ü fikih,eo9zo9wlo9 fo1u4fo2o0h
usûl-ü fıkıh,eo9zo9wlo9 fo1u4fo2o0h
usûl-ül,ezwl el
usûl-u medeniyet,eo9zo9wlo9 mo4do4bo1u4bu2o4bo2o0
usul-u medeni̇yet,eo9zo9wlo9 mo4do4bo1u4yo4bo2o0
usul-u medeniyet,eo9zo9wlo9 mo4do4bo1u4yo4bo2o0
usûlümüze,ezwlmro1h
usûlünce,ezwlbo1xu1h
usûlünde,ezwlbo1dh
usûlünden,ezwlbo1dbo1
usûlüne,ezwlbo1h
usûl'ün,ezwlko3
usûlün,ezwlko3
usûlünü,ezwlbo1y
usûlünün,eo9zwlbo1ko3
usûlünüzü,ezwlko3ro1y
usûlünüzün,ezwlko3ro1ko3
usûlüyle,ezwlylh
usûrun,azwrko3
utanarak,ewbo2ebo1h||rfo2
utandıracak,ewbo2ebo1dyrh||xu1fo2
utandıran,ewbo2ebo1dyrebo1
utandır,ewbo2ebo1dyr
utandırıyor,ewbo2ebo1dyryywr
utandırıyorsun,ewbo2ebo1dyryywrsko3
utandırmak,ewbo2ebo1dbu2rmfo2
utandırmak,ewbo2ebo1dyrmfo2
utandırmak,ewtebo1drmfo2
utan,ewbo2ebo1
utan,ewtebo1
utangaç,ewbo2ebo1ao1exu1
utangaç,ewtebo1ao1exu1
utangaç,ewtebo1ao1xu1
utangan,ewbo2ebo1ao1ebo1
utanır,ewbo2ebo1yr
utanır,ewtebo1wr
utanıyor,ewbo2ebo1yywr
utanıyorlar,ewbo2ebo1yywrlr
utanmak,ewbo2ebo1mfo2
utanmak,ewtebo1mfo2
utanmaz,ewbo2ebo1mero1
utanmıyorlar,ewbo2ebo1myywrlr
utarid,aterd
utârid,aterd
utarit,aterd
ut,awd
utbe,ao9bo2bu1h
utbe'nin,ao9bo2bu1h||bo1ko3
utbe'yi,ao9bo2bu1h||yy
utcu,awdxu1y
utruş,etrwso3
utrûş,etrwso3
utufet,atwfo1bo2
utûfet,atwfo1bo2
uvertür,ewrh||rbo2wr
uvertür,ewrh||rbo2wr
u,?%w
uyacaktır,ewyexu1fo2dr
uyamayacağını,ewyemyh||xu1ao1bo1y
uyanabildi,ewyebo1h||bu1yldy
uyanacağını,ewyebo1h||xu1ao1bo1y
uyanacaklardı,ewyebo1h||xu1fo2lrdy
uyanan,ewyebo1ebo1
uyanarak,ewyebo1h||rfo2
uyandı,ewyebo1dy
uyandığı,ewyebo1dyao1y
uyandığım,ewyebo1dyao1m
uyandık,ewyebo1dfo2
uyandıktan,ewyebo1dfo2dbo1
uyandım,ewyebo1dm
uyandıracak,ewyebo1dyrh||xu1fo2
uyandıran,ewyebo1dyrebo1
uyandırarak,ewyebo1dyrh||rfo2
uyandırdı,ewyebo1dyrdy
uyandırdıklarından,ewyebo1dyrdfo2lrbo1dbo1
uyandırdınız,ewyebo1dyrdyko3ro1
uyandır,ewyebo1dyr
uyandırıcı,ewyebo1dyryxu1y
uyandırılmamak,ewyebo1dyrylmemfo2
uyandırılmasın,ewyebo1dyrylmesybo1
uyandırılmasıyla,ewyebo1dyrylmesylh
uyandırılmıştır,ewyebo1dyrylmso3dr
uyandırıncaya,ewyebo1dyrbo1xu1h||yh
uyandırıp,ewyebo1dyrwbu1
uyandırır,ewyebo1dyrr
uyandırırsa,ewyebo1dyrrsh
uyandırıyor,ewyebo1dyryywr
uyandırıyorlar,ewyebo1dyryywrlr
uyandırıyorsun,ewyebo1dyryywrsko3
uyandırmadan,ewyebo1dyrmdbo1
uyandırmadı,ewyebo1dyrmdy
uyandırmağa,ewyebo1dyrmao1h
uyandırmak,ewbu2ebo1dbu2rmfo2
uyandırmak,ewbu2ebo1drmfo2
uyandırmak,ewyebo1drmfo2
uyandırmak,ewyebo1dyrmfo2
uyandırmakla,ewyebo1dyrmfo2lh
uyandırmasıdır,ewyebo1dyrmsydr
uyandırmaya,ewyebo1dyrmao1h
uyandırmış,ewyebo1dyrmso3
uyandırmıştı,ewyebo1dyrmso3dy
uyandırmıştır,ewyebo1dyrmso3dr
uyandırmıyor,ewyebo1dyrmyywr
uyandırsın,ewyebo1dyrsybo1
uyan,ewyebo1
uyanık,ewbu2ebo1bu2fo2
uyanık,ewbu2ebo1fo2
uyanık,ewyebo1fo2
uyanık,ewyebo1yfo2
uyanıklık,ewyebo1yfo2lfo2
uyanık olmak,ewbu2ebo1fo2 ew
uyanık olmak,ewyebo1fo2 ew
uyanın,ewyebo1ko3
uyanınız,ewyebo1ko3ro1
uyanıp,ewyebo1wbu1
uyanır,ewyebo1yr
uyanırsa,ewyebo1yrsh
uyanıyor,ewyebo1yywr
uyanlar,ewyebo1lr
uyanmak,ewbu2ebo1mfo2
uyanmak,ewyebo1mfo2
uyanmakla,ewyebo1mfo2lh
uyanmalı,ewyebo1mely
uyanmamak,ewyebo1memfo2
uyanmamış,ewyebo1memso3
uyanması,ewyebo1mesy
uyanmasına,ewyebo1mesbo1h
uyanmasının,ewyebo1mesbo1ko3
uyanmasıyla,ewyebo1mesylh
uyanmaz,ewyebo1mero1
uyanmış,ewyebo1mso3
uyanmışlara,ewyebo1mso3lrh
uyanmıştır,ewyebo1mso3dr
uyanmıyor,ewyebo1myywr
uyansalar,ewyebo1sh||lr
uyansam,ewyebo1sh||m
uyarak,ewyerfo2
uyar,ewbu2er
uyar,ewyer
uyduk,ewydfo2
uyduramamak,ewbu2drh mmfo2
uyduramamak,ewydrh mmfo2
uydurarak,ewydyrh||rh||fo2
uydurdukları,ewydwrdfo2lry
uydur,ewydwr
uydurmadık,ewydwrmdfo2
uydurma,ewbu2drmh
uydurma,ewydrmh||
uydurma,ewydwrme
uydurmak,ewbu2drmfo2
uydurmak,ewbu2dwrmfo2
uydurmak,ewydrmfo2
uydurmak,ewydwrmfo2
uydurmaklık,ewbu2drmfo2lfo2
uydurmaklık,ewydrmfo2lfo2
uydurmalar,ewydwrmelr
uydurmalarından,ewydwrmelrbo1dbo1
uydurmalarıyla,ewydyrmelrylh
uydurmalarla,ewydwrmelrlh
uyduruvermek,ewbu2drbu2wbu2rmk
uyduruvermek,ewydrywyrmk
uy,ewy
uyeyne,ao9yybo1h
uygundur,ewyao1wbo1dr
uygun,ewbu2ao1wbo1
uygun,ewyao1wbo1
uygun gelmek,ewbu2awbo1 klmk
uygun gelmek,ewyawbo1 klmk
uygunsuz,ewbu2ao1wbo1sro1
uygunsuz,ewyao1wbo1sro1
uygunsuzluk,ewbu2ao1bo1sro1lfo2
uygunsuzluk,ewyao1bo1sro1lfo2
uykuda başı göğsüne düşmek,ewbu2fo2wdh bu1eso3y kwksbo1h dwso3mk
uykuda başı göğsüne düşmek,ewyfo2wdh bu1eso3y kwksbo1h dwso3mk
uykuda,ewbu2fo2wdh
uykuda,ewyfo2wdh
uykuda,ewyfo2wdh||
uykudan,ewyfo2wdbo1
uykudur,ewyfo2wdr
uyku,ewbu2fo2w
uyku,ewyfo2w
uykularımızı,ewyfo2wlrymro1y
uykularını,ewyfo2wlrybo1y
uykum,ewyfo2wm
uykumu,ewyfo2wmy
uykun,ewyfo2wko3
uykunu,ewyfo2wko3y
uykunun,ewyfo2wbo1ko3
uykusu,ewyfo2wsy
uykusu gelip uyumak,ewbu2fo2wsy klwbu1 ewbu2wmfo2
uykusu gelip uyumak,ewyfo2wsy klwbu1 ewywmfo2
uykusu gelmeklik,ewbu2fo2wsy klmklk
uykusu gelmeklik,ewyfo2wsy klmklk
uykusu gelmiş,ewbu2fo2wsy klmso3
uykusu gelmiş,ewyfo2wsy klmso3
uykusuna,ewyfo2wsbo1h
uykusunda,ewyfo2wsbo1dh
uykusundaki,ewyfo2wsbo1dh||ky
uykusundan,ewyfo2wsbo1dbo1
uykusunu,ewyfo2wsbo1y
uykusunun,ewyfo2wsbo1ko3
uykusuyla,ewyfo2wsylh
uykusuz bırakmak,ewbu2fo2wsro1 bu1refo2mfo2
uykusuz bırakmak,ewyfo2wsro1 bu1refo2mfo2
uykusuz,ewbu2fo2wsro1
uykusuz,ewyfo2wsro1
uykusuzluğundan,ewyfo2wsro1lao1bo1dbo1
uykuya,ewyfo2wyh
uykuyu,ewyfo2wyy
uyluk,ewbu2lfo2
uyluk,ewbu2lwfo2
uyluk,ewylfo2
uyluk,ewylwfo2
uymadığı,ewymdyao1y
uymak,ewbu2mfo2
uymak,ewbu2mmfo2
uymak,ewymfo2
uymak,ewymmfo2
uymamak,ewbu2memfo2
uymamak,ewymemfo2
uymaması,ewymemsy
uymamış,ewbu2memso3
uymamış,ewymemso3
uymanın,ewymebo1ko3
uymayan,ewymyebo1
uymayın,ewymeyko3
uymaz,ewbu2mro1
uymaz,ewymero1
uymaz,ewymro1
uymuyor,ewymeywr
uysal,ewbu2zel
uysal,ewyzel
uyûb,abu2wbu1
uyub,aywbu1
uyûb,aywbu1
uyûb'dur,aywbu1dr
uyûbundan,aywbu1bo1dbo1
uyuduğunuz,ewywdyao1ko3ro1
uyu,ewyw
uyukla,ewywfo2le
uyuklamak,ewbu2wfo2lemfo2
uyuklamak,ewbu2wfo2lmfo2
uyuklamak,ewywfo2lemfo2
uyuklamak,ewywfo2lmfo2
uyulmağa,ewywlmao1h
uyulmasına,ewywlmesbo1h
uyulmasını,ewywlmsbo1y
uyulmayacağını,ewywlmyh||xu1ao1bo1y
uyulup,ewywlwbu1
uyumak,ewbu2wmfo2
uyumak,ewywmfo2
uyumamak,ewbu2wmemfo2
uyumamak,ewywmemfo2
uyumamızı,ewywmemro1y
uyumayıp,ewywmeywbu1
uyum,ewbu2wm
uyum,ewywm
uyumuş,ewbu2wmso3
uyumuş,ewywmso3
uyumuyor,ewywmyywr
uyûn,abu2wbo1
uyun,aywbo1
uyûn,aywbo1
uyûn-u,aywbo1u4
uyup,ewywbu1
uyur,ewbu2wr
uyur,ewywr
uyurlar,ewywrlr
uyuşamadım,ewywso3emdm
uyuşamayıp,ewywso3emeywbu1
uyuş,ewywso3
uyuşmak,ewbu2wso3mfo2
uyuşmak,ewbu3wso3mfo2
uyuşmak,ewywso3mfo2
uyuşmuş,ewbu2so3mso3
uyuşmuş,ewbu2wso3mso3
uyuşmuş,ewyso3mso3
uyuşmuş,ewywso3mso3
uyuşturucu,ewywso3dyryxu1y
uyuşuk,ewbu2so3fo2
uyuşuk,ewbu2wso3fo2
uyuşuk,ewbu2wso3wfo2
uyuşuk,ewyso3fo2
uyuşuk,ewywso3fo2
uyuşuk,ewywso3wfo2
uyuşuk,ewywso3yfo2
uyut,ewywbo2
uyutmak,ewbu2wbo2mfo2
uyutmak,ewywbo2mfo2
uyutturmak,ewywbo2dyrmfo2
uyutucu,ewywbo2wxu1y
uyutup,ewywbo2wbu1
uyutur,ewywbo2wr
uyuyamaz,ewywyemero1
uyuyanlar,ewywyebo1lr
uyuyor,ewbu2wbu2wr
uyuyor,ewywywr
uyuyorsunuz,ewywywrsko3ro1
uyuz,ewbu2wro1
uyuz,ewywro1
uzadıkça,ewro1edfo2xu1h
uzadıya,ewro1edy||yh
uza,ewro1e
uzağa,ewro1eao1h
uzağa,ewro1eao1h||
uzağı,ewro1eao1y
uzağım,ewro1eao1m
uzağına,ewro1eao1bo1h
uzağında,ewro1eao1bo1dh
uzağız,ewro1eao1ro1
uzak bir yer,ewro1efo2 bu1rbu2r
uzak bir yer,ewro1efo2 bu1ryr
uzak düşen,ewro1efo2 dwso3bo1
uzak,ewro1efo2
uzaklara,ewro1efo2lrh
uzaklarda,ewro1efo2lrdh
uzaklardan,ewro1efo2lrdbo1
uzaklaşamadıkça,ewro1efo2leso3h||mdfo2xu1h
uzaklaşan,ewro1efo2leso3ebo1
uzaklaşarak,ewro1efo2leso3h||rfo2
uzaklaşınca,ewro1efo2leso3bo1xu1h
uzaklaşıp,ewro1efo2leso3wbu1
uzaklaşır,ewro1efo2leso3yr
uzaklaşıyor,ewro1efo2leso3yywr
uzaklaşıyorlardı,ewro1efo2leso3yywrlrdy
uzaklaşıyorlar,ewro1efo2leso3yywrlr
uzaklaşmalarına,ewro1fo2leso3mh||lrybo1h
uzaklaşmamak,ewro1efo2leso3memfo2
uzaklaşmamaları,ewro1efo2leso3memlry
uzaklaşmamalı,ewro1efo2leso3memly
uzaklaşmasına,ewro1efo2leso3mh||sbo1h
uzaklaşmasını,ewro1efo2leso3mh||sbo1y
uzaklaşmaz,ewro1efo2leso3mero1
uzaklaşmış,ewro1efo2leso3mso3
uzaklaşsın,ewro1efo2leso3sybo1
uzaklaştı,ewro1efo2leso3dy
uzaklaştığınız,ewro1efo2leso3dyao1ko3ro1
uzaklaştıkça,ewro1efo2leso3dfo2xu1h
uzaklaştılar,ewro1efo2leso3dylr
uzaklaştıracak,ewro1efo2leso3dyrexu1fo2
uzaklaştırarak,ewro1efo2leso3dyrh||rfo2
uzaklaştırdı,ewro1efo2leso3dyrdy
uzaklaştırdılar,ewro1efo2leso3dyrdylr
uzaklaştırıldı,ewro1efo2leso3dyryldy
uzaklaştırıldığınız,ewro1efo2leso3dyryldyao1ko3ro1
uzaklaştırılması,ewro1efo2leso3dyrylmsy
uzaklaştırıp,ewro1efo2leso3dyrwbu1
uzaklaştırıyor,ewro1efo2leso3dyryywr
uzaklaştırıyorlar,ewro1efo2leso3dyryywrlr
uzaklaştırmak,ewro1efo2leso3dyrmfo2
uzaklaştırmaktır,ewro1efo2leso3dyrmfo2dr
uzaklaştırmıştır,ewro1efo2leso3dyrmso3dr
uzaklığı,ewro1efo2lao1y
uzaklığından,ewro1efo2lao1bo1dbo1
uzaklığını,ewro1efo2lao1bo1y
uzaklığıyla,ewro1efo2lao1ylh
uzaklıkça,ewro1efo2lfo2xu1h
uzaklık,ewro1efo2lfo2
uzaklıkla,ewro1efo2lfo2lh
uzaklıkları,ewro1efo2lfo2lry
uzaklıkta,ewro1efo2lfo2dh
uzaklıktaki,ewro1efo2lfo2dh||ky
uzaklıktan,ewro1efo2lfo2dbo1
uzaklıktır,ewro1efo2lfo2dr
uzaklık-yakınlık,ewro1efo2lfo2 yefo2ybo1lfo2
uzaksa,ewro1efo2sh
uzaksın,ewro1efo2sko3
uzakta dolaşan karakol,ewro1efo2dh twle so3ebo1 fo2rh fo2wl
uzakta,ewro1efo2dh
uzakta,ewro1efo2dh||
uzaktaki,ewro1efo2dh||ky
uzaktan,ewro1efo2dbo1
uzaktan îmâ etmek,ewro1efo2dbo1 ebu2me e
uzaktan ima etmek,ewro1efo2dbo1 eyme e
uzaktayız,ewro1efo2dh||yro1
uzaktır,ewro1efo2dr
uzaktırlar,ewro1efo2drlr
uzak-yakın,ewro1efo2 yefo2ybo1
uzak yerler,ewro1efo2 bu2rlr
uzak yerler,ewro1efo2 yrlr
uzaltır,ewro1elbo2yr
uzaltıyor,ewro1elbo2yywr
uzamak,ewro1emfo2
uzamamak,ewro1ememfo2
uzaması,ewro1emesy
uzamasını,ewro1emesbo1y
uzamasıyla,ewro1emesylh
uzamıştı,ewro1emso3dy
uzanabilir,ewro1ebo1h||bu1ylyr
uzanacak,ewro1ebo1h||xu1fo2
uzana,ewro1ebo1h
uzanamadığımızdan,ewro1ebo1h||mdyao1mro1dbo1
uzanan,ewro1ebo1ebo1
uzananlar,ewro1ebo1ebo1lr
uzanarak,ewro1ebo1erfo2
uzandı,ewro1ebo1dy
uzandığı,ewro1ebo1dyao1y
uzandım,ewro1ebo1dm
uzan,ewro1ebo1
uzanıp,ewro1ebo1wbu1
uzanır çekilir,ewro1ebo1wrxu3klwr
uzanır,ewro1ebo1yr
uzanmak,ewro1ebo1mfo2
uzanmasından,ewro1ebo1mh||sbo1dbo1
uzanmaz,ewro1ebo1mero1
uzanmış,ewro1ebo1mso3
uzanmışken,ewro1ebo1mso3kbo1
uzanmıştır,ewro1ebo1mso3dr
uzansın,ewro1ebo1sybo1
uzar,ewro1er
uzatabilir,ewro1ebo2h||bu1ylyr
uzatabilsin,ewro1ebo2h||bu1ylsybo1
uzatacağız,ewro1ebo2h||xu1ao1ro1
uzatacak,ewro1ebo2exu1fo2
uzatamayıp,ewro1ebo2h||meywbu1
uzatamaz,ewro1ebo2emero1
uzatamazlar,ewro1ebo2emero1lr
uzatan,ewro1ebo2ebo1
uzatarak,ewro1ebo2h||rfo2
uzat,ewro1ebo2
uzatılan,ewro1ebo2ylebo1
uzatılıp,ewro1ebo2ylwbu1
uzatılmaktadır,ewro1ebo2ylmfo2dh||dr
uzatılması,ewro1ebo2ylmsy
uzatıp,ewro1ebo2wbu1
uzatır,ewro1ebo2yr
uzatıyor,ewro1ebo2yywr
uzatıyorlar,ewro1ebo2yywrlr
uzatıyorsunuz,ewro1ebo2yywrsko3ro1
uzatmada,ewro1ebo2medh
uzatmadan,ewro1ebo2mh||dbo1
uzatma,ewro1ebo2mh
uzatmak,ewro1ebo2mfo2
uzatmakla,ewro1ebo2mfo2lh
uzatmaktan,ewro1ebo2mfo2dbo1
uzatmak,wro1ebo2mfo2
uzatmamak,ewro1ebo2mh||mfo2
uzatmasınlar,ewro1ebo2mesybo1lr
uzatmaya,ewro1ebo2mao1h
uzatmaz,ewro1ebo2mero1
uzatmazlar,ewro1ebo2mero1lr
uzatmış,ewro1ebo2mso3
uzatmışlardı,ewro1ebo2mso3lrdy
uzatmıştır,ewro1ebo2mso3dr
uzatsa,ewro1ebo2sh
uzatsan,ewro1ebo2sh||ko3
uzatsın,ewro1ebo2sybo1
uzattı,ewro1ebo2dy
uzattığı,ewro1ebo2dyao1y
uzattığımda,ewro1ebo2dyao1mdh
uzattım,ewro1ebo2dm
uzattıran,ewro1ebo2dyrebo1
uzattırmaya,ewro1ebo2dyrmao1h
uzayacak,ewro1eyh||xu1fo2
uz,ewro1
uzlaş,ewro1leso3
uzlaşma,ewro1leso3mh
uzlaşma,ewro1leso3mh||
uzlaşmak,ewro1leso3mfo2
uzlaştırmak,ewro1leso3drmfo2
uzlet,ao9ro1o0lo4bo2o0
uzlet,aro1lbo2
uzlet etmek,aro1lbo2 e
uzletgah,aro1lbo2ko7eh||
uzletgâh,aro1lbo2ko7eh
uzletgüzin,aro1lbo2 ko7ro1ybo1
uzlet-güzîn,aro1lbo2 kro1bu2bo1
uzlet-güzin,aro1lbo2 kro1ybo1
uzlethane,aro1lbo2xo1ebo1h||
uzlethâne,aro1lbo2xo1ebo1h
uzlet-i,aro1lbo2u4
uzma,ao9to1o0mo4e
uzmâ,ao9to1o0mo4e
uzma,ato1me
uzmâ,ato1me
uzma,ato1my
uzmâ,ato1my
uzmada,ato1medh
uzmâda,ato1medh
uzmadan,ato1medbo1
uzmâdan,ato1medbo1
uzmadır,ato1medr
uzma-i,ato1mecu4
uzmanın,ato1mebo1ko3
uzmânın,ato1mebo1ko3
uzması,ato1mesy
uzmâsı,ato1mesy
uzmasına,ato1mesbo1h
uzmâsına,ato1mesbo1h
uzmasında,ato1mesbo1dh
uzmasındaki,ato1mesbo1dh||ky
uzmâsındaki,ato1mesbo1dh||ky
uzmasından,ato1mesbo1dbo1
uzmasını,ato1mesbo1y
uzmasının,ato1mesbo1ko3
uzmaya,ato1meyh
uzmâya,ato1meyh
uzma-yı,ato1meyu4
uzmâ-yı,ato1meyu4
uzmayı,ato1meyy
uzubet,ado1wbu1bo2
uzûbet,ado1wbu1bo2
uzubet,aro1wbu1bo2
uzûbet,aro1wbu1bo2
uzun boylu,ewro1wbo1 bu1wbu2lw
uzun boylu,ewro1wbo1 bu1wylw
uzunca,ewro1wbo1xu1h
uzundur,ewro1wbo1dr
uzun elbise,ewro1wbo1 elbu1sh
uzun elbise,ewro1wbo1 elbu1sh||
uzun elbisesini giymek,ewro1wbo1 elbu1sh sbo1y kbu2mk
uzun elbisesini giymek,ewro1wbo1 elbu1sh sbo1y kymk
uzun ensiz parça,ewro1wbo1 ebo1sro1 bu3erxu3h
uzun ensiz parça,ewro1wbo1 ebo1sro1 bu3erxu3h||
uzun etek,ewro1wbo1 ebo2k
uzun,ewro1wbo1
uzunköprü,ewro1wbo1||kwbu3ry
uzun kütüklü ağaç,ewro1wbo1 kbo2wklweao1exu1
uzunları,ewro1wbo1lry
uzunlaşır,ewro1wbo1leso3yr
uzunlaşıyor,ewro1wbo1leso3ywr
uzunlaşmış,ewro1wbo1leso3mso3
uzunluğu,ewro1wbo1lao1y
uzunluğuna,ewro1wbo1lao1bo1h
uzunluğunda,ewro1wbo1lao1bo1dh
uzunluğundan,ewro1wbo1lao1bo1dbo1
uzunluğuyla,ewro1wbo1lao1ylh
uzunluk,ewro1wbo1lfo2
uzunlukta,ewro1wbo1lfo2dh
uzun şal,ewro1wbo1 so3el
uzunu,ewro1wbo1y
uzun yakı parçası,ewro1wbo1 bu2efo2y bu3erxu3h sy
uzun yakı parçası,ewro1wbo1 yefo2y bu3erxu3h sy
uzuv,azo1w
uzuvcuğuna,azo1wxu1ao1bo1h
uzuvlara,azo1wlrh
uzuvlar,azo1wlr
uzuvları,azo1wlry
uzuvlarına,azo1wlrybo1h
uzuvların,azo1wlrko3
uzuvlarında,azo1wlrbo1dh
uzuvlarından,azo1wlrbo1dbo1
uzuvlarını,azo1wlrybo1y
uzuvlarının,azo1wlrybo1ko3
uzva,azo1wh
uzv,azo1w
uzvi,azo1wy
uzvî,azo1wy
uzviyet,azo1wbu2bo2
uzviyet,azo1wybo2
uzviyeyi,ao9zo1o0wyh||yy
uzvî'yi,azo1wy||yy
uzviyye,azo1wyh
uzviyye,azo1wyh||
uzviyyet,azo1wybo2
uzv-u,azo1wu4
uzvu,azo1wy
uzvuna,azo1wybo1h
uzv-u nafi̇',ao9zo1o0wu4 bo1o4efo1u4ao0
uzv-u nafi',ao9zo1o0wu4 bo1o4efo1u4ao0
uzv-u nâfi',ao9zo1o0wu4 bo1o4efo1u4ao0
uzvun,azo1wko3
uzvundaki,azo1wbo1dh||ky
uzvunu,azo1wybo1y
uzvunun,azo1wybo1ko3
uzza,ao9ro1o8o4e
ûd ağacı,awdeao1exu1y
ûd,awd
ûdi,awdy
ûdî,awdy
ûd (öd),awd
ûlâda,ewlo99y||dh
ûladaki,ewlo99y||dh||ky
ûlâdaki,ewlo99y||dh||ky
ûlâdan,ewlo99y||dbo1
ûlâdır,ewlo99y||dr
ûlâ,ewlo99y
ûlâ,ewly
ûlânın,ewlo99y||bo1ko3
ûlâsındakiler,ewlo99y||sbo1dh||kylr
ûlâya,ewlyo99||yh
ûla-yı,ewlo99yu4
ûlâyı,ewly||o99yy
ûlülazm,ewlw elato1m
ûlülebsâr,ewlw elebu1zer
ûlülemr,ewlw elemr
