şa'ban-i muazzam,so3o4ao0bu1o4ebo1u4 mo9ao4to1o4o8mo0
şa'ban-ı muazzam,so3o4ao0bu1o4ebo1u4 mo9ao4to1o4o8mo0
şa'bân-i muazzam,so3o4ao0bu1o4ebo1u4 mo9ao4to1o4o8mo0
şa'bân-ı muazzam,so3o4ao0bu1o4ebo1u4 mo9ao4to1o4o8mo0
şaban'ın,so3abu1ebo1ko3
şa'bân-i şerîf,so3o4ao0bu1o4ebo1u4 so3o4rbu2fo1o0
şa'bân-ı şerîf,so3o4ao0bu1o4ebo1u4 so3o4rbu2fo1o0
şa'ban-i şeri̇f,so3o4ao0bu1o4ebo1u4 so3o4r۪yfo1o0
şa'ban-ı şerif,so3o4ao0bu1o4ebo1u4 so3o4r۪yfo1o0
şaban-ı,so3abu1ebo1u4
şaban,so3abu1ebo1
şabân,so3abu1ebo1
şabb-i,so3ebu1o8u4
şâbb-i,so3ebu1o8u4
şabb,so3ebu1
şâbb,so3ebu1
şadan,so3edebo1
şâdân,so3edebo1
şâdedecek,so3ed eydh||xu1k
şâdeyleyen,so3ed eo5ylh||ybo1
şadırvanları,so3edyrwebo1lry
şadırvan,so3edrwebo1
şadi,so3edy
şâdî,so3edy
şadmani,so3edmebo1y
şâdmânî,so3edmebo1y
şadman,so3edmebo1
şâdmân,so3edmebo1
şad,so3ed
şâd,so3ed
şad,so3o4edo0
şâd,so3o4edo0
şâdümandır,so3edmebo1dr
şadumani,so3edmebo1y
şâdumânî,so3edmebo1y
şâdümanî,so3edmebo1y
şaduman,so3edmebo1
şâdumân,so3edmebo1
şadurvan,so3edrwebo1
şâdurvan,so3edrwebo1
şafağı,so3fo1fo2y
şafaklar,so3fo1fo2lr
şafak,so3fo1fo2
şâfîdir,so3efo1ydr
şafiîce,so3efo1ayxu1h
şafiî'den,so3efo1aydbo1
şafiî'de,so3efo1aydh
şafiîdir,so3efo1aydr
şâfî-i hakîm,so3o4efo1bo5u4 xo4kbu2mo0
şafi̇-i̇ haki̇m,so3o4efo1۪bo5u4 xo4k۪ymo0
şafi-i hakim,so3o4efo1۪bo5u4 xo4k۪ymo0
şafiîlerce,so3efo1aylrxu1h
şafiîlerde,so3efo1aylrdh
şafiîlerin,so3efo1aylrko3
şafiîleri,so3efo1aylry
şafiîler,so3efo1aylr
şafiî'nin,so3efo1aybo1ko3
şafiîsiniz,so3efo1aysko3ro1
şafii,so3efo1ay
şafiî,so3efo1ay
şâfi'i,so3efo1ay
şâfiî,so3efo1ay
şâfî-i,so3efo1yo5u4
şafiî'ye,so3efo1ay||yh
şafiîyim,so3efo1ay||ym
şafiî'yi,so3efo1ay||yy
şafiîyiz,so3efo1ay||yro1
şafiiyy-i,so3efo1ayo8u4
şafiiyy-ül,so3efo1ayo8o9 el
şafi',so3efo1a
şafi’,so3efo1a
şâfi',so3efo1a
şafi,so3efo1y
şafi',so3efo1y
şâfi',so3efo1y
şâfî,so3efo1y
şâfî,so3o4efo1bu2
şafi̇,so3o4efo1۪y
şafi,so3o4efo1۪y
şafi-ül,so3efo1ayo8o9 el
şâfî'ye,so3efo1y||yh
şaft,so3efo1bo2
şagirdan,so3eko7rdebo1
şâgirdân,so3eko7rdebo1
şagird,so3eko7rd
şâgird,so3eko7rd
şahabeddin,so3hebu1 eldybo1
şahab-ı,so3hebu1u4
şahabların,so3hebu1lrko3
şahablarla,so3hebu1lrlh
şahablar,so3hebu1lr
şahâdet için imzâ koymak,so3hedbo2 ebu2xu3wbo1 emzo1efo2wmfo2
şahadet için imza koymak,so3hedbo2 eyxu3wbo1 emzo1efo2wmfo2
şahadetname,so3hedbo2 bo1emh||
şahâdetname,so3hedbo2 bo1emh
şahadet parmağı,so3hedbo2 bu3rmao1y
şahâdet parmağı,so3hedbo2 bu3rmao1y
şahadet,so3hedbo2
şahâdet,so3hedbo2
şahaneden,so3ehebo1h||dbo1
şahanede,so3ehebo1h||dh
şâhanede,so3ehebo1h||dh
şâhânede,so3ehebo1h||dh
şahanedir,so3ehebo1h||dr
şâhanedir,so3ehebo1h||dr
şâhânedir,so3ehebo1h||dr
şahanenin,so3ehebo1h||bo1ko3
şâhânenin,so3ehebo1h||bo1ko3
şahanesinden,so3ehebo1h||sbo1dbo1
şahanesini,so3ehebo1h||sbo1y
şahanesi,so3ehebo1h||sy
şahane,so3ehebo1h
şahane,so3ehebo1h||
şâhane,so3ehebo1h
şâhâne,so3ehebo1h
şâhaneye,so3ehebo1h||yh
şâhâneye,so3ehebo1h||yh
şahaneyi,so3ehebo1h||yy
şahan,so3ehebo1
şâhân,so3ehebo1
şahbal,so3ehbu1el
şahbaz,so3ehbu1ero1
şahbâz,so3ehbu1ero1
şahdamar,so3eh tmr
şâhdamar,so3eh tmr
şahenşah,so3ehbo1so3eh||
şâhenşâh,so3ehbo1so3eh
şaheserdir,so3eh eo5bo3rdr
şâheserdir,so3eh eo5bo3rdr
şaheseridir,so3eh eo5bo3rydr
şaheserin,so3eh eo5bo3rko3
şâheserin,so3eh eo5bo3rko3
şaheser-i,so3eh eo5bo3ru4
şaheseri,so3eh eo5bo3ry
şaheserlerinden,so3eh eo5bo3rlrbo1dbo1
şaheserler,so3eh eo5bo3rlr
şaheser,so3eh ebo3r
şâheser,so3eh ebo3r
şaheser,so3eh eo5bo3r
şâheser,so3eh eo5bo3r
şahiddirler,so3ehddrlr
şahiddir,so3ehddr
şâhiddir,so3ehddr
şahide,so3ehdh
şahididir,so3ehdydr
şâhid-i ezelî,so3o4ehu4du4 eo4ro1o4lu4bu2
şahi̇d-i̇ ezeli̇,so3o4ehu4du4 eo4ro1o4lu4y
şahid-i ezeli,so3o4ehu4du4 eo4ro1o4lu4y
şahidimiz,so3ehdmro1
şahidim,so3ehdm
şahidin,so3ehdko3
şahi̇d-i̇ sadik,so3o4ehu4du4 zo4edu4fo2o0
şahid-i sadık,so3o4ehu4du4 zo4edu4fo2o0
şahi̇d-i̇ sādik,so3o4ehu4du4 zo4edu4fo2o0
şahid-i sādık,so3o4ehu4du4 zo4edu4fo2o0
şâhid-i sâdik,so3o4ehu4du4 zo4edu4fo2o0
şâhid-i sâdık,so3o4ehu4du4 zo4edu4fo2o0
şâhid-i sādik,so3o4ehu4du4 zo4edu4fo2o0
şâhid-i sĀdık,so3o4ehu4du4 zo4edu4fo2o0
şahid-i,so3ehdu4
şâhid-i,so3ehdu4
şahidi,so3ehdy
şâhidi,so3ehdy
şahidiyiz,so3ehdy||yro1
şahidiz,so3ehdro1
şahid-i zur,so3ehdro1wr
şâhid-i zûr,so3ehdro1wr
şahidlerden,so3ehdlrdbo1
şahidlerdir,so3ehdlrdr
şahidleridir,so3ehdlrydr
şahidlerimin,so3ehdlrymko3
şahidlerimiz,so3ehdlrymro1
şahidlerinden,so3ehdlrbo1dbo1
şahidlerinizi,so3ehdlryko3ro1y
şahidlerin,so3ehdlrko3
şahidleri,so3ehdlry
şahidleriz,so3ehdlrro1
şahidler,so3ehdlr
şahidle,so3ehdlh
şahidliği,so3ehdlko7y
şahidlik,so3ehdlk
şâhidlik,so3ehdlk
şahid olmak,so3ehdew
şâhid olmak,so3ehdew
şahidsiz,so3ehdsro1
şahi̇d,so3ehd
şahid,so3ehd
şâhid,so3ehd
şâhid-ül-ayn,so3ehd elabu2bo1
şâhidü-l-ayn,so3ehdelabu2bo1
şahid-ül-ayn,so3ehd elaybo1
şahidü-l-ayn,so3ehdelaybo1
şahid-zor,so3ehdro1wr
şâhid-zor,so3ehdro1wr
şah-i evliya,so3o4ehu4 eo4wo0lu4bu2o4e
şah-ı evliya,so3o4ehu4 eo4wo0lu4bu2o4e
şah-i evli̇ya,so3o4ehu4 eo4wo0lu4yo4e
şah-ı evliya,so3o4ehu4 eo4wo0lu4yo4e
şahika-i,so3ehfo2h'u4
şahikalarından,so3ehfo2h||lrbo1dbo1
şahikalar,so3ehfo2h||lr
şâhikalar,so3ehfo2h||lr
şâhikasıdır,so3ehfo2h||sydr
şahikasına,so3ehfo2h||sbo1h
şâhikasına,so3ehfo2h||sbo1h
şahikasının,so3ehfo2h||sbo1ko3
şahika,so3ehfo2h
şahika,so3ehfo2h||
şâhika,so3ehfo2h
şahi̇ka,so3o4ehu4fo2o4h||
şahika,so3o4ehu4fo2o4h||
şâhika,so3o4ehu4fo2o4h
şahikayı,so3ehfo2h||yy
şâhik,so3ehfo2
şahımerdan,so3eh mrdebo1
şah'ına,so3ehbo1h
şahinin,so3ehbo1ko3
şahin,so3ehbu2bo1
şâhin,so3ehbu2bo1
şah'ın,so3ehko3
şahın,so3ehko3
şâhın,so3ehko3
şahin,so3ehybo1
şahısça,so3xo1zxu1h
şahıslara,so3xo1zlrh
şahıslardan,so3xo1zlrdbo1
şahıslardır,so3xo1zlrdr
şahıslarımızla,so3xo1zlrymro1lh
şahıslarına,so3xo1zlrybo1h
şahıslarından,so3xo1zlrbo1dbo1
şahıslarında,so3xo1zlrbo1dh
şahıslarının,so3xo1zlrybo1ko3
şahıslarını,so3xo1zlrybo1y
şahıslarınızda,so3xo1zlryko3ro1dh
şahısların,so3xo1zlrko3
şahısları,so3xo1zlry
şahıslar,so3xo1zlr
şahısla,so3xo1zlh
şah-ı,so3ehu4
şâh-ı,so3ehu4
şahi,so3ehy
şah'ı,so3ehy
şahı,so3ehy
şâhî,so3ehy
şâhı,so3ehy
şahısperest,so3xo1z||bu3rsbo2
şahis,so3xo1z
şahıs,so3xo1z
şahıstaki,so3xo1zdh||ky
şahıstan,so3xo1zdbo1
şahısta,so3xo1zdh
şahıstır,so3xo1zdr
şahitleriz,so3ehdlrro1
şahitler,so3ehdlr
şahit,so3ehd
şâhit,so3ehd
şahittirler,so3ehddrlr
şahittir,so3ehddr
şâhittir,so3ehddr
şâh-i velâyet,so3o4ehu4 wo4lo4ebu2o4bo2o0
şâh-ı velâyet,so3o4ehu4 wo4lo4ebu2o4bo2o0
şah-i velayet,so3o4ehu4 wo4lo4eyo4bo2o0
şah-ı velayet,so3o4ehu4 wo4lo4eyo4bo2o0
şahıyla,so3ehylh
şah kalkmak,so3eh fo2elfo2mfo2
şâh kalkmak,so3eh fo2elfo2mfo2
şah kalkmak,so3exo1 fo2elfo2mfo2
şâh kalkmak,so3exo1 fo2elfo2mfo2
şahkar,so3ehker
şâhkâr,so3ehker
şahlanan,so3ehlebo1ebo1
şahlanmak,so3exo1lebo1mfo2
şahlanmış,so3ehlebo1mso3
şahlan,so3exo1lebo1
şahlarının,so3ehlrybo1ko3
şahların,so3ehlrko3
şahları,so3ehlry
şah mat,so3ehmebo2
şahmerdan,so3ehmrdebo1
şâhmerdân,so3ehmrdebo1
şahm-pare,so3xm||bu3erh
şahm,so3o4xo0mo0
şahm,so3xm
şahname,so3ehbo1emh||
şahne,so3xbo1h
şahne,so3xbo1h||
şahnişîn,so3ehbo1so3bu2bo1
şâhnişin,so3ehbo1so3bu2bo1
şâhnişîn,so3ehbo1so3bu2bo1
şahnişin,so3ehbo1so3ybo1
şahrahına,so3eh||rehbo1h
şahrâh-ı,so3eh||rehu4
şahrah,so3ehreh||
şâhrah,so3ehreh
şâhrâh,so3ehreh
şahreg,so3ehrko7
şâhreg,so3ehrko7
şahsan,so3xo1zeo44
şahsar,so3exo1ser
şâhsâr,so3exo1ser
şahsa,so3xo1zh
şahsen,so3xo1ze
şahsen,so3xo1zo44e
şahsımadır,so3xo1zmh||dr
şahs-i ma'nevî,so3o4xo1o0zu4 mo4ao0bo1o4wbu2
şahs-ı ma'nevî,so3o4xo1o0zu4 mo4ao0bo1o4wbu2
şahs-i ma'nevi̇,so3o4xo1o0zu4 mo4ao0bo1o4w۪y
şahs-ı ma'nevi,so3o4xo1o0zu4 mo4ao0bo1o4w۪y
şahsıma,so3xo1zmh
şahsımdaki,so3xo1zmdh||ky
şahsımdan,so3xo1zmdbo1
şahsımda,so3xo1zmdh
şahsımın,so3xo1zmko3
şahsımı,so3xo1zmy
şahsımıza,so3xo1zmro1h
şahsımız,so3xo1zmro1
şahsımla,so3xo1zmlh
şahsım,so3xo1zm
şahsına,so3xo1zbo1h
şahsından,so3xo1zbo1dbo1
şahsında,so3xo1zbo1dh
şahsının,so3xo1zbo1ko3
şahsını,so3xo1zbo1y
şahsınıza,so3xo1zko3ro1h
şahsın,so3xo1zko3
şahsîsinden,so3xo1zysbo1dbo1
şahsîsine,so3xo1zysbo1h
şahsîsini,so3xo1zysbo1y
şahs-ı,so3xo1zu4
şahsi,so3xo1zy
şahsî,so3xo1zy
şahsı,so3xo1zy
şahs-i vahi̇d,so3o4xo1o0zu4 wo4exu4do0
şahs-i vahid,so3o4xo1o0zu4 wo4exu4do0
şahs-ı vahid,so3o4xo1o0zu4 wo4exu4do0
şahsiyatın,so3xo1zyebo2ko3
şahsiyatı,so3xo1zyebo2y
şahsiyatla,so3xo1zyebo2lh
şahsiyât,so3xo1zbu2ebo2
şahsiyat,so3xo1zyebo2
şahsiyece,so3xo1zyh||xu1h
şahsiyedeki,so3xo1zyh||dh||ky
şahsiyede,so3xo1zyh||dh
şahsiyedir,so3xo1zyh||dr
şahsiye-i,so3xo1zyh'u4
şahsiyelerinden,so3xo1zyh||lrbo1dbo1
şahsiyelerinde,so3xo1zyh||lrbo1dh
şahsiyelerini,so3xo1zyh||lrybo1y
şahsiyeme,so3xo1zyh||mh
şahsiyemi,so3xo1zyh||my
şahsiyemize,so3xo1zyh||mro1h
şahsiyenin,so3xo1zyh||bo1ko3
şahsiyenizi,so3xo1zyh||ko3ro1y
şahsiyesinden,so3xo1zyh||sbo1dbo1
şahsiyesinde,so3xo1zyh||sbo1dh
şahsiyesine,so3xo1zyh||sbo1h
şahsiyesinin,so3xo1zyh||sbo1ko3
şahsiyesini,so3xo1zyh||sbo1y
şahsiyesi,so3xo1zyh||sy
şahsiyesiyle,so3xo1zyh||sylh
şahsiye,so3xo1zyh
şahsiyete,so3xo1zybo2h
şahsiyet-i âdemiyet,so3o4xo1o0zu4bu2o4bo2u4 eo6do4mu4bu2o4bo2o0
şahsi̇yet-i̇ ademi̇yet,so3o4xo1o0zu4yo4bo2u4 eo6do4mu4yo4bo2o0
şahsiyet-i ademiyet,so3o4xo1o0zu4yo4bo2u4 eo6do4mu4yo4bo2o0
şahsiyetidir,so3xo1zybo2ydr
şahsiyetime,so3xo1zybo2mh
şahsiyetimin,so3xo1zybo2mko3
şahsiyetimi,so3xo1zybo2my
şahsiyetimle,so3xo1zybo2mlh
şahsiyetim,so3xo1zybo2m
şahsiyetinden,so3xo1zybo2bo1dbo1
şahsiyetinde,so3xo1zybo2bo1dh
şahsiyetine,so3xo1zybo2bo1h
şahsiyetinin,so3xo1zybo2bo1ko3
şahsiyetini,so3xo1zybo2bo1y
şahsiyetinizin,so3xo1zybo2ko3ro1ko3
şahsiyetiniz,so3xo1zybo2ko3ro1
şahsiyetin,so3xo1zybo2ko3
şahsiyet-i,so3xo1zybo2u4
şahsiyeti,so3xo1zybo2y
şahsiyetiyle,so3xo1zybo2ylh
şahsiyetlerden,so3xo1zybo2lrdbo1
şahsiyetlere,so3xo1zybo2lrh
şahsiyetlerine,so3xo1zybo2lrybo1h
şahsiyetlerin,so3xo1zybo2lrko3
şahsiyetleri,so3xo1zybo2lry
şahsiyetlerle,so3xo1zybo2lrlh
şahsiyetler,so3xo1zybo2lr
şahsiyetle,so3xo1zybo2lh
şahsiyetsizliği,so3xo1zybo2sro1lko7y
şahsiyet,so3xo1zbu2bo2
şahsiyet,so3xo1zybo2
şahsiyette,so3xo1zybo2dh
şahsiyettir,so3xo1zybo2dr
şahsiyetti,so3xo1zybo2dy
şahsiyeye,so3xo1zyh||yh
şahsiyeyi,so3xo1zyh||yy
şahsıyla,so3xzylh
şahsiyledir,so3xo1zylh||dr
şahsiyle,so3xo1zylh
şahsiyyedir,so3xo1zyh||dr
şahsiyye-i,so3xo1zyh'u4
şahsiyyesine,so3xo1zyh||sbo1h
şahsiyyesini,so3xo1zyh||sbo1y
şahsiyyesiyle,so3xo1zyh||sylh
şahsiyye,so3xo1zyh
şah,so3eh
şah,so3eh||
şâh,so3eh
şah,so3exo1
şâh,so3exo1
şahs,so3xo1z
şahsüvar,so3eh swer
şahtan,so3ehdbo1
şahvar,so3ehwer
şahzade,so3ehro1edh||
şâhzade,so3ehro1edh
şaibe-i,so3eyo5bu1h'u4
şaibesinden,so3eyo5bu1h||sbo1dbo1
şaibesiz,so3eyo5bu1h||sro1
şaibe,so3ebo5bu1h||
şâibe,so3ebo5bu1h
şaika,so3eyo5fo2h
şâika,so3eyo5fo2h
şaikayı,so3eyo5fo2h||yy
şairane,so3earebo1h||
şairâne,so3earebo1h
şâirane,so3earebo1h
şâirâne,so3earebo1h
şâiraneyi,so3earebo1h||yy
şairan,so3earebo1
şâiran,so3earebo1
şaire,so3earh||
şâire,so3earh
şâirimizin,so3earymro1ko3
şâirimiz,so3earymro1
şâirinin,so3earybo1ko3
şâirin,so3earko3
şâir-i,so3earu4
şâiri,so3eary
şâirlere,so3earlrh
şâirlerinin,so3earlrybo1ko3
şâirlerin,so3earlrko3
şâirleri,so3earlry
şâirler,so3earlr
şairlik,so3earlk
şâirlik,so3earlk
şaîr,so3abu2r
şair,so3ayr
şair,so3ear
şâir,so3ear
şâir-üt,so3ear el
şakaayık,so3fo2ebo5fo2
şakacı,so3efo2exu1y
şaka etmek,so3fo2e e
şakaik,so3fo2ebo5fo2
şakâik,so3fo2ebo5fo2
şakaikünnuman a.),so3fo2ecfo2 elbo1amebo1
şakai̇künnuman,so3fo2ecfo2 elbo1amebo1
şakaikünnuman,so3fo2ecfo2 elbo1amebo1
şakâikünnumân,so3fo2ecfo2 elbo1amebo1
şakak,so3efo2efo2
şakak,so3fo2efo2
şakak,so3fo2fo2
şakak yeri,so3fo2fo2 bu2ry
şakak yeri,so3fo2fo2 yry
şakalaşmak,so3efo2eleso3mfo2
şakalaş,so3efo2eleso3
şaka,so3efo2e
şaka,so3efo2h
şaka,so3fo2e
şakaya,so3efo2h||yh
şakayık,so3fo2ebo5fo2
şakayı,so3efo2h||yy
şak etmek,so3fo2 e
şakîlerinden,so3fo2ylrbo1dbo1
şakîlerinin,so3fo2ylrybo1ko3
şakilerin,so3fo2ylrko3
şakîlerin,so3fo2ylrko3
şakîleri,so3fo2ylry
şakımak,so3efo2bu2mfo2
şakımak,so3efo2ymfo2
şâkirane,so3ekrebo1h
şakırdamak,so3efo2bu2rdemfo2
şakırdamak,so3efo2yrdemfo2
şakırda,so3efo2yrde
şakırdatmak,so3efo2bu2rdebo2mfo2
şakırdatmak,so3efo2yrdebo2mfo2
şakırdat,so3efo2yrdebo2
şakirddir,so3ekrddr
şâkir'den,so3ekrdbo1
şakirde,so3ekrdh
şakirdidir,so3ekrdydr
şakirdimle,so3ekrdmlh
şakirdinden,so3ekrdbo1dbo1
şakirdinde,so3ekrdbo1dh
şakirdine,so3ekrdybo1h
şakirdinin,so3ekrdybo1ko3
şakirdini,so3ekrdybo1y
şakirdiniz,so3ekrdyko3ro1
şakirdin,so3ekrdko3
şâkirdirler,so3ekrdrlr
şâkirdir,so3ekrdr
şakırdı,so3efo2bu2rdy
şakırdı,so3efo2yrdy
şakirdi,so3ekrdy
şâkirdi,so3ekrdy
şakirdiyim,so3ekrdy||ym
şakirdiyle,so3ekrdylh
şâkirdiyye akçesi,so3ekrdbu2h efo2xu3h sy
şakirdiyye akçesi,so3ekrdyh efo2xu3h sy
şakirdlerdeki,so3ekrdlrdh||ky
şakirdlerden,so3ekrdlrdbo1
şakirdlerde,so3ekrdlrdh
şakirdlerdir,so3ekrdlrdr
şakirdlere,so3ekrdlrh
şakirdleridirler,so3ekrdlrydrlr
şakirdleridir,so3ekrdlrydr
şâkirdleridir,so3ekrdlrydr
şakirdlerim,so3ekrdlrm
şakirdlerince,so3ekrdlrbo1xu1h
şakirdlerindeki,so3ekrdlrbo1dh||ky
şakirdlerinden,so3ekrdlrbo1dbo1
şakirdlerinde,so3ekrdlrbo1dh
şakirdlerine,so3ekrdlrybo1h
şakirdlerinin,so3ekrdlrybo1ko3
şâkirdlerinin,so3ekrdlrybo1ko3
şakirdlerini,so3ekrdlrybo1y
şakirdlerin,so3ekrdlrko3
şakirdlerisiniz,so3ekrdlrysko3ro1
şakirdleri,so3ekrdlry
şâkirdleri,so3ekrdlry
şakirdleriyiz,so3ekrdlry||yro1
şakirdleriyle,so3ekrdlrylh
şâkirdleriyle,so3ekrdlrylh
şakirdler,so3ekrdlr
şâkirdliğe vermek,so3ekrd lkh wbu2rmk
şakirdliğe vermek,so3ekrd lkh wyrmk
şakirdliğine,so3ekrdlko7bo1h
şakirdliğini,so3ekrdlko7bo1y
şakirdliği,so3ekrdlko7y
şakirdlik,so3ekrdlk
şâkirdlik,so3ekrdlk
şaki̇rd,so3ekrd
şakird,so3ekrd
şâkird,so3ekrd
şâkirînden,so3ekrbo1dbo1
şâkir'in,so3ekrko3
şâkiri,so3ekry
şâkirlerin,so3ekrlrko3
şâkirleri,so3ekrlry
şâkirler,so3ekrlr
şakır,so3efo2bu2rso3efo2bu2r
şakır,so3efo2yr
şakır,so3efo2yrso3efo2yr
şaki̇r,so3ekr
şakir,so3ekr
şâkir,so3ekr
şaki̇r,so3o4eku4ro0
şakir,so3o4eku4ro0
şâkir,so3o4eku4ro0
şakirtlerin,so3ekrdlrko3
şakirü-n-nime,so3ekrelbo1amh||
şâkirü-n-nime,so3ekrelbo1amh
şakı,so3efo2y
şaki,so3eky
şâkî,so3eky
şaki,so3fo2y
şakî,so3fo2y
şâkî,so3o4eku4bu2
şaki̇,so3o4eku4y
şaki,so3o4eku4y
şakî,so3o4fo2bu2
şaki̇,so3o4fo2۪y
şaki,so3o4fo2۪y
şakıy,so3fo2y
şakkettiği,so3fo2o8 eybo2dyko7y
şakk-i kamer,so3o4fo2u4o8 fo2o4mo4ro0
şakk-ı kamer,so3o4fo2u4o8 fo2o4mo4ro0
şakk-ı,so3fo2o8u4
şakkı,so3fo2o8y
şakk,so3fo2
şakk,so3fo2o8
şakk,so3o4fo2o0
şakktan,so3fo2o8dbo1
şakk-ul,so3fo2o8 el
şaklabanlık,so3efo2lebu1ebo1lfo2
şaklaban,so3efo2lebu1ebo1
şaklamak,so3efo2lemfo2
şakla,so3efo2le
şaklatmak,so3efo2lebo2mfo2
şaklat,so3efo2lebo2
şakrak,so3efo2refo2
şakşak,so3efo2so3efo2
şak,so3efo2
şak,so3fo2
şakulen,so3efo2wleo44
şakuli,so3efo2wly
şakûlî,so3efo2wly
şakullamak,so3efo2wllemfo2
şâkullamak,so3efo2wllemfo2
şakulla,so3efo2wlle
şakul,so3efo2wl
şâkûl,so3efo2wl
şakul,so3ekwl
şâkûl,so3ekwl
şalgam,so3elao1em
şalgam,so3lao1em
şalgam,so3lao1m
şali,so3ely
şal,so3el
şâl,so3el
şalvarımı,so3elwerymy
şalvar,so3elwer
şalvar,so3lwer
şamalı,so3emely
şamalı,so3mah<>ly
şamalı,so3mah||ly
şamandıra,so3emebo1dbu2re
şamandıra,so3emebo1dyre
şamandıra,so3mebo1drh
şamandıra,so3mebo1drh||
şamar atmak,so3merebo2mfo2
şamar,so3emer
şamar,so3mer
şama,so3eme
şam'a,so3emh
şama,so3mah
şama,so3mah||
şamatacı,so3emebo2exu1y
şamatacı,so3mebo2h xu1y
şamatalı,so3emebo2ely
şamatalı,so3mebo2h lw
şamata,so3emebo2e
şamata,so3mebo2h
şamata,so3mebo2h||
şamata,so3meth
şamata,so3meth||
şamata teli,so3mebo2h bo2ly
şam'daki,so3emdh||ky
şamdancı,so3emdebo1xu1y
şamdan,so3emdebo1
şamdan,so3madebo1
şam'da,so3emdh
şame,so3emh||
şâme,so3emh
şamfıstığı,so3em fo1sbo2bu2ao1y
şamfıstığı,so3em fo1sbo2yao1y
şamgah,so3emko7eh||
şâmgâh,so3emko7eh
şamih,so3emxo1
şâmih,so3emxo1
şamildir,so3emldr
şamilesiyle,so3emlh||sylh
şamile,so3emlh
şâmile,so3emlh
şamil olmak,so3eml ew
şâmil olmak,so3eml ew
şamil,so3eml
şâmil,so3eml
şami̇l,so3o4emu4lo0
şamil,so3o4emu4lo0
şâmil,so3o4emu4lo0
şam'ın,so3emko3
şamişi,so3em ebu2so3y
şamişi,so3em eyso3y
şam-ı,so3emu4
şami,so3emy
şâmî,so3emy
şamiye'deki,so3emyh||dh||ky
şamiye'den,so3emyh||dbo1
şamiye'nin,so3emyh||bo1ko3
şâmiye'nin,so3emyh||bo1ko3
şamiye,so3emyh
şâmiye,so3emyh
şamlı,so3emly
şâmmesi,so3emo8h||sy
şamme,so3emh||
şâmme,so3emh
şâmme,so3emo8h
şampanya,so3embu3ebo1bu2e
şampanya,so3embu3ebo1ye
şamşekeri,so3em so3kry
şam,so3em
şâm,so3em
şâmul,so3emwl
şâna,so3ebo1h
şandır,so3ebo1dr
şane,so3ebo1h||
şâne,so3ebo1h
şanına,so3ebo1bo1h
şânındadır,so3ebo1bo1dh||dr
şanındandır,so3ebo1bo1dbo1dr
şânındandır,so3ebo1bo1dbo1dr
şanından,so3ebo1bo1dbo1
şanında,so3ebo1bo1dh
şânında,so3ebo1bo1dh
şânındır,so3ebo1ko3dr
şanını,so3ebo1bo1y
şânını,so3ebo1bo1y
şan-ı,so3ebo1u4
şân-ı,so3ebo1u4
şanı,so3ebo1y
şânı,so3ebo1y
şanlarından,so3ebo1lrbo1dbo1
şanlarını,so3ebo1lrybo1y
şanları,so3ebo1lry
şanlar,so3ebo1lr
şanlı,so3ebo1ly
şansız,so3ebo1sro1
şanslı,so3ebo1sly
şan,so3ebo1
şân,so3ebo1
şanssızlık,so3ebo1ro1lfo2
şanssız,so3ebo1sro1
şans,so3ebo1s
şantaj,so3ebo1bo2ero3
şantöz,so3ebo1bo2wro1
şapdenizi,so3ebu3 dlo5o3ro1y
şape,so3ebu3h
şaphane,so3ebu3xo1ebo1h||
şaphâne,so3ebu3xo1ebo1h
şapilleti,so3ebu3 albo2y
şapırdamak,so3ebu3bu2rdemfo2
şapırdamak,so3ebu3yrdemfo2
şapırda,so3ebu3yrde
şapırdatmak,so3ebu3bu2rdebo2mfo2
şapırdatmak,so3ebu3yrdebo2mfo2
şapırdat,so3ebu3yrdebo2
şapırşapır,so3ebu3bu2rso3ebu3bu2r
şapırşapır,so3ebu3yrso3ebu3yr
şapırtı,so3ebu3bu2rdy
şapırtı,so3ebu3yrdy
şapkacı,so3ebu3fo2h<>xu1y
şapkacı,so3ebu3fo2h||xu1y
şapkaların,so3ebu3fo2h||lrko3
şapkalar,so3ebu3fo2h||lr
şapkalı,so3ebu3fo2h<>ly
şapkalı,so3ebu3fo2h||ly
şapkanın,so3ebu3fo2h||bo1ko3
şapkasını,so3ebu3fo2h||sbo1y
şapka,so3ebu3fo2h
şapka,so3ebu3fo2h||
şapkayı,so3ebu3fo2h||yy
şaplak,so3ebu3lefo2
şaplamak,so3ebu3lemfo2
şapla,so3ebu3le
şaplatmak,so3ebu3lebo2mfo2
şaplat,so3ebu3lebo2
şapoğrafla,so3ebu3wao1refo1lh
şapşal,so3ebu3<>so3el
şapşal,so3ebu3||so3el
şapşap,so3ebu3<>so3ebu3
şapşap,so3ebu3||so3ebu3
şap,so3ebu1
şap,so3ebu3
şarabdan,so3rebu1dbo1
şarabın,so3rebu1ko3
şarab-ı,so3rebu1u4
şarabi,so3rebu1y
şarabı,so3rebu1y
şarâbî,so3rebu1y
şarabıyla,so3rebu1ylh
şarablar,so3rebu1lr
şarab,so3rebu1
şarâb,so3rebu1
şarampol,so3erebo1bu3wl
şarampo,so3rembu3w
şa'ranî,so3arebo1y
şaranî,so3arebo1y
şaranpo,so3rebo1bu3w
şarapçılık,so3rebu3xu1bu2lfo2
şarapçılık,so3rebu3xu1ylfo2
şarapçı,so3rebu3xu1y
şaraphane,so3rebu3xo1ebo1h||
şaraphâne,so3rebu3xo1ebo1h
şarapnel,so3rebu3bo1l
şarap,so3rebu1
şarap,so3rebu3
şarbon,so3erbu1wbo1
şa're,so3arh
şâribülleyli vennehâr,so3erbu1 ellbu2l welbo1her
şaribülleyli vennehar,so3erbu1 ellyl welbo1her
şâri'den,so3eradbo1
şâri'de,so3eradh
şarihi,so3erxy
şârihi,so3erxy
şarih,so3erx
şârih,so3erx
şâri'in,so3erako3
şâri-i,so3erau4
şârii,so3eray
şarık,so3erfo2
şârık,so3erfo2
şarik,so3o4eru4fo2o0
şarık,so3o4eru4fo2o0
şârik,so3o4eru4fo2o0
şârık,so3o4eru4fo2o0
şarık,so3refo2
şârık,so3refo2
şarıldamak,so3erbu2ldemfo2
şarıldamak,so3eryldemfo2
şarılda,so3erylde
şarılşarıl,so3erbu2l||so3erbu2l
şarılşarıl,so3eryl<>so3eryl
şarıltı,so3erbu2lbo2y
şarıltı,so3erylbo2y
şa’ri,so3ary
şâ’rî,so3ary
şari,so3era
şari',so3era
şari’,so3era
şâri',so3era
şârî,so3era
şariyye,so3arbu2h
şa'riyye,so3aryh
şa'riyye,so3aryh||
şa’riyye,so3aryh||
şariyye,so3aryh||
şarka-garba,so3rfo2h ao1rbu1h
şarkan,so3rfo2e
şarkan,so3rfo2eo44
şarka,so3rfo2h
şarkdaki,so3rfo2dh||ky
şarkıcı,so3rfo2bu2xu1y
şarkıcı,so3rfo2yxu1y
şarkî'den,so3rfo2ydbo1
şarkîde,so3rfo2ydh
şarki karaağaç,so3rfo2y fo2rh<>eo6ao1exu1
şarkıları,so3rfo2ylry
şarkında,so3rfo2bo1dh
şark'ın,so3rfo2ko3
şarkın,so3rfo2ko3
şark-i şimâlî,so3o4ro0fo2u4 so3u4mo4elbu2
şark-ı şimâlî,so3o4ro0fo2u4 so3u4mo4elbu2
şark-i şi̇mali̇,so3o4ro0fo2u4 so3u4mo4el۪y
şark-ı şimali,so3o4ro0fo2u4 so3u4mo4el۪y
şarkısı,so3rfo2ysy
şarkışla,so3erfo2yso3lh||
şark-ı,so3rfo2u4
şarki,so3rfo2y
şarkî,so3rfo2y
şarkı,so3rfo2y
şarkiyat,so3rfo2bu2ebo2
şarkiyat,so3rfo2yebo2
şarkiyedekilere,so3rfo2yh||dh||kylrh
şarkıyeden,so3rfo2yh||dbo1
şarkıyede,so3rfo2yh||dh
şarkıye-i,so3rfo2yh'u4
şarkiyenin,so3rfo2yh||bo1ko3
şarkıyenin,so3rfo2yh||bo1ko3
şarkiye,so3rfo2yh
şarkıye,so3rfo2yh
şarkıyeye,so3rfo2yh||yh
şarkıyeyi,so3rfo2yh||yy
şarkiyyûn,so3rfo2bu2wbo1
şarkiyyun,so3rfo2ywbo1
şarkla,so3rfo2lh
şarklılara,so3rfo2lylrh
şarklılardır,so3rfo2lylrdr
şarklılar,so3rfo2lylr
şarklıyı,so3rfo2ly||yy
şarköy,so3erkwy
şark,so3o4ro0fo2o0
şark,so3rfo2
şarktaki,so3rfo2dh||ky
şarktan,so3rfo2dbo1
şark'ta,so3rfo2dh
şarkta,so3rfo2dh
şarlatanların,so3erlebo2ebo1lrko3
şarlatanları,so3erlebo2ebo1lry
şarlatanlar,so3erlebo2ebo1lr
şarlatanlığına,so3erlebo2ebo1lao1bo1h
şarlatanlık,so3erlebo2ebo1lfo2
şarlatan,so3erlebo2ebo1
şarlatan,so3o4ero0lo4ebo2o4ebo1o0
şarşar,so3erso3er
şa'r,so3ar
şa’r,so3ar
şar,so3er
şarta,so3rth
şartetmek,so3rt ebu2bo2mk
şartetmek,so3rt eybo2mk
şartet,so3rt eybo2
şartıdır,so3rtydr
şartıma,so3rtmh
şartımız,so3rtmro1
şartını,so3rtbo1y
şartın,so3rtko3
şart-ı,so3rtu4
şartı,so3rty
şartiyeden,so3rtyh||dbo1
şartiyenin,so3rtyh||bo1ko3
şartiye,so3rtyh
şartıyla,so3rtbu2lh
şartıyla,so3rtylh
şartıyla,so3rtylh||
şartiyle,so3rtylh
şartiyyet,so3rtbu2bo2
şartiyyet,so3rtybo2
şartlamak,so3rtlemfo2
şartlara,so3rtlrh
şartlardır,so3rtlrdr
şartlarına,so3rtlrybo1h
şartlarının,so3rtlrybo1ko3
şartlarını,so3rtlrybo1y
şartların,so3rtlrko3
şartları,so3rtlry
şartlarıyla,so3rtlrylh
şartlarla,so3rtlrlh
şartlar,so3rtlr
şartlaşmak,so3rtleso3mfo2
şartla,so3rtle
şartla,so3rtlh
şartlaş,so3rtleso3
şartlı,so3rtly
şartname,so3rt bo1emh||
şartname,so3rtbo1emh||
şartnâme,so3rtbo1emh
şartnâme,so3rt bo1emh
şartsız,so3rtsro1
şartsız teslîm olmak,so3rtsro1 bo2slbu2m ew
şartsız teslim olmak,so3rtsro1 bo2slym ew
şart,so3rt
şart şurut bağlamak,so3rt so3rwt bu1eao1lemfo2
şart şurût bağlamak,so3rt so3rwt bu1eao1lemfo2
şarttır,so3rtdr
şa'şa'adar,so3aso3ah der
şa’şa’adar,so3aso3ah der
şa'şa'adâr,so3aso3ah der
şaşaa-i,so3aso3ah'u4
şaşaalandığı,so3aso3ah||lebo1dyao1y
şaşaalandırarak,so3aso3ah||lebo1dyrh||rfo2
şa’şaalandırmak,so3aso3ah||lebo1dbu2rmfo2
şa’şaalandırmak,so3aso3ah<>lebo1dyrmfo2
şaşaalandırmak,so3aso3ah||lebo1dyrmfo2
şaşaalandırmamağa,so3aso3ah||lebo1dyrmemao1h
şa’şaalandır,so3aso3ah<>lebo1dyr
şaşaalarla,so3aso3ah||lrlh
şaşaalıdır,so3aso3ah||lydr
şa'şaalı,so3aso3ah||ly
şa’şaalı,so3aso3ah<>ly
şa’şaalı,so3aso3ah||ly
şaşaalı,so3aso3ah||ly
şaşaanisar,so3aso3ah||bo1bo3er
şaşaa-paş,so3aso3ah||bu3eso3
şa'şaasını,so3aso3ah||sbo1y
şaşaasını,so3aso3ah||sbo1y
şaşaasıyla,so3aso3ah||sylh
şaşaasız,so3aso3ah||sro1
şa'şa'a,so3aso3ah
şa'şa'a,so3aso3ah||
şa’şa’a,so3aso3ah||
şa’şaa,so3aso3ah
şa’şaa,so3aso3ah||
şaşaa,so3aso3ah
şa'şaa,so3o4ao0so3o4ao4h
şa'şaa,so3o4ao0so3o4ao4h||
şaşakalmak,so3eso3h fo2elmfo2
şaşakalmış,so3eso3h fo2elmso3
şa’şalandırmak,so3aso3ah||lebo1dbu2rmfo2
şa’şalandırmak,so3aso3ah<>lebo1dyrmfo2
şa’şalandır,so3aso3ah<>lebo1dyr
şa’şalı,so3aso3ah<>ly
şa’şalı,so3aso3ah||ly
şaşanlar,so3eso3ebo1lr
şaşarım,so3eso3erm
şa’şa,so3aso3ah
şa’şa,so3aso3ah||
şaşılacak,so3eso3lh xu1fo2
şaşılık,so3eso3bu2lfo2
şaşılık,so3eso3ylfo2
şaşı olmak,so3eso3y ew
şaşıracağı,so3eso3yrexu1ao1y
şaşıranlara,so3eso3yrebo1lrh
şaşıran,so3eso3yrebo1
şaşırdığı,so3eso3yrdyao1y
şaşırıyor,so3eso3yryywr
şaşırıyorum,so3eso3yryywrm
şaşırmadan,so3eso3yrmedbo1
şaşırmakla,so3eso3yrmfo2lh
şaşırmak,so3eso3bu2rmfo2
şaşırmak,so3eso3rmfo2
şaşırmak,so3eso3yrmfo2
şaşırmaları,so3eso3yrmh||lry
şaşırma,so3eso3bu2rmh
şaşırma,so3eso3yrmh||
şaşırmayan,so3eso3yrmeyebo1
şaşırmayarak,so3eso3yrmyh||rfo2
şaşırmaz,so3eso3yrmero1
şaşırmış,so3eso3yrmso3
şaşırmıyarak,so3eso3yrmeyerfo2
şaşırmıyorlar,so3eso3yrmyywrlr
şaşırmıyor,so3eso3yrmyywr
şaşırsa,so3eso3yrsh
şaşır,so3eso3yr
şaşırtacak,so3eso3rbo2h||xu1fo2
şaşırtan,so3eso3yrbo2ebo1
şaşırtıcı,so3eso3yrbo2yxu1y
şaşırtıp,so3eso3yrbo2wbu1
şaşırtırsın,so3eso3yrbo2yrsko3
şaşırtır,so3eso3yrbo2yr
şaşırtmak,so3eso3rbo2mfo2
şaşırtmak,so3eso3yrbo2mfo2
şaşırtmaktan,so3eso3yrbo2mfo2dbo1
şaşırtmamış,so3eso3yrbo2memso3
şaşırtmasınlar,so3eso3yrbo2mesybo1lr
şaşırtmasın,so3eso3yrbo2mesybo1
şaşırtma,so3eso3bu2rbo2mh
şaşırtma,so3eso3rbo2mh
şaşırtma,so3eso3rbo2mh||
şaşırtma,so3eso3yrbo2me
şaşırtma,so3eso3yrbo2mh||
şaşırtmayacak,so3eso3yrbo2myh||xu1fo2
şaşırtmaz,so3eso3yrbo2mero1
şaşırtmış,so3eso3yrbo2mso3
şaşırtsa,so3eso3yrbo2sh
şaşırttılar,so3eso3yrbo2dylr
şaşırttı,so3eso3yrbo2dy
şaşı,so3eso3y
şaşkın bakışı,so3eso3fo2bu2bo1 bu1efo2so3y
şaşkın bakışı,so3eso3fo2ybo1 bu1efo2so3y
şaşkınlığıyla,so3eso3fo2ybo1lao1ylh
şaşkınlıklarına,so3eso3fo2ybo1lfo2lrybo1h
şaşkınlıklarından,so3eso3fo2ybo1lfo2lrbo1dbo1
şaşkınlık,so3eso3fo2bu2bo1lfo2
şaşkınlık,so3eso3fo2ybo1lfo2
şaşkınlıktan,so3eso3fo2ybo1lfo2dbo1
şaşkın,so3eso3fo2bu2bo1
şaşkın,so3eso3fo2ybo1
şaşmak,so3eso3mfo2
şaşmam,so3eso3mem
şaşma,so3eso3mh
şaşma,so3eso3mh||
şaşmayarak,so3eso3mbu2h rfo2
şaşmayarak,so3eso3myh rfo2
şaş,so3eso3
şaştım,so3eso3dm
şast,so3sbo2
şast,so3zbo2
şatafatlı,so3tfo1h<>bo2ly
şatafatlı,so3tfo1h||bo2ly
şatafat,so3tfo1ebo2
şatafât,so3tfo1ebo2
şatahata,so3txebo2h
şatahatını,so3txebo2bo1y
şatahatın,so3txebo2ko3
şatahatı,so3txebo2y
şatahatıyla,so3txebo2ylh
şatahat,so3txebo2
şatahatta,so3txebo2dh
şatahattır,so3txebo2dr
şatahiyatı,so3txyebo2y
şatahiyat,so3txyebo2
şathiyyat,so3txbu2ebo2
şathiyyat,so3txyebo2
şatır,so3etr
şâtır,so3etr
şât-ı,so3eho2u4
şato,so3ebo2w
şatranc,so3trbo1xu1
şatt,so3t
şavkınıza,so3wfo2ko3ro1h
şavkıyla,so3wfo2ylh
şavklı,so3wfo2ly
şavk,so3wfo2
şavşat,so3ewso3ebo2
şayak,so3ebu2efo2
şayak,so3eyefo2
şâyandır,so3eyebo1dr
şayân-i esef,so3o4ebu2o4ebo1u4 eo4so4fo1o0
şayân-ı esef,so3o4ebu2o4ebo1u4 eo4so4fo1o0
şayan-i esef,so3o4eyo4ebo1u4 eo4so4fo1o0
şayan-ı esef,so3o4eyo4ebo1u4 eo4so4fo1o0
şâyân-i hayret,so3o4ebu2o4ebo1u4 xo4bu2o0ro4bo2o0
şâyân-ı hayret,so3o4ebu2o4ebo1u4 xo4bu2o0ro4bo2o0
şayan-i hayret,so3o4eyo4ebo1u4 xo4yo0ro4bo2o0
şayan-ı hayret,so3o4eyo4ebo1u4 xo4yo0ro4bo2o0
şâyan-ı,so3eyebo1u4
şâyân-ı,so3eyebo1u4
şâyân-i şükrân,so3o4ebu2o4ebo1u4 so3o9ko0ro4ebo1o0
şâyân-ı şükrân,so3o4ebu2o4ebo1u4 so3o9ko0ro4ebo1o0
şayan-i şükran,so3o4eyo4ebo1u4 so3o9ko0ro4ebo1o0
şayan-ı şükran,so3o4eyo4ebo1u4 so3o9ko0ro4ebo1o0
şâyân-ı tahsîn,so3ebu2ebo1 bo2xsbu2bo1
şayan-ı tahsin,so3eyebo1 bo2xsybo1
şâyân-i temâşâ,so3o4ebu2o4ebo1u4 bo2o4mo4eso3o4e
şâyân-ı temâşâ,so3o4ebu2o4ebo1u4 bo2o4mo4eso3o4e
şayan-i temaşa,so3o4eyo4ebo1u4 bo2o4mo4eso3o4e
şayan-ı temaşa,so3o4eyo4ebo1u4 bo2o4mo4eso3o4e
şâyân olmak,so3ebu2ebo1 ew
şayan olmak,so3eyebo1 ew
şâyansınız,so3eyebo1sko3ro1
şâyân,so3ebu2ebo1
şayan,so3eyebo1
şâyan,so3eyebo1
şâyân,so3eyebo1
şâyân,so3o4ebu2o4ebo1o0
şayan,so3o4eyo4ebo1o0
şâyed,so3ebu2d
şayed,so3eyd
şâyed,so3eyd
şayestegi,so3eysbo2ko7y
şâyestegî,so3eysbo2ko7y
şâyeste olmak,so3ebu2sbo2h ew
şayeste olmak,so3eysbo2h ew
şâyeste,so3ebu2sbo2h
şayeste,so3eysbo2h
şayeste,so3eysbo2h||
şâyeste,so3eysbo2h
şâyeste,so3o4ebu2o4so0bo2o4h
şayeste,so3o4eyo4so0bo2o4h||
şâyet ki,so3ebu2d kh
şayet ki,so3eyd kh||
şayet,so3eyd
şâyet,so3eyd
şaygan,so3eyko7ebo1
şâygân,so3eyko7ebo1
şayiadır,so3eyah||dr
şayialara,so3eyah||lrh
şayiasını,so3eyah||sbo1y
şayia,so3eyah||
şâyia,so3eyah
şâyî,so3ebu2a
şayi,so3eya
şayi',so3eya
şayi’,so3eya
şâyi',so3eya
şazelî,so3edo1ly
şâzlarıyla,so3edo1lrylh
şaz,so3ed
şâz,so3ed
şaz,so3edo1
şâz,so3edo1
şaz,so3o4edo1o0
şâz,so3o4edo1o0
şazz,so3edo1
şâzz,so3edo1
şâzz,so3edo1o8
şeairden,so3aeyo5rdbo1
şeairde,so3aeyo5rdh
şeaire,so3aeyo5rh
şeairidir,so3aeyo5rydr
şeairine,so3aeyo5rybo1h
şeairinin,so3aeyo5rybo1ko3
şeairini,so3aeyo5rybo1y
şeairin,so3aeyo5rko3
şeair-i,so3aeyo5ru4
şeâir-i,so3aeyo5ru4
şeairi,so3aeyo5ry
şeairiyle,so3aeyo5rylh
şeâiriyle,so3aeyo5rylh
şeairlerinden,so3aeyo5rlrbo1dbo1
şeairlerin,so3aeyo5rlrko3
şeairleri,so3aeyo5rlry
şeairler,so3aeyo5rlr
şeai̇r,so3aebo5r
şeair,so3aebo5r
şeair,so3aeyo5r
şeametinle,so3yo5eo6mbo2ko3lh
şeametin,so3yo5eo6mbo2ko3
şeametleridir,so3yo5eo6mbo2lrydr
şeametlidir,so3yo5eo6mbo2lydr
şeametli,so3bo5embo2lw
şeâmetli,so3bo5embo2lw
şeametli,so3bo5embo2ly
şeâmetli,so3bo5embo2ly
şeametli,so3yo5eo6mbo2ly
şe'amet,so3bo5embo2
şeamet,so3bo5embo2
şe'âmet,so3bo5embo2
şeâmet,so3bo5embo2
şeamet,so3eo6mbo2
şeâmet,so3eo6mbo2
şeamet,so3o4bo5o4emo4bo2o0
şeâmet,so3o4bo5o4emo4bo2o0
şeamet,so3yo5embo2
şebabanelerine,so3bu1ebu1ebo1h||lrybo1h
şebaba,so3bu1ebu1h
şebabetidir,so3bu1ebu1bo2ydr
şebabetinden,so3bu1ebu1bo2bo1dbo1
şebabeti,so3bu1ebu1bo2y
şebabetiyle,so3bu1ebu1bo2ylh
şebabet,so3bu1ebu1bo2
şebâbet,so3bu1ebu1bo2
şebabîden,so3bu1ebu1ydbo1
şebabiyetini,so3bu1ebu1ybo2bo1y
şebabiyet,so3bu1ebu1ybo2
şebab,so3bu1ebu1
şebâb,so3bu1ebu1
şebahet,so3bu1ehbo2
şebâhet,so3bu1ehbo2
şebangah,so3bu1ebo1ko7eh||
şebangâh,so3bu1ebo1ko7eh
şeban,so3bu1ebo1
şebân,so3bu1ebo1
şebaviz,so3bu1ewyro1
şebâviz,so3bu1ewyro1
şebboy,so3bu1bu1wy
şebboy,so3bu1o8wy
şebbuy,so3bu1 bu1wy
şebbûy,so3bu1 bu1wy
şebefruz,so3bu1 efo1rwro1
şebefrûz,so3bu1 efo1rwro1
şebekesinin,so3bu1kh||sbo1ko3
şebekesi,so3bu1kh||sy
şebeke,so3bu1bu2kh
şebeke,so3bu1kh
şebeke,so3bu1kh||
şebeke,so3bu1ykh||
şebek,so3bu1k
şebgerd,so3bu1ko7rd
şebgîr,so3bu1ko7bu2r
şebgir,so3bu1ko7yr
şebhun,so3bu1xo1wbo1
şebhûn,so3bu1xo1wbo1
şeb -i arus,so3bu1 arws
şeb-i̇ arus,so3bu1  arws
şeb-i arus,so3bu1  arws
şeb-i arûs,so3bu1  arws
şebihi,so3bu1yhy
şebîhi,so3bu1yhy
şebihsiz,so3bu1yhsro1
şebîh,so3bu1bu2h
şebih,so3bu1yh
şebih,so3bu1yh||
şebîhûn,so3bu1bu2xo1wbo1
şebihun,so3bu1yxo1wbo1
şebîke,so3bu1bu2kh
şebike,so3bu1ykh||
şebin karahisar,so3bu1yfo2 fo2rh<>xzer
şeb-i,so3bu1u4
şebistan,so3bu1sbo2ebo1
şeb -i yelda,so3bu1 ylde
şeb-i̇ yelda,so3bu1 ylde
şeb-i yelda,so3bu1 ylde
şeb-i yeldâ,so3bu1 ylde
şebnemdir,so3bu1bo1mdr
şebnemin,so3bu1bo1mko3
şebnemlerin,so3bu1bo1mlrko3
şebnem-misal,so3bu1bo1m||mbo3el
şebnem,so3bu1bo1m
şebnem,so3o4bu1o0bo1o4mo0
şebpere,so3bu1 bu3rh
şebpere,so3bu1 bu3rh||
şebreng,so3bu1 rbo1ko7
şeb,so3bu1
şebtab,so3bu1bo2ebu1
şebtâb,so3bu1bo2ebu1
şeburuz,so3bu1 w rwro1
şeburûz,so3bu1 w rwro1
şebzindedar,so3bu1 ro1bo1dh der
şebzindedâr,so3bu1 ro1bo1dh der
şecaatça,so3xu1eabo2xu1h
şecaate,so3xu1eabo2h
şecaatine,so3xu1eabo2bo1h
şecaatini,so3xu1eabo2bo1y
şecaatını,so3xu1eabo2bo1y
şecaatınızdadır,so3xu1eabo2ko3ro1dh||dr
şecaatinizdedir,so3xu1eabo2ko3ro1dh||dr
şecaat-i,so3xu1eabo2u4
şecaat-ı,so3xu1eabo2u4
şecaati,so3xu1eabo2y
şecaatı,so3xu1eabo2y
şecaatıyla,so3xu1eabo2ylh
şecaatkâranelerinden,so3xu1eabo2kerebo1h||lrbo1dbo1
şecaatkârane,so3xu1eabo2kerebo1h
şecaatlarını,so3xu1eabo2lrybo1y
şecaatlarıyla,so3xu1eabo2lrylh
şecaatla,so3xu1eabo2lh
şecaatle,so3xu1eabo2lh
şecaatli,so3xu1eabo2ly
şecâatli,so3xu1eabo2ly
şecaatnihad,so3xu1eabo2 bo1hed
şecaat,so3o4xu1o4eao4bo2o0
şecâat,so3o4xu1o4eao4bo2o0
şecaat,so3xu1eabo2
şecâat,so3xu1eabo2
şecaatta,so3xu1eabo2dh
şecaattır,so3xu1eabo2dr
şecerede,so3xu1rh||dh
şeceredir,so3xu1rh||dr
şecere-i bâkiye,so3o4xu1o4ro4u4 bu1o4efo2u4bu2o4h
şecere-i̇ baki̇ye,so3o4xu1o4ro4ۀu4 bu1o4efo2u4yo4h||
şecere-i bakiye,so3o4xu1o4ro4ۀu4 bu1o4efo2u4yo4h||
şecere-i hayat,so3o4xu1o4ro4u4 xo4bu2o4ebo2o0
şecere-i̇ hayat,so3o4xu1o4ro4ۀu4 xo4yo4ebo2o0
şecere-i hayat,so3o4xu1o4ro4ۀu4 xo4yo4ebo2o0
şecere-i hilkat,so3o4xu1o4ro4u4 xo1u4lo0fo2o4bo2o0
şecere-i̇ hi̇lkat,so3o4xu1o4ro4ۀu4 xo1u4lo0fo2o4bo2o0
şecere-i hilkat,so3o4xu1o4ro4ۀu4 xo1u4lo0fo2o4bo2o0
şecere-i ömür,so3o4xu1o4ro4u4 ao9mo9ro0
şecere-i̇ ömür,so3o4xu1o4ro4ۀu4 ao9mo9ro0
şecere-i ömür,so3o4xu1o4ro4ۀu4 ao9mo9ro0
şecere-i,so3xu1rh'u4
şecere-i tûbâ,so3o4xu1o4ro4u4 to9wbu1o4e
şecere-i̇ tuba,so3o4xu1o4ro4ۀu4 to9wbu1o4e
şecere-i tuba,so3o4xu1o4ro4ۀu4 to9wbu1o4e
şecere-i zîhayât,so3o4xu1o4ro4u4 do1u4bu2 xo4bu2o4ebo2o0
şecere-i̇ zi̇hayat,so3o4xu1o4ro4ۀu4 do1u4y xo4yo4ebo2o0
şecere-i zihayat,so3o4xu1o4ro4ۀu4 do1u4y xo4yo4ebo2o0
şecereleri,so3xu1rh||lry
şeceremiz,so3xu1rh||mro1
şecerenin,so3xu1rh||bo1ko3
şeceresinin,so3xu1rh||sbo1ko3
şeceresini,so3xu1rh||sbo1y
şeceresi,so3xu1rh||sy
şecere,so3o4xu1o4ro4h
şecere,so3o4xu1o4ro4h||
şecere,so3xu1rh
şecere,so3xu1rh||
şecereye,so3xu1rh||yh
şecereyi,so3xu1rh||yy
şecerin,so3xu1rko3
şecer-i,so3xu1ru4
şeceriyenin,so3xu1ryh||bo1ko3
şeceriye,so3xu1ryh
şeceriyeyi,so3xu1ryh||yy
şecer,so3xu1r
şecî,so3xu1bu2a
şeci,so3xu1ya
şeci',so3xu1ya
şedaidine,so3deyo5dybo1h
şedaidi,so3deyo5dy
şedaidiyle,so3deyo5dylh
şeddadların,so3do8edlrko3
şeddadları,so3do8edlry
şeddadlar,so3do8edlr
şeddedeki,so3do8h||dh||ky
şeddeler,so3do8h||lr
şeddeliler,so3do8h||lylr
şeddeli,so3dh<>ly
şeddeli,so3dh||ly
şeddeli,so3do8h||ly
şeddesiz,so3do8h||sro1
şedde,so3dh
şedde,so3dh||
şedde,so3do8h
şedd-i,so3do8u4
şedidane,so3dydebo1h
şedidden,so3dyddbo1
şediddirler,so3dyddrlr
şediddir,so3dyddr
şedideden,so3dydh||dbo1
şedide-i,so3dydh'u4
şedidenin,so3dydh||bo1ko3
şediden,so3dydo44e
şedidesinde,so3dydh||sbo1dh
şedidesi,so3dydh||sy
şedide,so3dydh
şedideyi,so3dydh||yy
şedidini,so3dydybo1y
şedidin,so3dydko3
şedidi,so3dydy
şedidle,so3dydlh
şedid,so3dbu2d
şedîd,so3dbu2d
şedi̇d,so3dyd
şedid,so3dyd
şedîd,so3dyd
şedîd,so3hbu2d
şedid,so3hyd
şedid-ül,so3dydo9 elo0
şedid-üş,so3dyd el
şedîd-üş,so3dyd el
şedit,so3dyd
şedittir,so3dyddr
şefaatbahş,so3fo1eabo2||bu1xo1so3
şefaatçilerim,so3fo1eabo2xu1ylrm
şefaatçimizdir,so3fo1eabo2xu1ymro1dr
şefaatçim,so3fo1eabo2xu1m
şefaatçım,so3fo1eabo2xu1ym
şefaatci,so3fo1eabo2xu1y
şefaatçi,so3fo1eabo2xu1y
şefaatçı,so3fo1eabo2xu1y
şefâatci,so3fo1eabo2xu1y
şefâatçı,so3fo1eabo2xu1y
şefaatçiyi,so3fo1eabo2xu1y||yy
şefaatçıyı,so3fo1eabo2xu1y||yy
şefaat etmek,so3fo1eabo2 e
şefâat etmek,so3fo1eabo2 e
şefaatına,so3fo1eabo2bo1h
şefaatine,so3fo1eabo2bo1h
şefaatini,so3fo1eabo2bo1y
şefaat-ı,so3fo1eabo2u4
şefaati,so3fo1eabo2y
şefaatı,so3fo1eabo2y
şefaatıyla,so3fo1eabo2ylh
şefaatiyle,so3fo1eabo2ylh
şefaatkârane,so3fo1eabo2kerebo1h
şefaatlarından,so3fo1eabo2lrbo1dbo1
şefaatları,so3fo1eabo2lry
şefaatlerine,so3fo1eabo2lrybo1h
şefaatlerinin,so3fo1eabo2lrybo1ko3
şefaatlerini,so3fo1eabo2lrybo1y
şefaatleriyle,so3fo1eabo2lrylh
şefaatle,so3fo1eabo2lh
şefaat,so3fo1eabo2
şefâat,so3fo1eabo2
şefaat,so3o4fo1o4eao4bo2o0
şefâat,so3o4fo1o4eao4bo2o0
şefafet,so3fo1efo1bo2
şefakat,so3fo1fo2bo2
şefe,so3fo1h
şefe,so3fo1h||
şeffafata,so3fo1o8efo1ebo2h
şeffâfâta,so3fo1o8efo1ebo2h
şeffafatın,so3fo1o8efo1ebo2ko3
şeffâfatın,so3fo1o8efo1ebo2ko3
şeffafatı,so3fo1o8efo1ebo2y
şeffâfatı,so3fo1o8efo1ebo2y
şeffafat,so3fo1o8efo1ebo2
şeffâfat,so3fo1o8efo1ebo2
şeffafeden,so3fo1o8efo1h||dbo1
şeffafede,so3fo1o8efo1h||dh
şeffafedir,so3fo1o8efo1h||dr
şeffafenin,so3fo1o8efo1h||bo1ko3
şeffâfenin,so3fo1o8efo1h||bo1ko3
şeffafe,so3fo1o8efo1h
şeffafiyetidir,so3fo1o8efo1ybo2ydr
şeffafiyetini,so3fo1o8efo1ybo2bo1y
şeffafiyeti,so3fo1o8efo1ybo2y
şeffafiyetiyle,so3fo1o8efo1ybo2ylh
şeffafiyet,so3fo1o8efo1ybo2
şeffâfiyet,so3fo1o8efo1ybo2
şeffâfiyyeti,so3fo1o8efo1ybo2y
şeffâfiyyet,so3fo1o8efo1ybo2
şeffaflanır,so3fo1o8efo1lebo1yr
şeffaflarına,so3fo1o8efo1lrybo1h
şeffaflar,so3fo1o8efo1lr
şeffaflaşır,so3fo1o8efo1leso3yr
şeffaflığına,so3fo1o8efo1lao1bo1h
şeffaflık,so3fo1o8efo1lfo2
şeffaf,so3fo1efo1
şeffâf,so3fo1efo1
şeffaf,so3fo1o8efo1
şeffaftır,so3fo1o8efo1dr
şeffâftır,so3fo1o8efo1dr
şefiimiz,so3fo1yamro1
şefiim,so3fo1yam
şefîini,so3fo1yabo1y
şefiin,so3fo1yako3
şefî-i,so3fo1yau4
şefikane,so3fo1yfo2ebo1h
şefik'e,so3fo1yfo2h
şefik'indir,so3fo1yfo2ko3dr
şefik'in,so3fo1yfo2ko3
şefik-i,so3fo1yfo2u4
şefiki,so3fo1yfo2y
şefik,so3fo1bu2fo2
şefik,so3fo1yfo2
şefîk,so3fo1yfo2
şefik'ten,so3fo1yfo2dbo1
şefiktir,so3fo1yfo2dr
şefin,so3fo1ko3
şefî',so3fo1bu2a
şefi',so3fo1ya
şefi’,so3fo1ya
şefî',so3o4fo1bu2ao0
şefi̇',so3o4fo1۪yao0
şefi',so3o4fo1۪yao0
şefî-ul,so3fo1ya el
şefîu'-l,so3fo1ya el
şefî-ül,so3fo1ya el
şefkaten,so3fo1fo2ho2o44
şefkate,so3fo1fo2bo2h
şefkatidir,so3fo1fo2bo2ydr
şefkatime,so3fo1fo2bo2mh
şefkatimize,so3fo1fo2bo2mro1h
şefkatimizi,so3fo1fo2bo2mro1y
şefkatına,so3fo1fo2bo2bo1h
şefkatinden,so3fo1fo2bo2bo1dbo1
şefkatinde,so3fo1fo2bo2bo1dh
şefkatine,so3fo1fo2bo2bo1h
şefkatinin,so3fo1fo2bo2bo1ko3
şefkatının,so3fo1fo2bo2bo1ko3
şefkatini,so3fo1fo2bo2bo1y
şefkatini tahsîl etmek,so3fo1fo2bo2bo1y bo2xzbu2l e
şefkatini tahsil etmek,so3fo1fo2bo2bo1y bo2xzyl e
şefkatinizden,so3fo1fo2bo2ko3ro1dbo1
şefkatinizin,so3fo1fo2bo2ko3ro1ko3
şefkatinizi,so3fo1fo2bo2ko3ro1y
şefkatiniz,so3fo1fo2bo2ko3ro1
şefkatinle,so3fo1fo2bo2ko3lh
şefkatin,so3fo1fo2bo2ko3
şefkatın,so3fo1fo2bo2ko3
şefkat-i,so3fo1fo2bo2u4
şefkat-ı,so3fo1fo2bo2u4
şefkati,so3fo1fo2bo2y
şefkatı,so3fo1fo2bo2y
şefkatıyla,so3fo1fo2bo2ylh
şefkatiyle,so3fo1fo2bo2ylh
şefkatkârane,so3fo1fo2bo2kerebo1h
şefkatkârların,so3fo1fo2bo2kerlrko3
şefkatkâr,so3fo1fo2bo2ker
şefkatlerden,so3fo1fo2bo2lrdbo1
şefkatleridir,so3fo1fo2bo2lrydr
şefkatlerinden,so3fo1fo2bo2lrbo1dbo1
şefkatlerine,so3fo1fo2bo2lrybo1h
şefkatlerini,so3fo1fo2bo2lrybo1y
şefkatleri,so3fo1fo2bo2lry
şefkatleriyle,so3fo1fo2bo2lrylh
şefkatler,so3fo1fo2bo2lr
şefkatle,so3fo1fo2bo2lh
şefkatlidir,so3fo1fo2bo2lydr
şefkatli,so3fo1fo2bo2lw
şefkatli,so3fo1fo2bo2ly
şefkatlı,so3fo1fo2bo2ly
şefkatnamede,so3fo1fo2bo2||bo1emh||dh
şefkatperverane,so3fo1fo2bo2||bu3rwrebo1h
şefkatperver,so3fo1fo2bo2||bu3rwr
şefkatperver,so3o4fo1o0fo2o4bo2o0bu3o4ro0wo4ro0
şefkatsizlik,so3fo1fo2bo2sro1lk
şefkatsiz,so3fo1fo2bo2sro1
şefkat,so3fo1fo2bo2
şefkatteki,so3fo1fo2bo2dh||ky
şefkatten,so3fo1fo2bo2dbo1
şefkatte,so3fo1fo2bo2dh
şefkattir,so3fo1fo2bo2dr
şeflerine,so3fo1lrybo1h
şeflerin,so3fo1lrko3
şefler,so3fo1lr
şef,so3fo1
şeftali,so3fo1bo2aely
şeftâli,so3fo1bo2aely
şeftali,so3fo1bo2elw
şeftâli,so3fo1bo2elw
şeftalu,so3fo1bo2elw
şeftâlû,so3fo1bo2elw
şeftir,so3fo1dr
şegal,so3ao1el
şehab,so3hebu1
şehâb,so3hebu1
şehadatıdır,so3hedebo2ydr
şehadatına,so3hedebo2bo1h
şehadat-ı,so3hedebo2u4
şehadatı,so3hedebo2y
şehadatıyla,so3hedbo2ylh
şehadat,so3hedebo2
şehadete,so3hedbo2h
şehadet etmek,so3hedbo2 e
şehâdet etmek,so3hedbo2 e
şehadetidir,so3hedbo2ydr
şehadetinden,so3hedbo2bo1dbo1
şehadetine,so3hedbo2bo1h
şehadetinin,so3hedbo2bo1ko3
şehadetini,so3hedbo2bo1y
şehadetiniz,so3hedbo2ko3ro1
şehadetin,so3hedbo2ko3
şehadet-i̇ sadika,so3o4ho4edo4bo2u4 zo4edu4fo2o4h||
şehadet-i sadıka,so3o4ho4edo4bo2u4 zo4edu4fo2o4h||
şehâdet-i sâdika,so3o4ho4edo4bo2u4 zo4edu4fo2o4h
şehâdet-i sâdıka,so3o4ho4edo4bo2u4 zo4edu4fo2o4h
şehadet-i,so3hedbo2u4
şehadeti,so3hedbo2y
şehadetiyle,so3hedbo2ylh
şehadetlerden,so3hedbo2lrdbo1
şehadetlerde,so3hedbo2lrdh
şehadetlerdir,so3hedbo2lrdr
şehadetlere,so3hedbo2lrh
şehadetleridir,so3hedbo2lrydr
şehadetlerinden,so3hedbo2lrbo1dbo1
şehadetlerinde,so3hedbo2lrbo1dh
şehadetlerine,so3hedbo2lrybo1h
şehadetlerinin,so3hedbo2lrybo1ko3
şehadetlerini,so3hedbo2lrybo1y
şehâdetlerini,so3hedbo2lrybo1y
şehadetlerin,so3hedbo2lrko3
şehadetleri,so3hedbo2lry
şehadetleriyle,so3hedbo2lrylh
şehadetler,so3hedbo2lr
şehadetle,so3hedbo2lh
şehâdetle,so3hedbo2lh
şehadetlik,so3hedbo2lk
şehadetli,so3hedbo2ly
şehadetlu,so3hembo2lw
şehâdetlû,so3hembo2lw
şehadet-meab,so3hedbo2||meo6bu1
şehadetmeab,so3hedbo2||meo6bu1
şehadetname-i,so3hedbo2bo1emh'u4
şehadetnamelerini,so3hedbo2bo1emh||lrybo1y
şehadetnamemi,so3hedbo2bo1emh||my
şehadetnamesi,so3hedbo2bo1emh||sy
şehadetname,so3hedbo2bo1emh
şehadetname,so3hedbo2 bo1emh||
şehadetname,so3hedbo2bo1emh||
şehâdetnâme,so3hedbo2bo1emh
şehâdetnâme,so3hedbo2 bo1emh
şehadetname,so3o4ho4edo4bo2o0bo1o4emo4h||
şehâdetnâme,so3o4ho4edo4bo2o0bo1o4emo4h
şehadet parmağı,so3hedbo2 bu3rmh ao1y
şehâdet parmağı,so3hedbo2 bu3rmh ao1y
şehadet,so3hedbo2
şehâdet,so3hedbo2
şehadet,so3o4ho4edo4bo2o0
şehâdet,so3o4ho4edo4bo2o0
şehadetteki,so3hedbo2dh||ky
şehadetten,so3hedbo2dbo1
şehâdetten,so3hedbo2dbo1
şehadette,so3hedbo2dh
şehadettir,so3hedbo2dr
şehadet-zor,so3hedbo2 ro1wr
şehâdet-zor,so3hedbo2 ro1wr
şehametinin,so3hembo2bo1ko3
şehamet-i,so3hembo2u4
şehameti,so3hembo2y
şehametle,so3hembo2lh
şehametli,so3hembo2ly
şehâmetli,so3hembo2ly
şehamet,so3hembo2
şehâmet,so3hembo2
şehamet,so3o4ho4emo4bo2o0
şehâmet,so3o4ho4emo4bo2o0
şeha,so3he
şehâ,so3he
şehbal,so3hbu1el
şehbâl,so3hbu1el
şehbaz-ı,so3hbu1ero1u4
şehbazi,so3hbu1ero1y
şehbazî,so3hbu1ero1y
şehbaz,so3hbu1ero1
şehbenderhane,so3hbu1bo1dr xo1ebo1h||
şehbenderhane,so3hbu1bo1drxo1ebo1h||
şehbenderhâne,so3hbu1bo1drxo1ebo1h
şehbenderhâne,so3hbu1bo1dr xo1ebo1h
şehbenderlik,so3hbu1bo1drlk
şehbender,so3hbu1bo1dr
şehdinden,so3hdbo1dbo1
şehd-i̇ şehadet,so3o4ho0du4 so3o4ho4edo4bo2o0
şehd-i şehadet,so3o4ho0du4 so3o4ho4edo4bo2o0
şehd-i,so3hdu4
şehd,so3hd
şehenşah,so3hbo1so3eh||
şehenşâh,so3hbo1so3eh
şehevanî,so3hwebo1y
şehevatı,so3hwebo2y
şehevat,so3hwebo2
şehevât,so3hwebo2
şeheviyeden,so3hwyh||dbo1
şeheviye-i,so3hwyh'u4
şeheviyenin,so3hwyh||bo1ko3
şeheviyesi,so3hwyh||sy
şeheviye,so3hwyh
şeheviyye,so3hwyh
şehiden,so3hydo44e
şehidim,so3hydm
şehidinden,so3hydbo1dbo1
şehidin,so3hydko3
şehid-i,so3hydu4
şehidi,so3hydy
şehidiz,so3hydro1
şehidlerden,so3hydlrdbo1
şehidlerine,so3hydlrybo1h
şehidlerinin,so3hydlrybo1ko3
şehidlerin,so3hydlrko3
şehidler,so3hydlr
şehidlik,so3hbu2dlk
şehîdlik,so3hbu2dlk
şehidlik,so3hydlk
şehidsin,so3hydsko3
şehid,so3hbu2d
şehîd,so3hbu2d
şehi̇d,so3hyd
şehid,so3hyd
şehik,so3hyfo2
şehirdeki,so3hrdh||ky
şehirden,so3hrdbo1
şehirde,so3hrdh
şehirdir,so3hrdr
şehire,so3hrh
şehîridir,so3hyrydr
şehiri,so3hry
şehirlerden,so3hrlrdbo1
şehirlerde,so3hrlrdh
şehirlerini,so3hrlrybo1y
şehirlerin,so3hrlrko3
şehirleri,so3hrlry
şehirler,so3hrlr
şehirlilere,so3hrlylrh
şehirliler,so3hrlylr
şehirliliğe,so3hrlylko7h
şehirlilikten,so3hrlylkdbo1
şehirli,so3hrly
şehîr,so3hbu2r
şehir,so3hr
şehir,so3hyr
şehîr,so3hyr
şehla,so3hle
şehlâ,so3hle
şehname-i,so3hbo1emh'u4
şehnamelerine,so3hbo1emh||lrybo1h
şehnamesi,so3hbo1emh||sy
şehnaz-ı,so3hbo1ero1u4
şehnaz,so3hbo1ero1
şehnişin,so3hbo1so3bu2bo1
şehnişin,so3hbo1so3ybo1
şeh-per,so3hbu3r
şehper,so3hbu3r
şehrahına,so3hrehbo1h
şehrah,so3hreh||
şehrâh,so3hreh
şehraşub,so3hr eo6so3wbu1
şehrâşûb,so3hr eo6so3wbu1
şehr-âyîne-i,so3hreo6yybo1h'u4
şehrayin,so3hr eo6yybo1
şehr-âyin,so3hreo6yybo1
şehremaneti,so3hremebo1bo2y
şehremâneti,so3hremebo1bo2y
şehremini,so3hrembu2bo1y
şehremini,so3hremybo1y
şehre,so3hrh
şehrinde,so3hrbo1dh
şehrinin,so3hrybo1ko3
şehrini,so3hrybo1y
şehrin,so3hrko3
şehr-i,so3hru4
şehri,so3hry
şehrî,so3hry
şehristan-ı,so3hrsbo2ebo1u4
şehristan,so3hrsbo2ebo1
şehriyâr-ı,so3hryeru4
şehriyarı,so3hryery
şehriyârı,so3hryery
şehriyâr,so3hryer
şehriyeden,so3hryh||dbo1
şehriye,so3arbu2h
şehriye,so3aryh||
şehriye,so3hrbu2h||
şehriye,so3hryh
şehriye,so3hryh<>
şehriyye,so3hrbu2h
şehriyye,so3hryh||
şehr,so3hr
şehryari,so3hryery
şehryârî,so3hryery
şehryar,so3hryer
şehryâr,so3hryer
şeh,so3h
şeh,so3h||
şehsüvar,so3hswer
şehvani,so3hwebo1y
şehvanî,so3hwebo1y
şehvânî,so3hwebo1y
şehvat,so3hwebo2
şehvât,so3hwebo2
şehvet-âlûd,so3hwbo2||eo6lwd
şehvetengîz,so3hwbo2 ebo1ko7bu2ro1
şehvetengiz,so3hwbo2 ebo1ko7yro1
şehvet-engiz,so3hwbo2||eo5bo1ko7yro1
şehvetengiz,so3hwbo2||eo5bo1ko7yro1
şehvetini,so3hwbo2bo1y
şehvetin,so3hwbo2ko3
şehvet-i,so3hwbo2u4
şehveti,so3hwbo2y
şehvetlenmek,so3hwbo2lbo1mk
şehvetle,so3hwbo2lh
şehvetperest,so3hwbo2 bu3rsbo2
şehvet,so3hwbo2
şehzadebaşı'nda,so3hro1edh bu1eso3bo1dh
şehzadegan,so3hro1edko7ebo1
şehzâdegân,so3hro1edko7ebo1
şehzade,so3hro1edh||
şehzâde,so3hro1edh
şe'inlerine,so3yo5bo1lryko3h
şe'inleri,so3yo5bo1lry
şekaavet,so3fo2ewbo2
şekavetçi,so3fo2ewbo2xu1y
şekavete,so3fo2ewbo2h
şekavetinden,so3fo2ewbo2bo1dbo1
şekavetine,so3fo2ewbo2bo1h
şekavetin,so3fo2ewbo2ko3
şekavet-i,so3fo2ewbo2u4
şekaveti,so3fo2ewbo2y
şekavetiyle,so3fo2ewbo2ylh
şekavetlerinden,so3fo2ewbo2lrbo1dbo1
şekavetlerini,so3fo2ewbo2lrybo1y
şekavetleri,so3fo2ewbo2lry
şekavetle,so3fo2ewbo2lh
şekavetli,so3fo2ewbo2ly
şekavet,so3fo2ewbo2
şekâvet,so3fo2ewbo2
şekavettir,so3fo2ewbo2dr
şekerab,so3krebu1
şekerâb,so3krebu1
şeker bağlanmak,so3kr bu1eao1lebo1mfo2
şekerci,so3krxu1y
şekerden,so3krdbo1
şekerhand,so3krxo1bo1d
şekerin,so3krko3
şekeri,so3kry
şekeriyle,so3krylh
şeker koymak,so3kr fo2wmfo2
şekerleb,so3krlbu1
şekerlemeden,so3krlmh||dbo1
şekerlemek,so3krlmk
şekerlemeleri,so3krlmh||lry
şekerlemeler,so3krlmh||lr
şekerleme,so3krlmh
şekerleme,so3krlmh||
şekerlemeye,so3krlmh||yh
şekerlenmek,so3krlbo1mk
şekerlen,so3krlbo1
şekerleri,so3krlry
şekerle,so3krl
şekerle,so3krlh
şekerli,so3krly
şeker,so3kr
şekîbâî,so3kbu2bu1ebo5y
şekibai,so3kybu1ebo5y
şekîbâ,so3kbu2bu1e
şekiba,so3kybu1e
şekîb,so3kbu2bu1
şekib,so3kybu1
şekilce,so3klxu1h
şekildeki,so3kldh||ky
şekilde,so3kldh
şekildir,so3kldr
şekillerdeki,so3kllrdh||ky
şekillerde,so3kllrdh
şekillere,so3kllrh
şekillerindeki,so3kllrbo1dh||ky
şekillerinde,so3kllrbo1dh
şekillerini,so3kllrybo1y
şekilleri,so3kllry
şekilleriyle,so3kllrylh
şekillerle,so3kllrlh
şekiller,so3kllr
şekilsiz,so3klsro1
şeki̇l,so3kl
şekil,so3kl
şekime,so3kymh
şekîme,so3kymh
şekke,so3ko8h
şekkin,so3ko8ko3
şekk-i,so3ko8u4
şekki,so3ko8y
şekk,so3k
şekk,so3ko8
şekk,so3o4ko0
şekktir,so3ko8dr
şeklen,so3kle
şeklen,so3kleo44
şeklerine,so3klrybo1h
şeklerin,so3klrko3
şekle,so3klh
şeklimde,so3klmdh
şeklindedir,so3klbo1dh||dr
şeklindeki,so3klbo1dh||ky
şeklinden,so3klbo1dbo1
şeklinde,so3klbo1dh
şekline,so3klbo1h
şeklinin,so3klbo1ko3
şeklini,so3klbo1y
şeklin,so3klko3
şekl-i,so3klu4
şekli,so3kly
şeklî,so3kly
şekliyle,so3klylh
şekl (şekil),so3kl
şekl,so3kl
şeksiz,so3ksro1
şek,so3k
şek,so3o4ko0
şekspirler,so3ksbu3rlr
şekspir,so3ksbu3r
şekte,so3kdh
şekûr,so3kwr
şekvacı,so3kwexu1y
şekvadadır,so3kwedh||dr
şekvada,so3kwedh
şekvadır,so3kwedr
şekvalara,so3kwelrh
şekvalarımı,so3kwelrymy
şekvalarının,so3kwelrybo1ko3
şekvalarını,so3kwelrybo1y
şekvaları,so3kwelry
şekvalar,so3kwelr
şekvalı,so3kwely
şekvama,so3kwemh
şekvamı,so3kwemy
şekvamızı,so3kwemro1y
şekvanamedir,so3kwebo1emh||dr
şekvanın,so3kwebo1ko3
şekvasına,so3kwesbo1h
şekvasını,so3kwesbo1y
şekvası,so3kwesy
şekva,so3kwe
şekvâ,so3kwe
şekva,so3kwy
şekva,so3o4ko0wo4e
şekvâ,so3o4ko0wo4e
şekva'ya,so3kweyh
şekvaya,so3kweyh
şekvâya,so3kweyh
şekvayı,so3kweyy
şelale,so3lelh
şelâle,so3lelh
şelgam,so3lao1m
şellale,so3lelh||
şellâle,so3lelh
şelvarbend,so3lwerbu1bo1d
şelvârbend,so3lwerbu1bo1d
şelvar,so3lwer
şelvâr,so3lwer
şemadan (şamdan),so3mah debo1
şemadân (şamdan),so3mah debo1
şemail-i,so3meyo5lu4
şemail,so3mebo5l
şemâil,so3mebo5l
şem'a-i,so3mah'u4
şema,so3h<>me
şema,so3h||me
şem'a,so3mah
şem'a,so3mah||
şem’a,so3mah<>
şem’a,so3mah||
şemate,so3meth||
şemâte,so3meth
şematetine,so3mebo2bo2bo1h
şematetini,so3mebo2bo2bo1y
şematetkârane,so3mebo2bo2kerebo1h
şematetle,so3mebo2bo2lh
şematetli,so3mebo2bo2ly
şem'dan,so3madebo1
şem’dan,so3madebo1
şemdinan,so3ymdybo1ebo1
şem'-i asel,so3ma asl
şemîm,so3mbu2m
şemim,so3mym
şem'î'nin,so3maybo1ko3
şem'in,so3mako3
şem'-i,so3mau4
şem'î,so3may
şemmas'ın,so3mo8esko3
şemme,so3mh
şemme,so3mh||
şemme,so3o4mo8o4h
şemm,so3mo8
şemm,so3o4mo8
şempanze,so3bu2mbu3ebo1ro1h
şempanze,so3ymbu3ebo1ro1h||
şems'den,so3msdbo1
şemsden,so3msdbo1
şemseddin,so3ms eldybo1
şems'e,so3msh
şemse,so3msh
şemsidir,so3msydr
şems-i ezelî,so3o4mo0su4 eo4ro1o4lbu2
şems-i̇ ezeli̇,so3o4mo0su4 eo4ro1o4l۪y
şems-i ezeli,so3o4mo0su4 eo4ro1o4l۪y
şems-i ezeliye,so3o4mo0su4 eo4ro1o4lu4bu2o4h
şems-i̇ ezeli̇ye,so3o4mo0su4 eo4ro1o4lu4yo4h||
şems-i ezeliye,so3o4mo0su4 eo4ro1o4lu4yo4h||
şems-i̇ ezel ve ebed,so3o4mo0su4 eo4ro1o4l wo4 eo4bu1o4do0
şems-i ezel ve ebed,so3o4mo0su4 eo4ro1o4l wo4 eo4bu1o4do0
şems-i hakîkat,so3o4mo0su4 xo4fo2bu2fo2o4bo2o0
şems-i̇ haki̇kat,so3o4mo0su4 xo4fo2۪yfo2o4bo2o0
şems-i hakikat,so3o4mo0su4 xo4fo2۪yfo2o4bo2o0
şems-i hidâyet,so3o4mo0su4 hdu4eo4bu2o4bo2o0
şems-i̇ hi̇dayet,so3o4mo0su4 hdu4eo4yo4bo2o0
şems-i hidayet,so3o4mo0su4 hdu4eo4yo4bo2o0
şems-i̇ kemalat,so3o4mo0su4 ko4mo4elo4ebo2o0
şems-i kemalat,so3o4mo0su4 ko4mo4elo4ebo2o0
şems-i kemâlât,so3o4mo0su4 ko4mo4elo4ebo2o0
şemsimizden,so3msmro1dbo1
şemsimiz,so3msmro1
şemsinden,so3msbo1dbo1
şemsinin,so3msbo1ko3
şems'in,so3msko3
şemsin,so3msko3
şems-i̇ nübüvvet,so3o4mo0su4 bo1o9bu1o9wo4o8bo2o0
şems-i nübüvvet,so3o4mo0su4 bo1o9bu1o9wo4o8bo2o0
şemşîr,so3mso3bu2r
şemşir,so3mso3yr
şems-i sermedî,so3o4mo0su4 so4ro0mo4dbu2
şems-i̇ sermedi̇,so3o4mo0su4 so4ro0mo4d۪y
şems-i sermedi,so3o4mo0su4 so4ro0mo4d۪y
şems-i̇ sermed,so3o4mo0su4 so4ro0mo4do0
şems-i sermed,so3o4mo0su4 so4ro0mo4do0
şems-i,so3msu4
şems'i,so3msy
şemsi,so3msy
şemsî,so3msy
şemsiyecilik,so3msbu2h||xu1bu2lk
şemsiyecilik,so3msyh<>xu1ylk
şemsiyeci,so3msbu2h||xu1y
şemsiyeci,so3msyh<>xu1y
şemsiyedeki,so3msyh||dh||ky
şemsiyeden,so3msyh||dbo1
şemsiyelik,so3msbu2h||lk
şemsiyelik,so3msyh<>lk
şemsiye'mizle,so3msyh||mro1lh
şemsiye'nin,so3msyh||bo1ko3
şemsiyenin,so3msyh||bo1ko3
şemsiye,so3msbu2h
şemsiye,so3msyh
şemsiye,so3msyh||
şemsiyeye,so3msyh||yh
şemsiye'yi,so3msyh||yy
şemsiyeyi,so3msyh||yy
şemsi'yi,so3msy||yy
şemsiyye,so3msbu2h
şemsiyye,so3msyh||
şemslere,so3mslrh
şemslerin,so3mslrko3
şemsler,so3mslr
şems-misal,so3ms||mbo3el
şem',so3ma
şem’,so3ma
şems,so3ms
şems,so3o4mo0so0
şems'ten,so3msdbo1
şemsten,so3msdbo1
şems'te,so3msdh
şemste,so3msdh
şemstirler,so3msdrlr
şemstir,so3msdr
şems-üs,so3ms el
şems-üş,so3ms el
şemsüşşümus,so3ms elso3o8mws
şemsüşşümus'u,so3ms elso3o8mwsy
şemta,so3mte
şemtâ,so3o4mo0te
şem'un-u,so3mawbo1u4
şenaata,so3bo1eabo2h
şenaate,so3bo1eabo2h
şenaatinin,so3bo1eabo2bo1ko3
şenaati,so3bo1eabo2y
şenaatı,so3bo1eabo2y
şenaatler,so3bo1eabo2lr
şenaat,so3bo1eabo2
şenâat,so3bo1eabo2
şenaat,so3o4bo1o4eao4bo2o0
şenâat,so3o4bo1o4eao4bo2o0
şenaetler,so3bo1eabo2lr
şenbe,so3bo1bu1h
şenbe,so3bo1bu1h||
şe'nde,so3eo5bo1dh
şe'ne,so3eo5bo1h
şe'nidir,so3eo5bo1ydr
şenii,so3bo1yay
şeni'lerini,so3bo1yalrybo1y
şe'nindendir,so3eo5bo1bo1dbo1dr
şe'ninden,so3eo5bo1bo1dbo1
şe'ninde,so3eo5bo1bo1dh
şe'nindir,so3eo5bo1ko3dr
şe'nine,so3eo5bo1bo1h
şe'nini,so3eo5bo1bo1y
şe'nin,so3eo5bo1ko3
şenî,so3bo1bu2a
şenî',so3bo1bu2a
şeni,so3bo1ya
şeni',so3bo1ya
şeni’,so3bo1ya
şenî',so3bo1ya
şe'n-i,so3eo5bo1u4
şe'ni,so3eo5bo1y
şenî',so3o4bo1bu2ao0
şeni̇',so3o4bo1۪yao0
şeni',so3o4bo1۪yao0
şe'niyet,so3eo5bo1bu2bo2
şe’niyet,so3eo5bo1bu2bo2
şe'niyet,so3eo5bo1ybo2
şe’niyet,so3eo5bo1ybo2
şe'n-i zâtî,so3o4eo5o0bo1u4 do1o4ebo2u4bu2
şe'n-i̇ zati̇,so3o4eo5o0bo1u4 do1o4ebo2u4y
şe'n-i zati,so3o4eo5o0bo1u4 do1o4ebo2u4y
şenlendirdiği,so3bo1lbo1dyrdyko7y
şenlendirdiler,so3bo1lbo1dyrdylr
şenlendirdi,so3bo1lbo1dyrdy
şenlendirecek,so3bo1lbo1dyrh||xu1k
şenlendiren,so3bo1lbo1dyrbo1
şenlendirilecek,so3bo1lbo1dyrylh||xu1k
şenlendirilmesi,so3bo1lbo1dyrlmsy
şenlendirilmiş,so3bo1lbo1dyrlmso3
şenlendirilmiştir,so3bo1lbo1dyrlmso3dr
şenlendirip,so3bo1lbo1dyrwbu1
şenlendiriyorlar,so3bo1lbo1dyryywrlr
şenlendiriyor,so3bo1lbo1dyryywr
şenlendirmekle,so3bo1lbo1dyrmklh
şenlendirmek,so3bo1lbo1dbu2rmk
şenlendirmek,so3bo1lbo1drmk
şenlendirmek,so3bo1lbo1dyrmk
şenlendirmek,so3lbo1drmk
şenlendirmeyeceklerdi,so3bo1lbo1dyrmyh||xu1klrdy
şenlendirmişler,so3bo1lbo1dyrmso3lr
şenlendirmiş,so3bo1lbo1dyrmso3
şenlendirsin,so3bo1lbo1dyrsybo1
şenlendir,so3bo1lbo1dyr
şenlendi,so3bo1lbo1dy
şenlenecek,so3bo1lbo1h||xu1k
şenlenir,so3bo1lh||bo1yr
şenleniyor,so3bo1lh||bo1yywr
şenlenmek,so3bo1lbo1mk
şenlenmesine,so3bo1lbo1mh||sbo1h
şenlenmiş,so3bo1lbo1mso3
şenlen,so3bo1lbo1
şe'nleridir,so3eo5bo1lrydr
şe'nlerindendir,so3eo5bo1lrbo1dbo1dr
şe'nlerine,so3eo5bo1lryko3h
şe'nlerini,so3eo5bo1lrybo1y
şe'nlerin,so3eo5bo1lrko3
şe'nleri,so3eo5bo1lry
şe'nler,so3eo5bo1lr
şenliğinin,so3bo1lko7bo1ko3
şenliği,so3bo1lko7y
şenliklerden,so3bo1lklrdbo1
şenlikle,so3bo1lklh
şenlikli,so3bo1lkly
şenliksiz,so3bo1lksro1
şenlik,so3bo1lk
şen,so3bo1
şe'n,so3eo5bo1
şe’n,so3eo5bo1
şe'n,so3o4eo5o0bo1o0
şen şuh,so3bo1 so3wxo1
şenşuh,so3bo1so3wxo1
şen şûh,so3bo1 so3wxo1
şenşûh,so3bo1so3wxo1
şentürk'ün,so3bo1bo2wrkko3
şerabhar,so3rebu1xo1wer
şerâbhâr,so3rebu1xo1wer
şerafetini,so3refo1bo2bo1y
şerafet-i,so3refo1bo2u4
şerafet,so3o4ro4efo1o4bo2o0
şerâfet,so3o4ro4efo1o4bo2o0
şerafet,so3refo1bo2
şerâfet,so3refo1bo2
şerafette,so3refo1bo2dh
şeraite,so3reyo5th
şerâit-i hayâtiye,so3o4ro4ebo5u4tu4 xo4bu2o4ebo2u4bu2o4h
şerai̇t-i̇ hayati̇ye,so3o4ro4ebo5u4tu4 xo4yo4ebo2u4yo4h||
şerait-i hayatiye,so3o4ro4ebo5u4tu4 xo4yo4ebo2u4yo4h||
şerâit-i hayât,so3o4ro4ebo5u4tu4 xo4bu2o4ebo2o0
şerai̇t-i̇ hayat,so3o4ro4ebo5u4tu4 xo4yo4ebo2o0
şerait-i hayat,so3o4ro4ebo5u4tu4 xo4yo4ebo2o0
şerai̇t-i̇ hi̇lafet,so3o4ro4ebo5u4tu4 xo1u4lo4efo1o4bo2o0
şerait-i hilafet,so3o4ro4ebo5u4tu4 xo1u4lo4efo1o4bo2o0
şerâit-i hilâfet,so3o4ro4ebo5u4tu4 xo1u4lo4efo1o4bo2o0
şeraitine,so3reyo5tbo1h
şeraitinin,so3reyo5tybo1ko3
şeraitini,so3reyo5tbo1y
şerâitini,so3reyo5tbo1y
şeraitin,so3reyo5tko3
şerait-i,so3reyo5tu4
şeraiti,so3reyo5ty
şeraitiyle,so3reyo5tylh
şeraitle,so3reyo5tlh
şerai̇t,so3o4ro4ebo5u4to0
şerait,so3o4ro4ebo5u4to0
şerâit,so3o4ro4ebo5u4to0
şerait,so3rebo5t
şerâit,so3rebo5t
şerait,so3reyo5t
şerâit,so3reyo5t
şeraket,so3rekbo2
şerâket,so3rekbo2
şer'an,so3o4ro0ao44e
şer'an,so3rae
şer’an,so3rae
şer'an,so3rao44e
şerarat-ı,so3rerebo2u4
şerarat,so3rerebo2
şerare,so3rerh||
şerâre,so3rerh
şeraretiyle,so3rerbo2ylh
şeraretleri,so3rerbo2lry
şeraretli,so3rerbo2ly
şeraret,so3rerbo2
şerâret,so3rerbo2
şer'a,so3rah
şerâyi'den,so3reyadbo1
şerayin,so3reyybo1
şerâyin,so3reyybo1
şerayi',so3reya
şerayi’,so3reya
şerâyi',so3reya
şerbetçileri,so3rbu1bo2xu1ylry
şerbetçilik,so3rbu1bu2bo2xu1bu2lk
şerbetçilik,so3rbu1ybo2xu1ylk
şerbetçisi,so3rbu1bo2xu1ysy
şerbetçi,so3rbu1bo2xu1y
şerbetçi,so3rbu1bu2bo2xu1y
şerbetçi,so3rbu1ybo2xu1y
şerbetini,so3rbu1bo2bo1y
şerbetinizi,so3rbu1bo2ko3ro1y
şerbet-i,so3rbu1bo2u4
şerbetler,so3rbu1bo2lr
şerbetlik,so3rbu1bo2lk
şerbet,so3rbu1bo2
şerden,so3rdbo1
şer'de,so3radh
şerde,so3rdh
şer'dir,so3radr
şerdir,so3rdr
şeref-bahş,so3rfo1||bu1xo1so3
şerefbahş,so3rfo1bu1xo1so3
şerefbahş,so3rfo1||bu1xo1so3
şerefesinden,so3rfo1h||sbo1dbo1
şerefesinde,so3rfo1h||sbo1dh
şerefesinin,so3rfo1h||sbo1ko3
şerefe,so3rfo1h
şerefimi,so3rfo1my
şerefimize,so3rfo1mro1h
şerefimiz,so3rfo1mro1
şerefim,so3rfo1m
şerefinden,so3rfo1bo1dbo1
şerefinedir,so3rfo1bo1h||dr
şerefine,so3rfo1bo1h
şerefinin,so3rfo1bo1ko3
şerefini,so3rfo1bo1y
şerefinize,so3rfo1ko3ro1h
şerefinizi,so3rfo1ko3ro1y
şerefiniz,so3rfo1ko3ro1
şerefin,so3rfo1ko3
şeref-i,so3rfo1u4
şerefi,so3rfo1y
şerefiye,so3rfo1bu2h
şerefiye,so3rfo1yh||
şerefiyle,so3rfo1ylh
şereflendiren,so3rfo1lbo1dyrbo1
şereflendirmek,so3rfo1lbo1dbu2rmk
şereflendirmek,so3rfo1lbo1dyrmk
şereflendirmesi,so3rfo1lbo1dyrmsy
şereflendir,so3rfo1lbo1dyr
şereflenir,so3rfo1lh||bo1yr
şereflenmek,so3rfo1lbo1mk
şereflenmiş,so3rfo1lbo1mso3
şereflen,so3rfo1lbo1
şereflere,so3rfo1lrh
şereflerine,so3rfo1lrybo1h
şereflerini,so3rfo1lrybo1y
şerefleri,so3rfo1lry
şerefleriyle,so3rfo1lrylh
şerefler,so3rfo1lr
şerefle,so3rfo1lh
şerefli,so3rfo1ly
şerefsadır,so3rfo1zedr
şerefsâdır,so3rfo1zedr
şerefse,so3rfo1sh
şeref-şiar,so3rfo1||so3aer
şerefşiar,so3rfo1||so3aer
şerefsizlik,so3rfo1sro1lk
şerefsiz,so3rfo1sro1
şeref,so3rfo1
şerefsudur,so3rfo1zdwr
şerefsudûr,so3rfo1zdwr
şereften,so3rfo1dbo1
şerefte,so3rfo1dh
şereftir,so3rfo1dr
şerefvarid,so3rfo1werd
şerefvârid,so3rfo1werd
şerefvusul,so3rfo1wzwl
şerefvusûl,so3rfo1wzwl
şerefyâbız,so3rfo1yebu1ro1
şerefyâb,so3rfo1yebu1
şerefzahir,so3rfo1to1ehr
şerefzâhir,so3rfo1to1ehr
şerefzuhur,so3rfo1to1hwr
şerefzuhûr,so3rfo1to1hwr
şerer,so3rr
şerha,so3rxh
şerha,so3rxh||
şerheden,so3rx eydbo1
şerh etmek,so3rx e
şerhetmek,so3rx ebu2bo2mk
şerhetmek,so3rx eybo2mk
şerhetmiş,so3rx eybo2mso3
şerhetmiştir,so3rx eybo2mso3dr
şerhet,so3rx eybo2
şerhettiği,so3rx eybo2dyko7y
şerhidir,so3rxydr
şerh-i,so3rxu4
şerhi,so3rxy
şerhleri,so3rxlry
şerhlerle,so3rxlrlh
şerh,so3o4ro0xo0
şerh,so3rx
şerh-ül,so3rx el
şeriata,so3ryabo2h
şeriatça,so3ryabo2xu1h
şerîatcı,so3rbu2abo2xu1y
şeriatcı,so3ryabo2xu1y
şeriate,so3ryabo2h
şerîat-i fitriye-i kübrâ,so3o4rbu2ao4bo2u4 fo1u4to0ru4bu2o4u4 ko9bu1o0ro4e
şerîat-ı fıtriye-i kübrâ,so3o4rbu2ao4bo2u4 fo1u4to0ru4bu2o4u4 ko9bu1o0ro4e
şeri̇at-i fitri̇ye-i̇ kübra,so3o4r۪yao4bo2u4 fo1u4to0ru4yo4ۀu4 ko9bu1o0ro4e
şeriat-ı fıtriye-i kübra,so3o4r۪yao4bo2u4 fo1u4to0ru4yo4ۀu4 ko9bu1o0ro4e
şerîat-i fitriye,so3o4rbu2ao4bo2u4 fo1u4to0ru4bu2o4h
şerîat-ı fıtriye,so3o4rbu2ao4bo2u4 fo1u4to0ru4bu2o4h
şeri̇at-i fitri̇ye,so3o4r۪yao4bo2u4 fo1u4to0ru4yo4h||
şeriat-ı fıtriye,so3o4r۪yao4bo2u4 fo1u4to0ru4yo4h||
şeriatımla,so3ryabo2mlh
şeriatına,so3ryabo2bo1h
şeriatından,so3ryabo2bo1dbo1
şeriatında,so3ryabo2bo1dh
şeriatine,so3ryabo2bo1h
şeriatının,so3ryabo2bo1ko3
şeriatını,so3ryabo2bo1y
şeriatın,so3ryabo2ko3
şeriat-i,so3ryabo2u4
şeriat-ı,so3ryabo2u4
şeriatı,so3ryabo2y
şeriatıyla,so3ryabo2ylh
şeriatlara,so3ryabo2lrh
şeriatlardır,so3ryabo2lrdr
şeriatlarının,so3ryabo2lrybo1ko3
şeriatların,so3ryabo2lrko3
şeriatları,so3ryabo2lry
şeriatlar,so3ryabo2lr
şeriatla,so3ryabo2lh
şeriatleri,so3ryabo2lry
şeriatşikenane,so3ryabo2||so3kbo1ebo1h
şeriatsız,so3ryabo2sro1
şerîat,so3o4rbu2ao4bo2o0
şeri̇at,so3o4r۪yao4bo2o0
şeriat,so3o4r۪yao4bo2o0
şerîat,so3rbu2abo2
şeri̇at,so3ryabo2
şeriat,so3ryabo2
şeriattaki,so3ryabo2dh||ky
şeriattandır,so3ryabo2dbo1dr
şeriattan,so3ryabo2dbo1
şeriatta,so3ryabo2dh
şeriatte,so3ryabo2dh
şeriattır,so3ryabo2dr
şer'îde,so3raydh
şeridinde,so3rydbo1dh
şeridine,so3rydybo1h
şer'îdir,so3raydr
şerid-i,so3rybo2u4
şeridi,so3rydy
şeridiz,so3rydro1
şeridleri,so3rydlry
şerid,so3rbu2d
şerid,so3ryd
şerife'deki,so3ryfo1h||dh||ky
şerife'den,so3ryfo1h||dbo1
şerife'de,so3ryfo1h||dh
şerifede,so3ryfo1h||dh
şerifedir,so3ryfo1h||dr
şerifelere,so3ryfo1h||lrh
şerifeleridir,so3ryfo1h||lrydr
şerifelerinden,so3ryfo1h||lrbo1dbo1
şerifelerinin,so3ryfo1h||lrybo1ko3
şerifelerinizi,so3ryfo1h||lryko3ro1y
şerifelerin,so3ryfo1h||lrko3
şerifeleri,so3ryfo1h||lry
şerife'ler,so3ryfo1h||lr
şerifeler,so3ryfo1h||lr
şerife'nin,so3ryfo1h||bo1ko3
şerifenin,so3ryfo1h||bo1ko3
şerifenizi,so3ryfo1h||ko3ro1y
şerifesinin,so3ryfo1h||sbo1ko3
şerifesini,so3ryfo1h||sbo1y
şerifesiyle,so3ryfo1h||sylh
şerif'e,so3ryfo1h
şerife,so3ryfo1h
şerîfe,so3ryfo1h
şerifeye,so3ryfo1h||yh
şerifeyi,so3ryfo1h||yy
şerifeyn'ce,so3ryfo1o4yo0bo1xu1h
şerifeyn'dir,so3ryfo1o4yo0bo1dr
şerifeyn'e,so3ryfo1o4yo0bo1h
şerifeyn'in,so3ryfo1o4yo0bo1ko3
şerifeyn'i,so3ryfo1o4yo0bo1y
şerifeyni,so3ryfo1o4yo0bo1y
şerifeyn,so3ryfo1o4yo0bo1
şerifidir,so3ryfo1ydr
şerifindeki,so3ryfo1bo1dh||ky
şerif'inde,so3ryfo1bo1dh
şerifinde,so3ryfo1bo1dh
şerif'ine,so3ryfo1bo1h
şerifine,so3ryfo1bo1h
şerif'inin,so3ryfo1bo1ko3
şerifinin,so3ryfo1bo1ko3
şerîfinin,so3ryfo1bo1ko3
şerifini,so3ryfo1bo1y
şerifinize,so3ryfo1ko3ro1h
şerifinizi,so3ryfo1ko3ro1y
şerifinizle,so3ryfo1ko3ro1lh
şerif'in,so3ryfo1ko3
şerifin,so3ryfo1ko3
şerif-i,so3ryfo1u4
şerif'i,so3ryfo1y
şerifi,so3ryfo1y
şerîfi,so3ryfo1y
şerifiyle,so3ryfo1ylh
şeriflere,so3ryfo1lrh
şeriflerine,so3ryfo1lrybo1h
şeriflerini,so3ryfo1lrybo1y
şerifleri,so3ryfo1lry
şerifleriyle,so3ryfo1lrylh
şerifler,so3ryfo1lr
şerifle,so3ryfo1lh
şerif,so3rbu2fo1
şerîf,so3rbu2fo1
şerif,so3ryfo1
şerif'teki,so3ryfo1dh||ky
şerifteki,so3ryfo1dh||ky
şerif'ten,so3ryfo1dbo1
şeriften,so3ryfo1dbo1
şerif'te,so3ryfo1dh
şerifte,so3ryfo1dh
şeriftir,so3ryfo1dr
şerike,so3rykh
şerîke,so3rykh
şerikimiz,so3rykmro1
şerikini,so3rykbo1y
şerikiniz,so3rykko3ro1
şerîkiniz,so3rykko3ro1
şerikin,so3rykko3
şerik-i,so3ryku4
şerîk-i,so3ryku4
şeriki,so3ryky
şerîki,so3ryky
şerîk-i zâtî,so3o4rbu2ku4 do1o4ebo2bu2
şeri̇k-i̇ zati̇,so3o4r۪yku4 do1o4ebo2۪y
şerik-i zati,so3o4r۪yku4 do1o4ebo2۪y
şeriklerden,so3ryklrdbo1
şeriklere,so3ryklrh
şeriklerin,so3ryklrko3
şerikleri,so3ryklry
şerikleriyle,so3ryklrylh
şerikler,so3ryklr
şerîklik,so3rbu2klk
şeriklik,so3ryklk
şerîk olmak,so3rbu2k ew
şerik olmak,so3ryk ew
şeriksiz,so3ryksro1
şerîk,so3o4rbu2ko0
şeri̇k,so3o4r۪yko0
şerik,so3o4r۪yko0
şerik,so3rbu2k
şerîk,so3rbu2k
şerik,so3ryk
şerikten,so3rykdbo1
şeriktirler,so3rykdrlr
şeriktir,so3rykdr
şer'im,so3ram
şer'înin,so3raybo1ko3
şer'in,so3rako3
şerirenin,so3ryrh||bo1ko3
şerire,so3ryrh
şerirlerden,so3ryrlrdbo1
şerirlerine,so3ryrlrybo1h
şerirlerini,so3ryrlrybo1y
şerirleriniz,so3ryrlryko3ro1
şerirlerin,so3ryrlrko3
şerirler,so3ryrlr
şerîr,so3o4rbu2ro0
şeri̇r,so3o4r۪yro0
şerir,so3o4r۪yro0
şerîr,so3rbu2r
şerir,so3ryr
şerîr,so3ryr
şer'îsine,so3raysbo1h
şer'îsi,so3raysy
şer'-i,so3rau4
şer'i,so3ray
şer’i,so3ray
şer'î,so3ray
şerita,so3ryth||
şerîta,so3ryth
şeritlerdir,so3rydlrdr
şeritlerinde,so3rydlrbo1dh
şeritleri,so3rydlry
şerit,so3rbu2d
şerit,so3ryd
şerittir,so3ryddr
şer'iyedeki,so3rayh||dh||ky
şer'iyeden,so3rayh||dbo1
şer'iyede,so3rayh||dh
şer'iyedir,so3rayh||dr
şer'iye-i,so3rayh'u4
şer'iyenin,so3rayh||bo1ko3
şer'iyesince,so3rayh||sbo1xu1h
şer'iyesinde,so3rayh||sbo1dh
şer'iyesine,so3rayh||sbo1h
şer'iyesini,so3rayh||sbo1y
şer'iyesi,so3rayh||sy
şer'iye,so3rabu2h
şer'iye,so3rayh
şer'iye,so3rayh||
şer’iye,so3rayh||
şer'iyeye,so3rayh||yh
şer'iyeyi,so3rayh||yy
şer'îyi,so3ray||yy
şer'iyye,so3rayh
şer'iyyeye,so3rayh||yh
şer'iyyeyi,so3rayh||yy
şerlerden,so3rlrdbo1
şerlere,so3rlrh
şerlerinden,so3rlrbo1dbo1
şerlerine,so3rlrybo1h
şerlerini,so3rlrybo1y
şerlerin,so3rlrko3
şerleri,so3rlry
şerleriyle,so3rlrylh
şerlerle,so3rlrlh
şerler,so3rlr
şerli,so3rly
şermendegi,so3rmbo1dko7y
şermendegî,so3rmbo1dko7y
şermende,so3rmbo1dh
şermende,so3rmbo1dh||
şermgîn,so3rmko7bu2bo1
şermgin,so3rmko7ybo1
şermnak,so3rmbo1ek
şermnâk,so3rmbo1ek
şermsar,so3rmser
şermsâr,so3rmser
şerm,so3rm
şerre,so3ro8h
şerreyn,so3ro8yo0bo1
şerr-i hazîn,so3o4ru4o8 xo4ro1u4bu2bo1o0
şerr-i̇ hazi̇n,so3o4ru4o8 xo4ro1u4ybo1o0
şerr-i hazin,so3o4ru4o8 xo4ro1u4ybo1o0
şerrihî,so3o4ro8u4hu4
şerr-i̇ mahz,so3o4ru4o8 mo4xo0zo1o0
şerr-i mahz,so3o4ru4o8 mo4xo0zo1o0
şerrimize,so3ro8ymro1h
şerrim,so3ro8m
şerrinden,so3ro8bo1dbo1
şerrine,so3ro8ybo1h
şerrini,so3ro8ybo1y
şerrin,so3ro8ko3
şerr-i,so3ro8u4
şerri,so3ro8y
şerriyede,so3ro8yh||dh
şerriyenin,so3ro8yh||bo1ko3
şerriye,so3ro8yh
şerriyet,so3ro8ybo2
şerr,so3r
şerr,so3ro8
şer,so3o4ro0
şer,so3r
şer',so3ra
şer’,so3ra
şerûr,so3rwr
şeş-beş,so3o4so3o0 bu1o4so3o0
şeşbeş,so3so3 bu1so3
şeşcihar,so3so3 xu1her
şeşhane,so3so3xo1ebo1h
şeşhane,so3so3xo1ebo1h||
şeşhâne,so3so3xo1ebo1h
şeşise,so3so3 w sh
şeşise,so3so3 w sh||
şeşiyek,so3so3 w yk
şeşper,so3so3 bu3r
şeş,so3so3
şest,so3sbo2
şeşüdü,so3so3 w dw
şeşüm,so3so3m
şeşüse,so3so3 w sh
şeşüse,so3so3 w sh||
şeşüyek,so3so3 w yk
şetâretlendirmek,so3terbo2lbo1dbu2rmk
şetaretlendirmek,so3terbo2lbo1dyrmk
şetaretlendir,so3terbo2lbo1dyr
şetaretle,so3terbo2lh
şetaretli,so3terbo2ly
şetâretli,so3terbo2ly
şetaret,so3terbo2
şetâret,so3terbo2
şetimle,so3bo2mlh
şetimli,so3bo2mly
şeti̇m,so3o4bo2u4mo0
şetim,so3o4bo2u4mo0
şetmedip,so3bo2m eydwbu1
şetme,so3bo2mh
şetm etmek,so3bo2m e
şetmetmek,so3bo2m ebu2bo2mk
şetmetmek,so3bo2m eybo2mk
şetmet,so3bo2m eybo2
şetmi,so3bo2my
şetm,so3bo2m
şetta,so3bo2o8y
şevagil,so3weao1l
şevâgil,so3weao1l
şevahid-i,so3wehdu4
şevahik-ı,so3wehfo2u4
şevher,so3whr
şevk-engizane,so3wfo2||eo5bo1ko7yro1ebo1h
şevk-engiz,so3wfo2||eo5bo1ko7yro1
şevke,so3wfo2h
şevket-i islâmiyet,so3o4wko4bo2u4 eu4sleo4mu4bu2o4bo2o0
şevket-i̇ i̇slami̇yet,so3o4wko4bo2u4 eu4sleo4mu4yo4bo2o0
şevket-i islamiyet,so3o4wko4bo2u4 eu4sleo4mu4yo4bo2o0
şevket'in,so3wkbo2ko3
şevket-i,so3wkbo2u4
şevketi,so3wkbo2y
şevketiyle,so3wkbo2ylh
şevketlerine,so3wkbo2lrybo1h
şevketleri,so3wkbo2lry
şevketli efendimiz,so3wkbo2lw efo1bo1dbu2mro1
şevketli efendimiz,so3wkbo2lw efo1bo1dymro1
şevketli,so3wkbo2ly
şevketlu,so3wkbo2lw
şevketlû,so3wkbo2lw
şevketmeab,so3wkbo2 meo6bu1
şevketmeâb,so3wkbo2 meo6bu1
şevketpenah,so3wkbo2 bu3bo1eh||
şevketpenâh,so3wkbo2 bu3bo1eh
şevket,so3o4wo0ko4bo2o0
şevket,so3wkbo2
şevkettir,so3wkbo2dr
şevkimi,so3wfo2my
şevkimizi,so3wfo2mro1y
şevkim,so3wfo2m
şevk-i̇ mukaddes,so3o4wo0fo2u4 mo9fo2o4do4o8so0
şevk-i mukaddes,so3o4wo0fo2u4 mo9fo2o4do4o8so0
şevkinden,so3wfo2bo1dbo1
şevkine,so3wfo2bo1h
şevkini,so3wfo2bo1y
şevkinizi,so3wfo2ko3ro1y
şevkinizle,so3wfo2ko3ro1lh
şevkiniz,so3wfo2ko3ro1
şevkin,so3wfo2ko3
şevk-i,so3wfo2u4
şevki,so3wfo2y
şevk-i tenzîlî,so3o4wo0fo2u4 bo2o4bo1o0ro1u4bu2lu4bu2
şevk-i̇ tenzi̇li̇,so3o4wo0fo2u4 bo2o4bo1o0ro1u4ylu4y
şevk-i tenzili,so3o4wo0fo2u4 bo2o4bo1o0ro1u4ylu4y
şevkiyle,so3wfo2ylh
şevklendirdi,so3wfo2lbo1dyrdy
şevklerine,so3wfo2lrybo1h
şevklerini,so3wfo2lrybo1y
şevkleri,so3wfo2lry
şevkleriyle,so3wfo2lrylh
şevkle,so3wfo2lh
şevkli,so3wfo2ly
şevksizlik,so3wfo2sro1lk
şevksiz,so3wfo2sro1
şevk,so3o4wo0fo2o0
şevk,so3wfo2
şevk,so3wk
şevkte,so3wfo2dh
şev,so3bu2w
şev,so3yw
şevval'in,so3wo8elko3
şevval-i,so3wo8elu4
şevval,so3wel
şevvâl,so3wel
şevval,so3wo8el
şev yapmak,sbu2wbu2ebu3mfo2
şev yapmak,sywyebu3mfo2
şeyatîne,so3yetybo1h
şeyatînin,so3yetybo1ko3
şeyatîn-i,so3yetybo1u4
şeyatîni,so3yetybo1y
şeyâtin,so3bu2etbu2bo1
şeyatin,so3yetybo1
şeyatîn,so3yetybo1
şeybe,so3ybu1h
şeyb,so3bu2bu1
şeyb,so3ybu1
şeydası,so3ydesy
şeydâ,so3bu2de
şeyda,so3yde
şeydeki,so3ydh||ky
şey'den,so3ydbo1
şeyden,so3ydbo1
şeyde,so3ydh
şey'dir,so3ydr
şeydir,so3ydr
şeydi,so3ydy
şey'en,so3yyo5o44e
şey'e,so3yyo5h
şeye,so3yyo5h
şeyhan,so3yxo1ebo1
şeyhayn,so3o4bu2o0xo1o4bu2o0bo1o0
şeyhayn,so3o4yo0xo1o4yo0bo1o0
şeyhe,so3o4yxo1h
şeyh'e,so3yxo1h
şeyheyn'den,so3o4yo0xo1o4yo0bo1dbo1
şeyheyn'in,so3o4yo0xo1o4yo0bo1ko3
şeyheynin,so3o4yo0xo1o4yo0bo1ko3
şeyheyn-i,so3o4yo0xo1o4yo0bo1u4
şeyheyni,so3o4yo0xo1o4yo0bo1y
şeyheyn,so3o4yxo1o4yo0bo1
şeyhidir,so3yxo1ydr
şeyhime,so3yxo1mh
şeyhim,so3yxo1m
şeyhinden,so3yxo1bo1dbo1
şeyhine,so3yxo1bo1h
şeyhi'nin,so3yxo1bo1ko3
şeyhinin,so3yxo1bo1ko3
şeyhini,so3yxo1bo1y
şeyh'in,so3yxo1ko3
şeyhin,so3yxo1ko3
şeyh-i,so3yxo1u4
şeyh'i,so3yxo1y
şeyhi,so3yxo1y
şeyhlerden,so3yxo1lrdbo1
şeyhlere,so3yxo1lrh
şeyhlerim,so3yxo1lrm
şeyhlerine,so3yxo1lrybo1h
şeyhlerinin,so3yxo1lrybo1ko3
şeyhleriniz,so3yxo1lryko3ro1
şeyhleri,so3yxo1lry
şeyhler,so3yxo1lr
şeyhliğin,so3yxo1lko7ko3
şeyhlik,so3yxo1lk
şeyh,so3bu2xo1
şeyh,so3o4bu2o0xo1o0
şeyh,so3o4yo0xo1o0
şeyh,so3yxo1
şeyhten,so3yxo1dbo1
şeyhte,so3yxo1dh
şeyhuhetinden,so3yxo1wxo1bo2bo1dbo1
şeyhuhetini,so3yxo1wxo1bo2bo1y
şeyhûhet,so3bu2xo1wxo1bo2
şeyhuhet,so3yxo1wxo1bo2
şeyh-ül-islâmdan,so3yxo1 eleu5slemdbo1
şeyhülislâmdan,so3yxo1 eleu5slemdbo1
şeyhülislâmımız,so3yxo1 eleu5slemmro1
şeyhülislâm'ın,so3yxo1 eleu5slemko3
şeyhülislâmı,so3yxo1 eleu5slemy
şeyhülislâmların,so3yxo1 eleu5slemlrko3
şeyhülislâmları,so3yxo1 eleu5slemlry
şeyhülislâmlar,so3yxo1 eleu5slemlr
şeyhülislâmlığı,so3yxo1 eleu5slemlao1y
şeyhülislâm,so3bu2xo1 eleslem
şeyhülislâm,so3o4bu2o0xo1o9 eo0leu4so0lo4emo0
şeyhüli̇slam,so3o4yo0xo1o9 eo0leu4so0lo4emo0
şeyhülislam,so3o4yo0xo1o9 eo0leu4so0lo4emo0
şeyhülislam,so3yxo1 eleslem
şeyhülislâm,so3yxo1 eleu5slem
şeyh-ül,so3yxo1 el
şey'imi,so3yyo5my
şeyimi,so3yyo5my
şeyimizi,so3yyo5mro1y
şeyimiz,so3yyo5mro1
şey'im,so3yyo5m
şeyim,so3yyo5m
şey'inden,so3yyo5bo1dbo1
şey'inde,so3yyo5bo1dh
şeyinde,so3yyo5bo1dh
şeyine,so3yyo5bo1h
şey'ini,so3yyo5bo1y
şeyini,so3yyo5bo1y
şeyinizi,so3yyo5ko3ro1y
şey'in,so3yyo5ko3
şeyin,so3yyo5ko3
şey'î,so3bu2bo5y
şey'i,so3ybo5y
şey’i,so3ybo5y
şey-i,so3ycu4
şey'i,so3yyo5y
şeyi,so3yyo5y
şey-i vahid,sycwexd
şey-i vâhid,sycwexd
şey'iyet,so3bu2bo5bu2bo2
şey'iyet,so3ybo5ybo2
şey’iyet,so3ybo5ybo2
şey kurmak,so3y fo2wrmfo2
şeylerdeki,so3ylrdh||ky
şeylerden,so3ylrdbo1
şeylerde,so3ylrdh
şeylerdir,so3ylrdr
şeylere,so3ylrh
şeylerimin,so3ylrymko3
şeylerimi,so3ylrymy
şeylerimiz,so3ylrymro1
şeylerinde,so3ylrbo1dh
şeylerine,so3ylrybo1h
şeylerini,so3ylrybo1y
şeylerin,so3ylrko3
şeyleri,so3ylry
şeylerle,so3ylrlh
şeyler,so3ylr
şeyle,so3ylh
şeyn-i,so3ybo1u4
şeyn,so3ybo1
şeysiz,so3ysro1
şey,so3bo5
şey',so3bo5
şey,so3y
şey,so3yc
şey',so3yc
şey’,so3yc
şey',so3yo5
şeytân arabası,so3bu2tebo1 arbu1h sy
şeytanarabası,so3bu2tebo1 eo6rebu1h||sy
şeytan arabası,so3ytebo1 arbu1h sy
şeytanarabası,so3ytebo1 eo6rebu1h<>sy
şeytana,so3ytebo1h
şeytan bezi,so3bu2tebo1 bu1ro1y
şeytanbezi,so3bu2tebo1 bu1ro1y
şeytan bezi,so3ytebo1 bu1ro1y
şeytanbezi,so3ytebo1 bu1ro1y
şeytancasına,so3ytebo1xu1h||sbo1h
şeytandan,so3ytebo1dbo1
şeytandır,so3ytebo1dr
şeytanetinde,so3ytbo1bo2ko3dh
şeytaneti,so3ytbo1bo2y
şeytanetiyle,so3ytbo1bo2ylh
şeytanet,so3bu2tbo1bo2
şeytanet,so3ytbo1bo2
şeytanette,so3ytebo1bo2dh
şeytanîden,so3ytebo1ydbo1
şeytân-ı la'în,so3bu2tebo1 labu2bo1
şeytan-ı la'in,so3ytebo1 laybo1
şeytanımdan,so3ytebo1mdbo1
şeytanımı,so3ytebo1my
şeytanımıza,so3ytebo1mro1h
şeytanım,so3ytebo1m
şeytanını,so3ytebo1ko3y
şeytan'ın,so3ytebo1ko3
şeytanın,so3ytebo1ko3
şeytân-i racîm,so3o4bu2o0to4ebo1u4 ro4xu1bu2mo0
şeytân-ı racîm,so3o4bu2o0to4ebo1u4 ro4xu1bu2mo0
şeytan-i raci̇m,so3o4yo0to4ebo1u4 ro4xu1۪ymo0
şeytan-ı racim,so3o4yo0to4ebo1u4 ro4xu1۪ymo0
şeytânî,so3bu2tebo1y
şeytan-ı,so3ytebo1u4
şeytani,so3ytebo1y
şeytanî,so3ytebo1y
şeytanı,so3ytebo1y
şeytaniyeden,so3ytebo1yh||dbo1
şeytaniyedir,so3ytebo1yh||dr
şeytaniyenin,so3ytebo1yh||bo1ko3
şeytaniye,so3ytebo1yh
şeytaniyette,so3ytebo1ybo2dh
şeytaniyeye,so3ytebo1yh||yh
şeytaniyeyi,so3ytebo1yh||yy
şeytâniyye,so3ytebo1yh
şeytankârane,so3ytebo1kerebo1h
şeytanlara,so3ytebo1lrh
şeytanlardan,so3ytebo1lrdbo1
şeytanlarına,so3ytebo1lrybo1h
şeytanlarının,so3ytebo1lrybo1ko3
şeytanlarını,so3ytebo1lrybo1y
şeytanlarınız,so3ytebo1lryko3ro1
şeytanların,so3ytebo1lrko3
şeytanları,so3ytebo1lry
şeytanlarla,so3ytebo1lrlh
şeytanlar,so3ytebo1lr
şeytanlaşmış,so3ytebo1leso3mso3
şeytanla,so3ytebo1lh
şeytanlık,so3bu2tebo1lfo2
şeytanlık,so3ytebo1lfo2
şeytan,so3bu2tebo1
şeytân,so3bu2tebo1
şeytan,so3ytebo1
şeytantırnağı,so3bu2tebo1 tbu2rbo1eao1y
şeytantırnağı,so3ytebo1 tyrbo1eao1y
şeytantüyü,so3bu2tebo1 bo2wko7y
şeytantüyü,so3ytebo1 bo2wko7y
şîa-i,so3yah'u4
şîalara,so3yah||lrh
şîaların,so3yah||lrko3
şîaları,so3yah||lry
şîalarla,so3yah||lrlh
şîalar,so3yah||lr
şîalığın,so3yah||lao1ko3
şîalıkta,so3yah||lfo2dh
şiara,so3aerh
şiarıdır,so3aerydr
şiarımız,so3aerymro1
şiarına,so3aerybo1h
şiarını,so3aerybo1y
şiar-ı,so3aeru4
şiarı,so3aery
şiarıyla,so3aerylh
şiar,so3aer
şiâr,so3aer
şi̇ar,so3u4ao4ero0
şiar,so3u4ao4ero0
şiâr,so3u4ao4ero0
şîası,so3yah||sy
şîa,so3bu2ah
şîa,so3bu2ao4h
şia,so3yah||
şîa,so3yah
şi̇a,so3۪yao4h||
şia,so3۪yao4h||
şibhi-cezîre,so3bu1h xu1ro1bu2rh
şibh-i cezire,so3bu1h xu1ro1yrh||
şibhi-cezire,so3bu1h xu1ro1yrh||
şibh-i cezîre,so3bu1h xu1ro1yrh
şibh-i maîn,so3bu1h mabu2bo1
şibh-i main,so3bu1h maybo1
şibh-i münharif,so3bu1h mbo1xrfo1
şibh,so3bu1h
şibh,so3bu1h||
şica',so3xu1ea
şica’,so3xu1ea
şicâ',so3xu1ea
şiddeten,so3do8ho2o44
şiddete,so3do8bo2h
şiddetimle,so3do8bo2mlh
şiddetinden,so3do8bo2bo1dbo1
şiddetine,so3do8bo2bo1h
şiddetini,so3do8bo2bo1y
şiddetin,so3do8bo2ko3
şiddet-i,so3do8bo2u4
şiddeti,so3do8bo2y
şi̇ddet-i̇ takva,so3u4do4o8bo2u4 bo2o4fo2o0wo4e
şiddet-i takva,so3u4do4o8bo2u4 bo2o4fo2o0wo4e
şiddet-i takvâ,so3u4do4o8bo2u4 bo2o4fo2o0wo4e
şiddetiyle,so3do8bo2ylh
şi̇ddet-i̇ zuhur,so3u4do4o8bo2u4 to1o9ho9wro0
şiddet-i zuhur,so3u4do4o8bo2u4 to1o9ho9wro0
şiddet-i zuhûr,so3u4do4o8bo2u4 to1o9ho9wro0
şiddetlendikçe,so3do8bo2lbo1dkxu1h
şiddetlendirdi,so3do8bo2lbo1dyrdy
şiddetlendirir,so3do8bo2lbo1dyrr
şiddetlendirmek,so3dbo2lbo1dbu2rmk
şiddetlendirmek,so3dbo2lbo1dyrmk
şiddetlendirmek,so3do8bo2lbo1dyrmk
şiddetlendirmiş,so3do8bo2lbo1dyrmso3
şiddetlendir,so3dbo2lbo1dyr
şiddetlendi,so3do8bo2lbo1dy
şiddetlenen,so3do8bo2lh||bo1bo1
şiddetlenip,so3do8bo2lh||bo1wbu1
şiddetlenir,so3do8bo2lh||bo1yr
şiddetleniyor,so3do8bo2lh||bo1yywr
şiddetlenmektedir,so3do8bo2lbo1mkdh||dr
şiddetlenmiş,so3do8bo2lbo1mso3
şiddetlenmiştir,so3do8bo2lbo1mso3dr
şiddetlerden,so3do8bo2lrdbo1
şiddetlerimde,so3do8bo2lrmdh
şiddetlerini,so3do8bo2lrybo1y
şiddetleri,so3do8bo2lry
şiddetle,so3do8bo2lh
şiddetlidir,so3do8bo2lydr
şiddetlilerini,so3do8bo2lylrybo1y
şiddetlisi,so3do8bo2lysy
şiddetli,so3dbo2lw
şiddetli,so3d bo2lw
şiddetli,so3dbo2ly
şiddetli,so3do8bo2ly
şiddetsiz,so3do8bo2sro1
şi̇ddet,so3dbo2
şiddet,so3dbo2
şiddet,so3do8bo2
şiddetten,so3do8bo2dbo1
şiddette,so3do8bo2dh
şiddet-üz,so3do8ho2 el
şifa-bahş,so3fo1ebu1xo1so3
şifabahş,so3fo1ebu1xo1so3
şifâbahş,so3fo1ebu1xo1so3
şifadan,so3fo1edbo1
şifadarane,so3fo1ederebo1h
şifadar,so3fo1eder
şifada,so3fo1edh
şifadır,so3fo1edr
şifahane-i,so3fo1exo1ebo1h'u4
şifahanesinden,so3fo1exo1ebo1h||sbo1dbo1
şifahanesi,so3fo1exo1ebo1h||sy
şifahane,so3fo1exo1ebo1h||
şifâhane,so3fo1exo1ebo1h
şifâhâne,so3fo1exo1ebo1h
şifahen,so3fo1ehe
şifâhen,so3fo1ehe
şifahen,so3fo1eheo44
şifâhen,so3fo1eheo44
şifahen,so3fo1eho44e
şi̇fahen,so3u4fo1o4eho44e
şifahen,so3u4fo1o4eho44e
şifâhen,so3u4fo1o4eho44e
şifahi,so3fo1ehy
şifahî,so3fo1ehy
şifâhî,so3fo1ehy
şifah,so3fo1eh||
şifâh,so3fo1eh
şifa-i,so3fo1ecu4
şifâ kabûl etmez,so3fo1e fo2bu1wl ebu2bo2mro1
şifa kabul etmez,so3fo1e fo2bu1wl eybo2mro1
şifakâraneden,so3fo1ekerebo1h||dbo1
şifakâr-ı,so3fo1eker
şifakar,so3fo1eker
şifakâr,so3fo1eker
şifalarını,so3fo1elrybo1y
şifalar,so3fo1elr
şifalı,so3fo1elw
şifâlı,so3fo1elw
şifalı,so3fo1ely
şifâlı,so3fo1ely
şifanapezir,so3fo1ebo1ebu3do1yr
şifânâpezîr,so3fo1ebo1ebu3do1yr
şifanın,so3fo1ebo1ko3
şifa-resan,so3fo1ersebo1
şifaresan,so3fo1ersebo1
şifâresân,so3fo1ersebo1
şifasına,so3fo1esbo1h
şifasını,so3fo1esbo1y
şifası,so3fo1esy
şifa,so3fo1e
şifâ,so3fo1e
şifa,so3fo1ec
şifa',so3fo1ec
şifa’,so3fo1ec
şifâ',so3fo1ec
şifâ vermek,so3fo1ewbu2rmk
şifa vermek,so3fo1ewyrmk
şifayab,so3fo1eyebu1
şifâyâb,so3fo1eyebu1
şifaya,so3fo1eyh
şifa-yı,so3fo1eyu4
şifayı,so3fo1eyy
şifredir,so3fo1rh||dr
şifre-i,so3fo1rh'u4
şifrelerdir,so3fo1rh||lrdr
şifrelerin,so3fo1rh||lrko3
şifreleri,so3fo1rh||lry
şifrelerle,so3fo1rh||lrlh
şifreler,so3fo1rh||lr
şifrelidir,so3fo1rh||lydr
şifreli,so3bu2fo1rh||ly
şifreli,so3fo1rh||ly
şifreli,so3yfo1rh<>ly
şifre-misal,so3fo1rh||mbo3el
şifrenin,so3fo1rh||bo1ko3
şifresidir,so3fo1rh||sydr
şifre,so3bu2fo1rh||
şifre,so3fo1rh
şifre,so3fo1rh||
şifre,so3yfo1rh<>
şifrevari,so3fo1rh||wery
şifre,xu1fo1rh
şifreyi,so3fo1rh||yy
şifriye-i,so3fo1ryh||'u4
şîftedil,so3bu2fo1bo2h dl
şiftedil,so3yfo1bo2h dl
şîfte,so3bu2fo1bo2h
şifte,so3yfo1bo2h||
şihab,so3hebu1
şihâb,so3hebu1
şi̇hab,so3u4ho4ebu1o0
şihab,so3u4ho4ebu1o0
şihâb,so3u4ho4ebu1o0
şîhe,so3bu2hh
şihe,so3yhh||
şıhne,so3xbo1h
şıhne,so3xbo1h||
şiîlerin,so3yaylrko3
şiîler,so3yaylr
şi’îlik,so3bu2abu2lk
şi’ilik,so3yaylk
şiiralud,so3ar eo6lwd
şiirâlud,so3ar eo6lwd
şiirden,so3ardbo1
şiirde,so3ardh
şiire,so3arh
şiirimdeki,so3armdh||ky
şiirinde,so3arko3dh
şiirini,so3arybo1y
şiirin,so3arko3
şiir-i,so3aru4
şiiri,so3ary
şiirlerinden,so3arlrbo1dbo1
şiirlerinde,so3arlrbo1dh
şiirlerini,so3arlrybo1y
şiirlerin,so3arlrko3
şiirleri,so3arlry
şiirleriyle,so3arlrylh
şiirlerle,so3arlrlh
şiirle,so3arlh
şiir,so3ar
şi’î,so3bu2ay
şîî,so3bu2ay
şi’i,so3yay
şii,so3yay
şîiyyet,so3bu2abu2bo2
şiiyyet,so3yaybo2
şikaak,so3fo2efo2
şikaf,so3kefo1
şikâf,so3kefo1
şikakından,so3fo2efo2bo1dbo1
şikakı,so3fo2efo2y
şikak,so3fo2efo2
şikar etmek,so3kere
şikâr etmek,so3kere
şikargah,so3kerko7eh||
şikârgah,so3kerko7eh
şikari,so3kery
şikârî,so3kery
şikar,so3ker
şikâr,so3ker
şikayat-ı,so3keyebo2u4
şikayat,so3keyebo2
şikâyât,so3keyebo2
şikâyetçi,so3kebu2bo2xu1y
şikayetçi,so3keybo2xu1y
şikayete,so3keybo2h
şikâyet etmek,so3kebu2bo2 e
şikayet etmek,so3keybo2 e
şikayetindeki,so3keybo2bo1dh||ky
şikayetinden,so3keybo2bo1dbo1
şikayeti,so3keybo2y
şikayetiyle,so3keybo2ylh
şikayetlere,so3keybo2lrh
şikayetlerin,so3keybo2lrko3
şikayetler,so3keybo2lr
şikâyetler,so3keybo2lr
şikâyetnâme,so3kebu2bo2bo1emh
şikayetname,so3keybo2  bo1emh||
şikayetname,so3keybo2 bo1emh||
şikayetname,so3keybo2bo1emh||
şikâyetnâme,so3keybo2 bo1emh
şikâyetnâme,so3keybo2  bo1emh
şikayet,so3kebu2bo2
şikâyet,so3kebu2bo2
şi̇kayet,so3keybo2
şikayet,so3keybo2
şikâyet,so3keybo2
şikayette,so3keybo2dh
şikembe,so3kmbu1h
şikembe,so3kmbu1h||
şikemderd,so3km drd
şikemperest,so3km bu3rsbo2
şikem-perver,so3km||bu3rwr
şikemperver,so3km||bu3rwr
şikemperver,so3km bu3rwr
şi̇kemperver,so3u4ko4mo0bu3o4ro0wo4ro0
şikemperver,so3u4ko4mo0bu3o4ro0wo4ro0
şikem,so3km
şikence,so3kbo1xu1h
şikence,so3kbo1xu1h||
şiken,so3kbo1
şikestebal,so3ksbo2h bu1el
şikestebâl,so3ksbo2h bu1el
şikestebeste,so3ksbo2h bu1sbo2h
şikestebeste,so3ksbo2h bu1sbo2h||
şikestedil,so3ksbo2h dl
şikeste,so3ksbo2h
şikeste,so3ksbo2h||
şikestetali',so3ksbo2h tela
şikestetali’,so3ksbo2h tela
şikestetâli',so3ksbo2h tela
şikest,so3ksbo2
şıkka,so3fo2o8h
şikk-i muhali̇f,so3u4fo2u4o8 mo9xo1o4elu4fo1o0
şikk-i muhâlif,so3u4fo2u4o8 mo9xo1o4elu4fo1o0
şıkk-ı muhalif,so3u4fo2u4o8 mo9xo1o4elu4fo1o0
şıkk-ı muhâlif,so3u4fo2u4o8 mo9xo1o4elu4fo1o0
şıkkına,so3fo2o8bo1h
şıkkın,so3fo2o8ko3
şıkk-ı,so3fo2o8u4
şıkkı,so3fo2o8y
şıkkıyla,so3fo2o8ylh
şıkk,so3u4fo2o8
şıklık,so3bu2fo2lfo2
şıklık,so3yfo2lfo2
şıklı,so3fo2ly
şık,so3bu2fo2
şık,so3fo2
şık,so3yfo2
şıktan,so3fo2dbo1
şıkta,so3fo2dh
şıktır,so3fo2dr
şile,so3ylh||
şıllık,so3bu2llfo2
şıllık,so3yllfo2
şilte,so3bu2lbo2h||
şilte,so3lbo2h
şilte,so3lbo2h||
şilte,so3ylbo2h<>
şimaldeki,so3meldh||ky
şimalden,so3meldbo1
şimalde,so3meldh
şimalen,so3mele
şimâlen,so3mele
şimalen,so3meleo44
şimâlen,so3meleo44
şimale,so3melh
şimalîdeki,so3melydh||ky
şimalîden,so3melydbo1
şimalinde,so3melbo1dh
şimalînin,so3melybo1ko3
şimalin,so3melko3
şimalîsinden,so3melysbo1dbo1
şimalîsinde,so3melysbo1dh
şimal-i,so3melu4
şimali,so3mely
şimalî,so3mely
şimâli,so3mely
şimâlî,so3mely
şimalîye,so3mely||yh
şimal,so3mel
şimâl,so3mel
şi̇mal,so3u4mo4elo0
şimal,so3u4mo4elo0
şimâl,so3u4mo4elo0
şımarık,so3bu2merbu2fo2
şımarık,so3ymeryfo2
şımarmak,so3bu2mermfo2
şımarmak,so3ymermfo2
şımar,so3ymer
şımartan,so3ymerbo2ebo1
şımartılmak,so3bu2merbo2bu2lmfo2
şımartılmak,so3ymerbo2ylmfo2
şımartıl,so3ymerbo2yl
şımartır,so3ymerbo2yr
şımartmak,so3bu2merbo2mfo2
şımartmak,so3ymerbo2mfo2
şımartmış,so3ymerbo2mso3
şımart,so3ymerbo2
şimdi bile,so3mdy bu1bu2lh
şimdi bile,so3mdy bu1ylh||
şimdiden geri,so3mdbu2dbo1 kbu2rw
şimdiden geri,so3mdydbo1 kyrw
şimdiden,so3bu2mdbo1
şimdiden,so3bu2mdbu2dbo1
şimdiden,so3ymdbo1
şimdiden,so3ymdydbo1
şimdikilere,so3ymdykylrh
şimdikinden,so3ymdykbo1dbo1
şimdikinin,so3ymdykbo1ko3
şimdiki,so3bu2mdbu2ky
şimdiki,so3mdbu2ky
şimdiki,so3mdyky
şimdiki,so3ymdyky
şimdiki vakit,so3mdbu2ky wfo2bo2
şimdiki vakit,so3mdyky wfo2bo2
şimdilik,so3bu2mdbu2lk
şimdilik,so3mdbu2lk
şimdilik,so3mdylk
şimdilik,so3ymdylk
şimdi,so3bu2mdy
şimdi,so3mdy
şimdi,so3ymdy
şimdiye gelince,so3mdy bu2h klbo1xu1h
şimdiye gelince,so3mdy yh klbo1xu1h||
şimdiye kadar,so3mdy bu2h fo2dr
şimdiye kadar,so3mdy yh fo2dr
şimdiye,so3ymdy||yh
şimendiferdeki,so3mbo1dwfo1rdh||ky
şimendiferden,so3mbo1dwfo1rdbo1
şimendiferde,so3mbo1dwfo1rdh
şimendiferdir,so3mbo1dwfo1rdr
şimendifere,so3mbo1dwfo1rh
şimendiferimizde,so3mbo1dwfo1rymro1dh
şimendiferimiz,so3mbo1dwfo1rymro1
şimendiferinde,so3mbo1dwfo1rbo1dh
şimendiferine,so3mbo1dwfo1rybo1h
şimendiferin,so3mbo1dwfo1rko3
şimendifer-i,so3mbo1dwfo1ru4
şimendiferi,so3mbo1dwfo1ry
şimendiferlerin,so3mbo1dwfo1rlrko3
şimendiferleri,so3mbo1dwfo1rlry
şimendiferler,so3mbo1dwfo1rlr
şimendiferle,so3mbo1dwfo1rlh
şimendifer,so3bu2mbo1dwfo1r
şimendifer,so3mbo1dwfo1r
şimendifer,so3u4bu2mo4bo1o0du4bu2fo1o4ro0
şi̇mendi̇fer,so3u4ymo4bo1o0du4yfo1o4ro0
şimendifer,so3u4ymo4bo1o0du4yfo1o4ro0
şimendifer,so3ymbo1dwfo1r
şimşad,so3mso3ed
şimşâd,so3mso3ed
şimşeğe,so3mso3ko7h
şimşeğin,so3mso3ko7ko3
şimşeği,so3mso3ko7y
şimşek çakmak,so3mso3k xu3efo2mfo2
şimşeklerin,so3mso3klrko3
şimşekleri,so3mso3klry
şimşeklerle,so3mso3klrlh
şimşekler,so3mso3klr
şimşekli,so3mso3kly
şimşek,so3bu2mso3k
şimşek,so3mso3k
şimşek,so3ymso3k
şimşekvari,so3mso3k||wery
şimşirî,so3mso3yry
şimşirî'ye,so3mso3yry||yh
şimşir,so3bu2mso3bu2r
şimşir,so3mso3bu2r
şimşir,so3mso3yr
şimşir,so3ymso3yr
şinas,so3bo1es
şinâs,so3bo1es
şinel,so3bo1l
şinik,so3bu2bo1bu2k
şinik,so3ybo1yk
şın,so3
şıpıdık,so3bu2bu3bu2dbu2fo2
şıpıdık,so3ybu3ydyfo2
şıpıltıları,so3ybu1ylbo2ylry
şıpşıp,so3bu2bu3so3bu2bu3
şıpşıp,so3ybu3so3ybu3
şiralarından,so3yrelrbo1dbo1
şi'ra'nın,so3ary||bo1ko3
şi'ranın,so3ary||bo1ko3
şiranî,so3yrebo1y
şiran,so3yrebo1
şirasını,so3resbo1y
şi'ra,so3ary
şira,so3bu2re
şıra,so3bu2rh
şira,so3re
şirâ,so3re
şira',so3rea
şirâ',so3rea
şira,so3yre
şıra,so3yrh||
şiraya,so3reyh
şîrâze,so3bu2rero1h
şiraze,so3yrero1h||
şirazî'nin,so3yrero1ybo1ko3
şirazî,so3yrero1y
şirazî'yi,so3yrero1y||yy
şîrdan,so3bu2rdebo1
şirdan,so3yrdebo1
şîrdil,so3bu2rdl
şirdil,so3yrdl
şîre,so3bu2rh
şire,so3yrh||
şîrhar,so3bu2rxo1wer
şirhar,so3yrxo1wer
şırıldamak,so3bu2rbu2ldemfo2
şırıldamak,so3yryldemfo2
şırılda,so3yrylde
şırılgan yağı,so3bu2rlao1ebo1 bu2eao1y
şırılgan yağı,so3yrlao1ebo1 yeao1y
şırılşırıl,so3bu2rbu2l||so3bu2rbu2l
şırılşırıl,so3yryl<>so3yryl
şırıltıları,so3yrylbo2ylry
şırıltı,so3bu2rbu2lbo2y
şırıltı,so3yrylbo2y
şirindirler,so3yrybo1drlr
şirindir,so3yrybo1dr
şırınga-i,so3yrybo1ao1h'u4
şırıngalardan,so3yrybo1ao1h||lrdbo1
şırıngalar,so3yrybo1ao1h||lr
şırınga,so3bu2rbu2bo1ao1e
şırınga,so3yrybo1ao1e
şırınga,so3yrybo1ao1h
şirinine,so3yrybo1bo1h
şîrinine,so3yrybo1bo1h
şîrinkâr,so3bu2rybo1ker
şirinkar,so3yrybo1ker
şirinlik,so3bu2rbu2bo1lk
şirinlik,so3yrybo1lk
şirin,so3bu2rbu2bo1
şîrin,so3bu2rybo1
şirin,so3yrybo1
şîrinzeban,so3bu2rybo1 ro1bu1ebo1
şirinzeban,so3yrybo1 ro1bu1ebo1
şîr-i,so3yru4
şirk-âlûd,so3rk||eo6lwd
şirk'e,so3rkh
şirke,so3rkh
şirket-i,so3rkbo2u4
şirketi,so3rkbo2y
şirketler,so3rkbo2lr
şirket,so3rkbo2
şirketteki,so3rkbo2dh||ky
şirkette,so3rkbo2dh
şirk-i hafî,so3u4ro0ku4 xo1o4fo1bu2
şi̇rk-i̇ hafi̇,so3u4ro0ku4 xo1o4fo1۪y
şirk-i hafi,so3u4ro0ku4 xo1o4fo1۪y
şirkine,so3rkbo1h
şirkini,so3rkbo1y
şirkin,so3rkko3
şirk-i,so3rku4
şirki,so3rky
şirklerden,so3rklrdbo1
şirklerin,so3rklrko3
şirkleri,so3rklry
şirkler,so3rklr
şi̇rk,so3rk
şirk,so3rk
şi̇rk,so3u4ro0ko0
şirk,so3u4ro0ko0
şirktendir,so3rkdbo1dr
şirkten,so3rkdbo1
şirkte,so3rkdh
şirktir,so3rkdr
şırlamak,so3bu2rlemfo2
şırlamak,so3yrlemfo2
şırlanyağı,so3bu2rleao1ebo1 bu2eao1y
şırlanyağı,so3yrleao1ebo1 yeao1y
şırla,so3yrle
şîrmerd,so3bu2rmrd
şirmerd,so3yrmrd
şırnak,so3yrbo1efo2
şırpadak,so3bu2rbu3edefo2
şırpadak,so3yrbu3edefo2
şîrpençe,so3bu2rbu3bo1xu1h
şîr-pençe,so3bu2rbu3bo1xu3h
şîrpençe,so3bu2rbu3bo1xu3h
şirpençe,so3yrbu3bo1xu1h||
şir-pençe,so3yrbu3bo1xu3h||
şirpençe,so3yrbu3bo1xu3h||
şirretlik,so3rbo2lk
şirret,so3rbo2
şi'r,so3ar
şi’r,so3ar
şir,so3bu2r
şîr,so3bu2r
şir,so3yr
şirvan'a,so3yrwebo1h
şirvan'daki,so3yrwebo1dh||ky
şirvan'da,so3yrwebo1dh
şirvan,so3yrwebo1
şirveyh,so3yrwyh
şiryan,so3ryebo1
şiryân,so3ryebo1
şişeciklerinde,so3yso3h||xu1klrbo1dh
şişeciklerine,so3yso3h||xu1klrybo1h
şişeci,so3bu2so3h||xu1y
şişeci,so3yso3h<>xu1y
şişeden,so3yso3h||dbo1
şişede,so3yso3h||dh
şişehâne,so3bu2so3h||xo1ebo1h
şişehane,so3yso3h<>xo1ebo1h||
şişelerdeki,so3yso3h||lrdh||ky
şişelerden,so3yso3h||lrdbo1
şişelerdir,so3yso3h||lrdr
şişelere,so3yso3h||lrh
şişelerimizi,so3yso3h||lrymro1y
şişelerim,so3yso3h||lrm
şişelerin,so3yso3h||lrko3
şişeleri,so3yso3h||lry
şişeler,so3yso3h||lr
şişenin,so3yso3h||bo1ko3
şişer,so3yso3r
şişesidir,so3yso3h||sydr
şişesindeki,so3yso3h||sbo1dh||ky
şişesinde,so3yso3h||sbo1dh
şişesi,so3yso3h||sy
şişe,so3bu2so3h
şîşe,so3bu2so3h
şişe,so3yso3h
şişe,so3yso3h||
şişeye,so3yso3h||yh
şişeyi,so3yso3h||yy
şişhâneli,so3bu2so3xo1ebo1h||ly
şişhaneli,so3yso3xo1ebo1h<>ly
şişhâne,so3bu2so3xo1ebo1h
şişhane,so3yso3xo1ebo1h||
şişirilmek,so3bu2so3bu2rbu2lmk
şişirilmek,so3yso3yrylmk
şişiril,so3yso3yryl
şişirmek,so3bu2so3bu2rmk
şişirmek,so3bu2so3rmk
şişirmek,so3yso3rmk
şişirmek,so3yso3yrmk
şişirmesiyle,so3yso3yrmsylh
şişir,so3yso3yr
şişirtmek,so3bu2so3bu2rbo2mk
şişirtmek,so3yso3yrbo2mk
şişirt,so3yso3yrbo2
şiş kebabı,so3bu2so3 kbu1ebu1y
şişkebabı,so3bu2so3 kbu1ebu1y
şiş kebabı,so3yso3 kbu1ebu1y
şişkebabı,so3yso3 kbu1ebu1y
şişkinlik,so3bu2so3kbu2bo1lk
şişkinlik,so3yso3kybo1lk
şişkin,so3bu2so3kbu2bo1
şişkin,so3yso3kybo1
şişko,so3bu2so3fo2w
şişko,so3yso3fo2w
şişlemek,so3bu2so3lh||mk
şişlemek,so3yso3lh<>mk
şişlenmek,so3bu2so3lh||bo1mk
şişlenmek,so3yso3lh<>bo1mk
şişlen,so3yso3lh<>bo1
şişler,so3yso3lr
şişle,so3yso3lh<>
şişli'de,so3yso3lydh
şişli,so3bu2so3ly
şişli,so3yso3ly
şişmanlık,so3bu2so3mebo1lfo2
şişmanlık,so3yso3mebo1lfo2
şişman,so3bu2so3mebo1
şişman,so3so3mebo1
şişman,so3yso3mebo1
şişmek,so3bu2so3mk
şişmek,so3yso3mk
şişmekte,so3yso3mkdh
şiş,so3bu2so3
şiş,so3yso3
şişti,so3yso3dy
şitaban,so3bo2ebu1ebo1
şitâbân,so3bo2ebu1ebo1
şitab,so3bo2ebu1
şitâb,so3bo2ebu1
şitaiye,so3bo2eyo5yh
şitâiyye,so3bo2ebo5bu2h
şitaiyye,so3bo2ebo5yh||
şitak,so3ybo2efo2
şitası,so3bo2esy
şita,so3bo2e
şitâ,so3bo2e
şi̇ta,so3u4bo2o4e
şita,so3u4bo2o4e
şît-i,so3ybo2u4
şîvebaz,so3bu2wh bu1ero1
şivebaz,so3ywh bu1ero1
şive-i,so3ywh'u4
şivekâr,so3bu2wh||ker
şîvekâr,so3bu2wh ker
şivekar,so3ywh<>ker
şivekar,so3ywh ker
şivelerini,so3ywh||lrybo1y
şiveleriyle,so3ywh||lrylh
şîveli,so3bu2wh||ly
şiveli,so3ywh<>ly
şivenizle,so3ywh||ko3ro1lh
şîven,so3bu2wbo1
şiven,so3ywbo1
şivesi,so3ywh||sy
şivesiyle,so3ywh||sylh
şîvesizlik,so3bu2wh||sro1lk
şivesizlik,so3ywh<>sro1lk
şîvesiz,so3bu2wh||sro1
şivesiz,so3ywh<>sro1
şîve,so3bu2wh
şive,so3ywh
şive,so3ywh||
şiveyi,so3ywh||yy
şoför,so3wfo1wr
şoförün,so3wfo1wrko3
şoförünü,so3wfo1wrybo1y
şöhre,so3hrh
şöhre,so3hrh||
şöhrete,so3hrbo2h
şöhretgir-i,so3hrbo2ko7yru4
şöhretgîr-i,so3hrbo2ko7yru4
şöhretgîr,so3o9hrbo2ko7yr
şöhretinden,so3hrbo2bo1dbo1
şöhretini,so3hrbo2bo1y
şöhretin,so3hrbo2ko3
şöhret-i,so3hrbo2u4
şöhreti,so3hrbo2y
şöhretiyle,so3hrbo2ylh
şöhret kazanmak,so3hrbo2 fo2ro1ebo1mfo2
şöhretle,so3hrbo2lh
şöhretli,so3hrbo2ly
şöhretperestlerin,so3hrbo2||bu3rsbo2lrko3
şöhretperestliğe,so3hrbo2||bu3rsbo2lko7h
şöhretperestliğinin,so3hrbo2||bu3rsbo2lko7bo1ko3
şöhretperestliğin,so3hrbo2||bu3rsbo2lko7ko3
şöhretperestlikle,so3hrbo2||bu3rsbo2lklh
şöhret-perestlik,so3hrbo2||bu3rsbo2lk
şöhretperestlik,so3hrbo2||bu3rsbo2lk
şöhretperestlikten,so3hrbo2||bu3rsbo2lkdbo1
şöhret-perest,so3hrbo2||bu3rsbo2
şöhretperest,so3hrbo2||bu3rsbo2
şöhretperverane,so3hrbo2||bu3rwrebo1h
şöhret-şiar-ı,so3hrbo2||so3aeru4
şöhretşiar-ı,so3hrbo2||so3aeru4
şöhret-şiar,so3hrbo2||so3aer
şöhretşiar,so3hrbo2||so3aer
şöhretşiar,so3hrbo2 so3aer
şöhretşiâr,so3hrbo2 so3aer
şöhret,so3hrbo2
şöhretten,so3hrbo2dbo1
şol,so3wl
şömine,so3wmbu2bo1h
şömine,so3wmybo1h||
şose,so3wso3h
şose,so3wso3h||
şövenizm,so3wwbu2bo1bu2ro1m
şövenizm,so3wwybo1yro1m
şöven,so3wwh<>bo1
şöven,so3wwh||bo1
şöyle böyle,so3wbu2lh bu1wbu2lh
şöyle böyle,so3wylh bu1wylh||
şöylece,so3wbu2lh||xu1h
şöylece,so3wylh<>xu1h||
şöylece,so3wylh||xu1h
şöyledirler,so3wylh||drlr
şöyledir,so3wylh||dr
şöyle ki,so3wbu2lh kh
şöyle ki,so3wylh kh||
şöyleki,so3wylh||kh
şöyle,so3wbu2lh
şöyle,so3wylh
şöyle,so3wylh||
ş,so3
şua'a,so3aeah
şuaa,so3aeah
şuâ'a,so3aeah
şuaat-barika-i,so3aeaebo2 bu1erfo2h'u4
şuâât-barika-i,so3aeaebo2 bu1erfo2h'u4
şuaatından,so3aeaebo2bo1dbo1
şuaatının,so3aeaebo2bo1ko3
şuaatını,so3aeaebo2bo1y
şuaat-ı,so3aeaebo2u4
şuâât-ı,so3aeaebo2u4
şuaatı,so3aeaebo2y
şuââtı,so3aeaebo2y
şuaatıyla,so3aeaebo2ylh
şuââtiyle,so3aeaebo2ylh
şuaat,so3aeaebo2
şuâât,so3aeaebo2
şuaat'ta,so3aeaebo2dh
şuaat-ü,so3aeaebo2
şuabat,so3abu1ebo2
şuabât,so3abu1ebo2
şuab-ı,so3abu1u4
şua'dadır,so3aeadh||dr
şua'daki,so3aeadh||ky
şuadaki,so3aeadh||ky
şua'dan,so3aeadbo1
şua'da,so3aeadh
şuada,so3aeadh
şuadır,so3aeadr
şua'ıdır,so3aeaydr
şuaıdır,so3aeaydr
şuaına,so3aeabo1h
şua'ından,so3aeabo1dbo1
şuaından,so3aeabo1dbo1
şuâından,so3aeabo1dbo1
şua'ının,so3aeabo1ko3
şuaının,so3aeabo1ko3
şua'ını,so3aeabo1y
şuaını,so3aeabo1y
şuâını,so3aeabo1y
şua'ın,so3aeako3
şuaın,so3aeako3
şuâın,so3aeako3
şua-i,so3aeau4
şua-ı,so3aeau4
şua'-ı,so3aeau4
şua'ı,so3aeay
şuaı,so3aeay
şuaıyla,so3aeaylh
şualandırır,so3aealebo1dyrr
şualar'a,so3aealrh
şualara,so3aealrh
şualardan,so3aealrdbo1
şualar'da,so3aealrdh
şualardır,so3aealrdr
şualarıdırlar,so3aealrydrlr
şualarıdır,so3aealrydr
şuâlarıdır,so3aealrydr
şualarına,so3aealrybo1h
şuâlarına,so3ae alrybo1h
şualarından,so3aealrbo1dbo1
şuâlarından,so3aealrbo1dbo1
şualarının,so3aealrybo1ko3
şualarını,so3aealrybo1y
şualar'ın,so3aealrko3
şuaların,so3aealrko3
şua'ları,so3aealry
şualar'ı,so3aealry
şuaları,so3aealry
şuâları,so3aealry
şualarıyla,so3aealrylh
şuâlariyle,so3aealrylh
şualarla,so3aealrlh
şualar,so3aealr
şua'nın,so3aeako3
şuanın,so3aeako3
şuarakasidelerinde,so3arec  fo2zydh||lrbo1dh
şuaranın,so3arebo1ko3
şuara,so3are
şuarâ,so3are
şuara,so3arec
şuara,so3o9ao4ro4e
şuarâ,so3o9ao4ro4e
şuaraya,so3areyh
şuara-yı,so3areyu4
şu'a',so3aea
şua,so3aea
şua',so3aea
şu'â',so3aea
şuâ,so3aea
şuâ',so3aea
şua',so3o9ao4eao0
şuâ',so3o9ao4eao0
şua'ya,so3aeah
şuayb'dan,so3ao4ybu1dbo1
şuayb'ın,so3aybu1ko3
şuayb-ı,so3aybu1u4
şuayb,so3aybu1
şua'yı,so3aeay
şubatın,so3bu1etko3
şubat,so3bu1et
şübban-ı,so3bu1o8ebo1u4
şubedebaz,so3abu1dh bu1ero1
şubedebâz,so3abu1dh bu1ero1
şubeden,so3abu1h||dbo1
şubede,so3abu1dh
şubede,so3abu1dh||
şubede,so3abu1h||dh
şubedir,so3o9ao0bu1h||dr
şübehat-âlûd,so3bu1hebo2||eo6lwd
şübehata,so3bu1hebo2h
şübehatından,so3bu1hebo2bo1dbo1
şübehatını,so3bu1hebo2bo1y
şübehatın,so3bu1hebo2ko3
şübehat-ı,so3bu1hebo2u4
şübehatı,so3bu1hebo2y
şübehatıyla,so3bu1hebo2ylh
şübehat,so3bu1hebo2
şübehattan,so3bu1hebo2dbo1
şübehatta,so3bu1hebo2dh
şübehi,so3o9bu1o4hy
şübeh,so3bu1h
şube-i,so3abu1h||'u4
şubelere,so3o9ao0bu1h||lrh
şubelerinden,so3o9ao0bu1h||lrbo1dbo1
şubelerinde,so3abu1h||lrbo1dh
şubelerine,so3abu1h||lrybo1h
şubelerinin,so3o9ao0bu1h||lrybo1ko3
şubelerini,so3o9ao0bu1h||lrybo1y
şubelerin,so3abu1h||lrko3
şubeleri,so3o9ao0bu1h||lry
şubeler,so3o9ao0bu1h||lr
şu'benin,so3abu1h||bo1ko3
şubenin,so3abu1h||bo1ko3
şubeniz,so3abu1h||ko3ro1
şubesidir,so3abu1h||sydr
şubesinden,so3o9ao0bu1h||sbo1dbo1
şubesinde,so3abu1h||sbo1dh
şu'besi,so3abu1h||sy
şubesi,so3o9ao0bu1h||sy
şu'be,so3abu1h
şu'be,so3abu1h||
şube,so3abu1h
şube,so3abu1h||
şûbe,so3abu1h
şubeye,so3o9ao0bu1h||yh
şübhecileri,so3bu1hh||xu1ylry
şübhedar,so3bu1hh||der
şübhedar,so3bu1hh der
şübheden,so3bu1hh||dbo1
şübhe etmek,so3bu1hh e
şübhe-i,so3bu1hh'u4
şübhelendim,so3bu1hh||lbo1dm
şübhelendirmek,so3bu1hh||lbo1dbu2rmk
şübhelendirmek,so3bu1hh<>lbo1dyrmk
şübhelendirmesin,so3bu1hh||lbo1dyrmh||sybo1
şübhelendir,so3bu1hh<>lbo1dyr
şübhelenmek,so3bu1hh<>lbo1mk
şübhelenmek,so3bu1hh||lbo1mk
şübhelen,so3bu1hh<>lbo1
şübhelerden,so3bu1hh||lrdbo1
şübhelere,so3bu1hh||lrh
şübhelerim,so3bu1hh||lrm
şübhelerinde,so3bu1hh||lrbo1dh
şübhelerine,so3bu1hh||lrybo1h
şübhelerinin,so3bu1hh||lrybo1ko3
şübhelerini,so3bu1hh||lrybo1y
şübheleriniz,so3bu1hh||lryko3ro1
şübhelerin,so3bu1hh||lrko3
şübheleri,so3bu1hh||lry
şübheleriyle,so3bu1hh||lrylh
şübhelerle,so3bu1hh||lrlh
şübheler,so3bu1hh||lr
şübhelidir,so3bu1hh||lydr
şübhelilere,so3bu1hh||lylrh
şübheli,so3bu1hh lw
şübheli,so3bu1hh<>ly
şübheli,so3bu1hh||ly
şübheli,so3hbu1h lw
şübhemiz,so3bu1hh||mro1
şübhem,so3bu1hh||m
şübhenin,so3bu1hh||bo1ko3
şübhenizi,so3bu1hh||ko3ro1y
şübheniz,so3bu1hh||ko3ro1
şübhen,so3bu1hh||ko3
şübhesini,so3bu1hh||sbo1y
şübhesi,so3bu1hh||sy
şübhesizdir,so3bu1hh||sro1dr
şübhesizlik,so3bu1hh<>sro1lk
şübhesizlik,so3bu1hh||sro1lk
şübhesiz,so3bu1hh<>sro1
şübhesiz,so3bu1hh||sro1
şübhe,so3bu1hh
şübhe,so3bu1hh||
şübheye,so3bu1hh||yh
şübheyi,so3bu1hh||yy
şüca'at,so3xu1eabo2
şüca’at,so3xu1eabo2
şücâ'at,so3xu1eabo2
şüca',so3xu1ea
şüca’,so3xu1ea
şücâ',so3xu1ea
şucûn,so3xu1wbo1
şücun,so3xu1wbo1
şücûn,so3xu1wbo1
şudurki,so3wdrkh
şudur,so3wdr
şuebat,so3abu1ebo2
şuebât,so3abu1ebo2
şüfea,so3fo1ae
şüfeâ,so3fo1ae
şugl,so3ao1l
şugul,so3ao1wl
şugûl,so3ao1wl
şüheda-i,so3hdecu4
şühedalara,so3hdelrh
şühedanın,so3hdebo1ko3
şühedanıza,so3hdeko3ro1h
şühedasından,so3hdesbo1dbo1
şüheda,so3hde
şühedâ,so3hde
şüheda,so3o9ho4do4e
şühedâ,so3o9ho4do4e
şüheda-yı,so3hdeyu4
şühedayı,so3hdeyy
şuhluk,so3wxo1lfo2
şûhluk,so3wxo1lfo2
şuhmeşreb,so3wxo1 mso3rbu1
şûhmeşreb,so3wxo1 mso3rbu1
şuh,so3wxo1
şûh,so3wxo1
şuhuda,so3hwdh
şuhuddan,so3hwddbo1
şuhudda,so3hwddh
şuhuddurlar,so3hwddrlr
şuhuddur,so3hwddr
şuhuden,so3hwdo44e
şuhudîdir,so3hwdydr
şuhudî,so3hwdy
şuhudiye,so3hwdyh
şuhudîye,so3hwdy||yh
şuhûdiyle,so3hwdylh
şuhudla,so3hwdlh
şuhud,so3hwd
şühud,so3hwd
şühûd,so3hwd
şuhudumuzda,so3hwdymro1dh
şuhuduna,so3hwdybo1h
şuhudundadır,so3hwdbo1dh||dr
şuhudunda,so3hwdbo1dh
şuhud'un,so3hwdko3
şuhudun,so3hwdko3
şuhûdun,so3hwdko3
şühudun,so3hwdko3
şuhudunu,so3hwdybo1y
şuhud-u,so3hwdu4
şuhudu,so3hwdy
şühudu,so3hwdy
şuhuduyla,so3hwdylh
şühur,so3hwr
şühûr,so3hwr
şuhurun,so3hwrko3
şuhur-u,so3hwru4
şu kadar,so3wfo2dr
şukadar,so3wfo2eder
şukka,so3fo2h
şukka,so3fo2h||
şükrana,so3krebo1h
şükrandan,so3krebo1dbo1
şükrandır,so3krebo1dr
şükrane,so3krebo1h||
şükrâne,so3krebo1h
şükranımızın,so3krebo1mro1ko3
şükranımızı,so3krebo1mro1y
şükranım,so3krebo1m
şükran-ı,so3krebo1u4
şükranı,so3krebo1y
şükraniyesi,so3krebo1yh||sy
şükraniye,so3krebo1yh
şükraniyeyi,so3krebo1yh||yy
şükrâniyyesi,so3krebo1yh||sy
şükrâniyyet,so3krebo1bu2bo2
şükraniyyet,so3krebo1ybo2
şükranız,so3krebo1ro1
şükranlarıma,so3krebo1lrymh
şükranlarımı,so3krebo1lrymy
şükranlarımızı,so3krebo1lrymro1y
şükranlarımız,so3krebo1lrymro1
şükranlarımla,so3krebo1lrmlh
şükranlarını,so3krebo1lrybo1y
şükranla,so3krebo1lh
şükran,so3krebo1
şükrân,so3krebo1
şükran,so3o9ko0ro4ebo1
şükrân,so3o9ko0ro4ebo1
şükredeceğimi,so3kr eydh||xu1ko7my
şükredeceğim,so3kr eydh||xu1ko7m
şükredecek,so3kr eydh||xu1k
şükrederek,so3kr eydh||rk
şükrederim,so3kr eydrm
şükrederiz,so3kr eydrro1
şükrederken,so3kr eydrkbo1
şükrederlerse,so3kr eydrlrsh
şükredersiniz,so3kr eydrsko3ro1
şükreder,so3kr eydr
şükredeyim,so3kr eydh||ym
şükredilmeli,so3kr eydylmh||ly
şükredilmezse,so3kr eydylmro1sh
şükredilse,so3kr eydylsh
şükrediniz,so3kr eydyko3ro1
şükredip,so3kr eydwbu1
şükrediyordu,so3kr eydyywrdy
şükrediyorlar,so3kr eydyywrlr
şükrediyorum,so3kr eydyywrm
şükrediyoruz,so3kr eydyywrro1
şükre,so3krh
şükretmeğe,so3kr eybo2mko7h
şükretmekle,so3kr eybo2mklh
şükr etmek,so3kre
şükretmek,so3kre
şükretmek,so3kr eybo2mk
şükretmektir,so3kr eybo2mkdr
şükretmelidir,so3kr eybo2mh||lydr
şükretmelisiniz,so3kr eybo2mh||lysko3ro1
şükretmeli,so3kr eybo2mly
şükretmeliyiz,so3kr eybo2mly||yro1
şükretmemiz,so3kr eybo2mh||mro1
şükretmesin,so3kr eybo2mh||sybo1
şükretmeyelim,so3kr eybo2myh||lm
şükretmeyenleri,so3kr eybo2mh||ybo1lry
şükretmeyen,so3kr eybo2mh||ybo1
şükretmeyerek,so3kr eybo2myh||rk
şükretmeye,so3kr eybo2mko7h
şükretmişler,so3kr eybo2mso3lr
şükretmiştir,so3kr eybo2mso3dr
şükretsek,so3kr eybo2sh||k
şükretsem,so3kr eybo2sh||m
şükretseniz,so3kr eybo2sh||ko3ro1
şükretse,so3kr eybo2sh
şükretsinler,so3kr eybo2sybo1lr
şükretsin,so3kr eybo2sybo1
şükret,so3kr eybo2
şükrettiğini,so3kr eybo2dyko7bo1y
şükrettik,so3kr eybo2dk
şükrettiler,so3kr eybo2dylr
şükrettim,so3kr eybo2dm
şükrettirdi,so3kr eybo2dyrdy
şükrettirecek,so3kr eybo2dyrh||xu1k
şükrettirmek,so3kr eybo2dyrmk
şükrettirmekten,so3kr eybo2dyrmkdbo1
şükreyledim,so3kr eo5ylh||dm
şükreylesem,so3kr eo5ylh||sh||m
şükreyle,so3kr eo5ylh
şükrgüzar,so3krko7ro1er
şükrî,so3kry
şükrolsun,so3kr ewlswbo1
şükr,so3kr
şükr-ü külli,so3o9ko0ro9 ko9lu4o8bu2
şükr-ü küllî,so3o9ko0ro9 ko9lu4o8bu2
şükr-ü külli̇,so3o9ko0ro9 ko9lu4o8y
şükr-ü külli,so3o9ko0ro9 ko9lu4o8y
şükrüme,so3krymh
şükrümle,so3krmlh
şükrüm,so3krm
şükrümü,so3krymy
şükrümüzü,so3krymro1y
şükründe,so3krbo1dh
şükrüne,so3krybo1h
şükrün,so3krko3
şükrü'nün,so3krybo1ko3
şükrünü,so3krybo1y
şükrünüzü,so3kryko3ro1y
şükr-ü,so3kru4
şükrü,so3kry
şükufe-i,so3kwfo1h'u4
şükûfe-misal,so3kwfo1h||mbo3el
şükufe,so3kwfo1h||
şükûfe,so3kwfo1h
şükufezar,so3kwfo1h ro1er
şükûfezar,so3kwfo1h ro1er
şükûf-misal,so3kwfo1||mbo3el
şüküfte,so3kfo1bo2h
şüküfte,so3kfo1bo2h||
şükuh,so3kwh||
şükûh,so3kwh
şükûkata,so3kwkebo2h
şükûke,so3kwkh
şükuk,so3kwk
şükûk,so3kwk
şükûkun,so3kwkko3
şükürce,so3krxu1h
şükürden,so3krdbo1
şükürde,so3krdh
şükürdür,so3krdr
şükürlerine,so3krlrybo1h
şükürlerini,so3krlrybo1y
şükürleri,so3krlry
şükürlerle,so3krlrlh
şükürler,so3krlr
şükürle,so3krlh
şükür,so3kr
şükürsüzlüğün,so3krsro1lko7ko3
şükürsüzlükle,so3krsro1lklh
şükürsüzlük,so3krsro1lk
şükürsüz,so3krsro1
şu'ledar,so3alh||der
şu'ledar,so3alh der
şu’ledar,so3alh der
şu'lefeşanının,so3alh||fo1so3ebo1bo1ko3
şu'lefeşanın,so3o9alh||fo1so3ebo1ko3
şu'le-feşan,so3alh||fo1so3ebo1
şu'lefeşan,so3alh||fo1so3ebo1
şu'le-i,so3alh'u4
şûle-i,so3alh'u4
şulelendirmek,so3alh||lbo1dbu2rmk
şulelendirmek,so3alh<>lbo1dyrmk
şu'lelendirmiş,so3alh||lbo1dyrmso3
şu'lelendir,so3alh||lbo1dyr
şulelendir,so3alh<>lbo1dyr
şulelenmek,so3alh<>lbo1mk
şulelenmek,so3alh||lbo1mk
şulelen,so3alh<>lbo1
şu'lelerinin,so3alh||lrybo1ko3
şu'leleri,so3alh||lry
şu'leleriyle,so3alh||lrylh
şuleli,so3alh<>ly
şûleli,so3alh||ly
şu'le'nin,so3alh||bo1ko3
şu'lenin,so3alh||bo1ko3
şu'lereng,so3alh rbo1ko7
şu’lereng,so3alh rbo1ko7
şu'lesidir,so3alh||sydr
şu'lesinde,so3alh||sbo1dh
şu'lesinin,so3alh||sbo1ko3
şu'lesini,so3alh||sbo1y
şu'lesi,so3alh||sy
şu'le,so3alh
şu'le,so3alh||
şu’le,so3alh||
şule,so3alh||
şûle,so3alh
şu'le,so3o9ao0lo4h
şu'le,so3o9ao0lo4h||
şu'le-ver,so3alh wr
şu'lever,so3alh wr
şu’lever,so3alh wr
şu'leyi,so3alh||yy
şümar,so3mer
şümâr,so3mer
şümer-il,so3o9mo4ru4 el
şum,so3wm
şûm,so3wm
şumuli olmak,so3mwly ew
şumûli olmak,so3mwly ew
şümullendirmek,so3mwllbo1dbu2rmk
şümullendirmek,so3mwllbo1dyrmk
şümullendir,so3mwllbo1dyr
şümullerine,so3mwllrybo1h
şümulleri,so3mwllry
şümullü,so3mwlly
şümul,so3mwl
şümûl,so3mwl
şümulünden,so3mwlbo1dbo1
şümulünde,so3mwlbo1dh
şümulüne,so3mwlbo1h
şümulünü,so3mwlbo1y
şümulü olmak,so3mwly ew
şümûlü olmak,so3mwly ew
şümul-u,so3mwlu4
şümul-ü,so3mwlu4
şümulü,so3mwly
şümulüyle,so3mwlylh
şümürde,so3mrdh
şümürde,so3mrdh||
şümusa,so3mwsh
şümusiyeyi,so3mwsyh||yy
şümus,so3mws
şümustur,so3mwsdr
şümusun,so3mwsko3
şümus-u,so3mwsu4
şümusu,so3mwsy
şu'muyla,so3wo5mylh
şuna,so3wko3e
şundandır,so3wbo1dbo1dr
şundan,so3wbo1dbo1
şunda,so3wbo1dh
şunlara,so3wbo1lrh
şunlardır,so3wbo1lrdr
şunların,so3wbo1lrko3
şunları,so3wbo1lry
şunlar,so3wbo1lr
şununla,so3wbo1ko3lh
şunun,so3wbo1ko3
şunu,so3wbo1y
şüphe etmek,so3bu1bo2hh e
şüphe etmek,so3bu1hh e
şüphelenmek,so3bu1hh lbo1mk
şüpheler,so3bu1hh||lr
şüpheli,so3bu1hh lw
şüphemiz,so3bu1hh||mro1
şüphenin,so3bu1hh||bo1ko3
şüphen,so3bu1hh||ko3
şüphesiz bilmek,so3bu1hh sro1bu1lmk
şüphesiz,so3bu1hh||sro1
şüphesiz,so3bu1hh sro1
şüphe,so3bu1hh
şüphe,so3bu1hh||
şüpheye düşmek,so3bu1hh bu2h dwso3mk
şüpheye düşmek,so3bu1hh yh dwso3mk
şüpheye,so3bu1hh||yh
şüpüş,so3bu3so3
şuracık,so3wrexu1fo2
şuracıkta,so3wrexu1fo2dh
şurada-burada,so3wredh bu1wredh
şuradadır,so3wredh||dr
şuradaki,so3wredh||ky
şuradaki,so3wredh ky
şurada,so3wredh
şurada,so3wredh||
şûradır,so3wredr
şûralar,so3wry||lr
şuralı,so3wrely
şûra'nın,so3wry||bo1ko3
şûranın,so3wry||bo1ko3
şurasını,so3wresbo1y
şurası,so3wrebu2h
şurası,so3wresy
şurası,so3wreyh||
şûrâ,so3o9wrbu2
şura,so3o9wrٰy
şura,so3wre
şûrâ,so3wre
şura,so3wry
şûra,so3wry
şuraya,so3wrebu2h
şuraya,so3wreyh
şuraya,so3wreyh||
şûraya,so3wry||yh
şûrâ-yi devlet,so3o9wro4ebu2u4  do4wo0lo4bo2o0
şûrâ-yı devlet,so3o9wro4ebu2u4  do4wo0lo4bo2o0
şura-yi devlet,so3o9wro4eyu4  do4wo0lo4bo2o0
şura-yı devlet,so3o9wro4eyu4  do4wo0lo4bo2o0
şûra-yı,so3wreyu4
şurayı,so3wreyy
şûrayı,so3wry||yy
şurbaht,so3wrbu1xo1bo2
şûrbaht,so3wrbu1xo1bo2
şürb,so3o9ro0bu1o0
şürb,so3rbu1
şürbünden,so3rbu1bo1dbo1
şürbünde,so3rbu1bo1dh
şürbün,so3rbu1ko3
şûrede,so3wrh||dh
şürefa,so3rfo1e
şürefâ,so3rfo1e
şürehbil-el,so3o9ro4xbu1yl el
şüreka,so3o9ro4ko4e
şürekâ,so3o9ro4ko4e
şüreka,so3rke
şürekâ,so3rke
şürekaya,so3rkeyh
şûrelerinden,so3wrh||lrbo1dbo1
şûresinden,so3wrh||sbo1dbo1
şure,so3wrh||
şûre,so3wrh
şurezar,so3wrh ro1er
şûrezâr,so3wrh||ro1er
şûrezâr,so3wrh ro1er
şuridebaht,so3wrydh bu1xo1bo2
şûrîdebaht,so3wrydh bu1xo1bo2
şuridehatır,so3wrydh xo1etr
şûrîdehâtır,so3wrydh xo1etr
şuride,so3wrydh||
şûrîde,so3wrydh
şuriş,so3wrso3
şûriş,so3wrso3
şûristana,so3wrsbo2ebo1h
şûristanda,so3wrsbo2ebo1dh
şuristan,so3wrsbo2ebo1
şûristan,so3wrsbo2ebo1
şûristân,so3wrsbo2ebo1
şur,so3wr
şûr,so3wr
şurta,so3rth
şurta,so3rth||
şuruba,so3rwbu1h
şurub,so3rwbu1
şurûb,so3rwbu1
şurubu,so3rwbu1y
şüruh,so3rwx
şürûh,so3rwx
şurup,so3rwbu1
şurup,so3rwbu3
şuruptur,so3rwbu1dr
şürur,so3rwr
şürûr,so3rwr
şüruru,so3rwry
şuru',so3rwa
şurû',so3rwa
şüru,so3rwa
şüru',so3rwa
şürû,so3rwa
şurut,so3rwt
şurût,so3rwt
şürut,so3rwt
şu şartla ki,so3wso3rtlh kh
şu şartla ki,so3wso3rtlh kh||
şu sebepten ki,so3wsbu1bu2dbo1kh
şu sebepten ki,so3wsbu1ydbo1kh||
şu,so3w
şüs,so3s
şüş,so3so3
şüst,so3sbo2
şüstüşu,so3sbo2 w so3w
şüstüşû,so3sbo2 w so3w
şütürban,so3bo2rbu1ebo1
şütürdil,so3bo2rdl
şütürhar,so3bo2rxo1wer
şütürhâr,so3bo2rxo1wer
şütürmürg,so3bo2rmrao1
şütür,so3bo2r
şuubata,so3abu1ebo2h
şuubat-ı,so3abu1ebo2u4
şuubatta,so3abu1ebo2dh
şuûbiyye,so3awbu1bu2h
şuubiyye,so3awbu1yh||
şuûbu,so3awbu1y
şuunata,so3yo5wbo1ebo2h
şuunatına,so3yo5wbo1ebo2bo1h
şuûnatına,so3yo5wbo1ebo2bo1h
şuunatından,so3yo5wbo1ebo2bo1dbo1
şuunatında,so3yo5wbo1ebo2bo1dh
şuunatının,so3yo5wbo1ebo2bo1ko3
şuunatını,so3yo5wbo1ebo2bo1y
şuunâtını,so3yo5wbo1ebo2bo1y
şuûnâtını,so3yo5wbo1ebo2ko3y
şuunatın,so3yo5wbo1ebo2ko3
şuunat-ı,so3yo5wbo1ebo2u4
şuunât-ı,so3yo5wbo1ebo2u4
şuûnât-ı,so3yo5wbo1ebo2u4
şuunatı,so3yo5wbo1ebo2y
şuunatıyla,so3yo5wbo1ebo2ylh
şuunâtiyle,so3yo5wbo1ebo2ylh
şuunatla,so3yo5wbo1ebo2lh
şüunat,so3bo5wbo1ebo2
şüûnât,so3bo5wbo1ebo2
şuunat,so3yo5wbo1ebo2
şuûnat,so3yo5wbo1ebo2
şuunattan,so3yo5wbo1ebo2dbo1
şuunatta,so3yo5wbo1ebo2dh
şuunattır,so3yo5wbo1ebo2dr
şuunda,so3yo5wbo1dh
şuun,so3bo5wbo1
şuûn,so3bo5wbo1
şüun,so3bo5wbo1
şüûn,so3bo5wbo1
şuun,so3yo5wbo1
şuûn,so3yo5wbo1
şuununa,so3yo5wbo1bo1h
şuûnuna,so3yo5wbo1bo1h
şuunundan,so3yo5wbo1bo1dbo1
şuununda,so3yo5wbo1bo1dh
şuunun,so3yo5wbo1ko3
şuûn-u,so3yo5wbo1
şuun-u,so3yo5wbo1u4
şuunu,so3yo5wbo1y
şuurane,so3awrebo1h
şuura,so3awrh
şuurca,so3awrxu1h
şuurdan,so3awrdbo1
şuurdarane,so3awrderebo1h
şuurda,so3awrdh
şuurdur,so3awrdr
şuuren,so3awro44e
şuurî,so3awry
şuuriyedir,so3awryh||dr
şuuriye-i,so3awryh'u4
şuurkârane,so3awrkerebo1h
şuurlara,so3awrlrh
şuurları,so3awrlry
şuurla,so3awrlh
şuurlu,so3awrly
şuur,so3awr
şuursuzların,so3awrsro1lrko3
şuursuzluklarıyla,so3awrsro1lfo2lrylh
şuursuzluktan,so3awrsro1lfo2dbo1
şuursuz,so3awrsro1
şuûrsuz,so3awrsro1
şuurudur,so3awrydr
şuurumda,so3awrmdh
şuurum,so3awrm
şuurumun,so3awrymko3
şuurumu,so3awrymy
şuurumuza,so3awrymro1h
şuurumuz,so3awrymro1
şuuruna,so3awrybo1h
şuurunda,so3awrko3dh
şuurunla,so3awrko3lh
şuurun,so3awrko3
şuurunun,so3awrybo1ko3
şuurunu,so3awrybo1y
şuurunuza,so3awryko3ro1h
şuurunuz,so3awryko3ro1
şuurunuzun,so3awryko3ro1ko3
şuur-u,so3awru4
şuuru,so3awry
şuuruyla,so3awrylh
şuûruyla,so3awrylh
şüvazlı,so3weto1ly
şuy,so3wy
şûy,so3wy
şuyû bulmak,so3bu2wa bu1wlmfo2
şuyu bulmak,so3ywa bu1wlmfo2
şüyuhatını,so3ywxo1bo2bo1y
şüyûh,so3bu2wxo1
şüyuh,so3ywxo1
şüyû,so3bu2wa
şüyu,so3ywa
şüyu',so3ywa
şüyû',so3ywa
şuzûzat-ı,so3do1wdo1ebo2u4
şüzuzat-ı,so3do1wdo1ebo2u4
şüzuzatıyla,so3do1wdo1ebo2ylh
şüzuzları,so3do1wdo1lry
şüzuz,so3do1wdo1
şüzuzunu,so3do1wdo1ybo1y
