Saadet,saedbo2
Saadettin,sad eldybo1
Saatçi,seabo2xu1y
Sabahattin,zbu1ex eldybo1
Sabahat,zbu1exbo2
Sabahnur,zbu1exbo1wr
Sabah,zbu1ex
Sabancı,zbu1ebo1xu1y
Sabar,zbu1er
Saba,zbu1e
Sabbar,zbu1er
Sabiha,sebu1xh
Sabih,sebu1x
Sabih,zebu1x
Sabıka,sebu1fo2h
sâbık,sebu1fo2
Sabire,zbu1yrh
Sabır,zbu1r
Sabir,zbu1yr
Sabis,bo3ebu1ys
Sabis,zebu1ys
Sabit,bo3ebu1bo2
Sabite,bo3ebu1bo2h
Sabiye,zebu1bo5yh
Sabiye,zebu1yh
Sabrinnisa,zbu1relbo1se
Sabriye,zbu1ryh
Sabri,zbu1ry
Sabuncu,zebu1wbo1xu1y
Sabuniş,zebu1wbo1yso3
Sabur,zbu1wr
Sabutay,zbu1wbo2ey
Saçan,zexu3ebo1
Sacide,sexu1dh
Sacit,sexu1d
Saçı,zexu3y
Sadakat,zdefo2bo2
Sadak,zdefo2
Sadak,zdfo2
Sada,zde
Sadberk,zedbu1rk
Sadedil,sedh dl
Sadegül,sedh ko7l
Sadettin,sad eldybo1
Sadhezar,zed hro1er
Sadice,sedxu1h
Sadıka,zedfo2h
sadık,zedfo2
Sadık,zedfo2
Sadir,sedr
Sadir,zedr
Sadi,sady
Sadiye,sadyh
Sadrettin,zdreldybo1
Sadriye,zdryh
Sadri,zdry
Sadullah,sadellh
Sadun,sedwbo1
Safa,zfo1e
Safder,zfo1dr
Safer,zfo1r
Saffet,zfo1bo2
Safıgül,zfo1y ko7l
Safinaz,zfo1ybo1ero1
Safinur,zfo1ybo1wr
Safire,zefo1rh
Safir,zefo1r
Safiyet,zfo1ybo2
Safiye,zfo1yh
Safiyüddin,zfo1bu2 eldybo1
Safi,zefo1y
Safi,zfo1y
Safranbolu,ro1afo1rebo1bu1wly
safranbolu,zfo1rebo1bu1wly
Safter,zfo1bo2r
safvan,zfo1webo1
Sağanak,zao1ebo1efo2
Sağanalp,zao1ebo1eo6lbu3
Sağan,zao1ebo1
Sagay,zeao1ey
Sağbilge,zeao1 bu1ylko7h
Sağbudun,zeao1 bu1wdwbo1
Sağcan,zeao1xu1ebo1
Sağdıç,zeao1dyxu3
Sağınç,zeao1ybo1xu3
Sağın,zeao1bo1
Sağıroğlu,zeao1yr ewao1ly
Sağıt,zeao1ybo2
Sağlamer,zeao1lemr
Sağlam,zeao1lem
Sağlar,zeao1ler
Sağlar,zeao1lr
Sağlık,zeao1lfo2
Sağman,zeao1mebo1
Sağra,bo3ao1rh
Sağun,zeao1wbo1
Sağ,zeao1
Sahabi,zxebu1h
Sahavet,sxo1ewbo2
Sahba,zhbu1e
Sahibe,zexbu1h
Sahil,sexl
Sahil,zexl
Sahip,zexbu1
Sahire,sexrh
Sahir,sexr
Sahra,sexrh
Sahure,sxwrh
Saibe,sebo5bu1h
Saîdeli,sabu2debu2ly
Saide,saydh
Said,sayd
Saika,sebo5fo2h
Sâimbeyli,zebo5m||bu1kly
Saime,zebo5mh
Saim,zebo5m
Saip,zebo5bu1
Saire,sebo5rh
Sair,sebo5r
Sait,sayd
Sakallıoğlu,zfo2elly ewao1ly
Sakaroğlu,sfo2r ewao1ly
Sakarya,sefo2eryh
Saka,sefo2h
Sakibe,sekbu1h
Sakıcı,zefo2yxu1y
Sakık,zefo2yfo2
Sakine,sekbo1h
Sakin,sekbo1
Sakın,zefo2ybo1
Sakıp,bo3efo2bu1
Saki,sefo2y
Sakman,zefo2mebo1
Sak,zefo2
Salâhattin,zlex eldybo1
Salâhi,zlexy
Salâh,zlex
Salan,zlebo1
Salâr,zler
Sala,zle
Salcan,zlxu1ebo1
Saldam,zldem
Salgur,zlao1wr
Salıcı,zelyxu1y
Saliha,zelxh
Sâlihli,zelxly
Salih,zelx
Salıkbey,zlyfo2 bu1ko7
Salıkbike,zelyfo2 bu1ykh
Salık,zlyfo2
Salime,selmh
Salim,selm
Salınbike,zelyko3 bu1ykh
Salis,bo3elbo3
Salise,bo3elbo3h
Sali,sely
Sali,zely
Salkım,zelfo2ym
Salkın,zlfo2ybo1
Salman,slmebo1
Sal,sel
Saltanat,sltbo1bo2
Saltan,sltebo1
Saltıkgil,zelbo2yfo2ko7yl
Saltık,zelbo2yfo2
Saltik,zelbo2yk
Saltık,zlbo2yfo2
Saltı,zlbo2y
Saltuğ,zelbo2wao1
Saltukalp,zlbo2wfo2 eo6lbu3
Saltuk,zlbo2wfo2
Salurbay,zlwrbu1ey
Salur,zlwr
Sal,zel
Samahat,zmexebo2
Samancı,zmebo1xu1y
Samani,zmebo1y
Samanlı,zmebo1ly
Samanur,semh bo1wr
Sâmân,zemebo1
Samet,zmd
Samiha,semxh
Samih,semx
Samime,zmymh
Samimi,zmymy
Samim,zmym
Samin,bo3embo1
Samin,sembo1
Samir,bo3emr
Samire,semrh
Samir,semr
Sami,sema
Samiye,semayh
samsun,zemswbo1
Samsun,zemswbo1
Samuray,zmwreo6y
Samur,smwr
Samurtay,zmwrbo2ey
Sanaç,zebo1exu3
Sanak,zebo1efo2
Sanalan,zebo1elebo1
Sanalp,zebo1 eo6lbu3
Sanal,sebo1el
Sanat,zbo1abo2
Sanavber,zbo1wbu1r
Sanay,zebo1ey
Sanaz,zebo1ero1
Sanbay,zebo1bu1ey
Sanberk,zebo1bu1rk
Sancaklı,sbo1xu1efo2ly
Sancak,sbo1xu1efo2
Sancaktar,sbo1xu1efo2der
Sancarhan,zebo1xu1erxo1ebo1
Sancar,zebo1xu1er
Sançar,zebo1xu3er
Sandıkçıoğlu,zbo1dwfo2xu1y ewao1ly
Sandıklı,zbo1dbu2fo2ly
Sanduç,zebo1dwxu3
Sanemnur,zbo1mbo1wr
Sanem,zbo1m
Saner,zebo1r
Sanevber,zbo1wbu1r
Sania,zbo1yah
Sani,bo3ebo1y
Saniha,sebo1xh
Sanih,sebo1x
Sanioğlu,bo3ebo1y ewao1ly
Sanıvar,zebo1ywer
Saniye,bo3ebo1yh
Sani,zebo1a
Sânî,zebo1a
Sanlı,zebo1ly
Sannur,zebo1bo1wr
San,sebo1
Sanşın,zebo1so3ybo1
Sanver,zebo1wr
Sanver,zebo1 wyr
San,zebo1
Sapan,zebu3ebo1
Saraçlar,zerexu3lr
Saraçoğlu,zerexu3 ewao1ly
Saraç,srexu3
Saraç,zerexu3
Saral,zreo6l
Saran,zerebo1
Sara,sere
Sarayköy,srey kwy
Saray,zrey
Sarbek,zerbu1k
Sare,serh
Sargan,zerao1ebo1
Sargınalp,zerao1ybo1 eo6lbu3
Sargınal,zerao1ybo1eo6l
Sargın,zerao1ybo1
Sargut,zerao1wbo2
Sarhan,zerxo1ebo1
Sarıalioğlu,zery aly ewao1ly
Sarıalp,zery eo6lbu3
Sarıbaş,zerybu1eso3
Sarıbay,zery bu1ey
Sarıcabay,zeryxu1h bu1ey
Sarıcalı,zeryxu1h ly
Sarıçam,zeryxu3em
Sarıçam,zery xu3em
Sarıca,zeryxu1h
Sarıçiçek,zery xu3yxu3k
Sarıdal,zerydel
Sarıer,zery eo5r
Sarıgöz,zeryko7wro1
Sarıgül,zeryko7l
Sarıgüzel,zeryko7wro1l
Sarıhan,zerwxo1ebo1
Sarıibrahimoğlu,zery ebu1rehym ewao1ly
Sarıkamış,zery fo2embu2so3
Sarıkaya,zeryfo2eye
Sarıkız,zery fo2yro1
Sarim,zerm
Sarim,zrym
Sarıoğlu,zery ewao1ly
Sarısözen,zery swro1bo1
Sarıtaş,zerytso3
Sarıtepe,zery bo2bu3h
Sarıtop,zerytwbu3
Sarıyıldız,zery yyldyro1
Sarıyüce,zery ywxu1h
Sarı,zery
Sarkan,zerfo2ebo1
Sarlar,bo3erlr
Sarmaşık,zermso3yfo2
Sarol,zerwl
Sarpaşar,zerbu3 easo3er
Sarpaşar,zerbu3h so3er
Sarper,zerbu3r
Sarphan,zerbu3xo1ebo1
Sarpkan,zerbu3fo2ebo1
Sarpkın,zerbu3fo2ybo1
Sarpkoç,zerbu3fo2wxu3
Sarp,zerbu3
Sartık,zerbo2yfo2
Sart,zerbo2
Saruca,zerwxu1h
Saruhan,zerwxo1ebo1
Saru,zerw
Sarvan,zerwebo1
Sar,zer
Sasun,zezwbo1
Satıa,zebo2yh
Satıbey,seta bu1ko7
Satıbey,zebo2y bu1ko7
Satıgül,zebo2yko7l
Satıhanım,zebo2yxo1ebo1m
Satılmış,zebo2ylmso3
Satır,str
Sâtı,seta
Satı,zbo2y
Sâtı,zebo2y
Satukbuğra,zbo2wfo2 bu1wao1re
Satuk,zbo2wfo2
Satu,zebo2w
Satvet,stwbo2
Savacı,zewexu1y
Savacı,zewh xu1y
Savak,zewefo2
Savaşan,zeweso3bo1
Savaşçı,zweso3xu1y
Savaşer,zeweso3r
Savaşer,zweso3r
Savaşkan,zeweso3fo2ebo1
Savaş,zeweso3
Savaş,zweso3
Savat,zwebo2
Sava,zewe
Savcı,zewxu1y
Saver,sewr
Savgat,zewao1ebo2
Savlet,sewlbo2
Savniye,zwbo1yh
Savni,zwbo1y
Savran,sewrebo1
Savrun,zewrwbo1
Sav,sew
Savtekin,sewbo2kybo1
Savtekin,zewbo2kybo1
Savtunç,sewbo2wbo1xu3
Savtur,zewbo2wr
Savun,zewbo1
Sav,zew
Sayan,seyebo1
Sayar,zeyer
Saya,seyh
Saybay,seybu1ey
Saydam,zeydem
Saygılı,seyao1yly
Saygın,zeyao1ybo1
Saygı,zeyao1y
Saygül,zeyko7l
Saygun,zeyao1wbo1
Sayhan,seyxo1ebo1
Sayılbay,zeyylbu1ey
Sayılgan,zeyylao1ebo1
Sayılır,zeyylyr
Sayıl,zeyyl
Sayımer,zeyymr
Sayım,zeyym
Sayınberk,zeyybo1 bu1rk
Sayınbey,zeyybo1 bu1ko7
Sayıner,zeyybo1 eo5r
Sayın,zeyybo1
Saykal,zeyfo2el
Saykut,zeyfo2wbo2
Saylam,zeylem
Saylan,zeylebo1
Saylav,zeylew
Saylu,zeylw
Saymaner,zeymebo1 eo5r
Sayman,zeymebo1
Saynur,zeybo1wr
Sayraç,zeyrexu3
Sayrak,zeyrfo2
Sayran,zeyrebo1
Sayrı,zeyry
Sayru,zeyrw
Sayvan,zeywebo1
Sayyat,zyed
Say,zey
Sazak,sero1efo2
Sazak,sero1ek
Sebahat,sbu1exbo2
Sebahattin,zbu1ex eldybo1
Seba,sbu1e
Sebat,bo3bu1ebo2
Sebati,bo3bu1ebo2y
Seben,sbu1bo1
Sebih,sbu1yx
Sebile,sbu1ylh
Sebil,sbu1yl
sebilürreşad,sbu1yl elro8so3ed
sebilürreşad,sbu1yl elrso3ed
Seblâ,sbu1le
Sebükalp,sbu1wfo2 eo6lbu3
Sebük,sbu1k
Sebük,sbu1wfo2
Sebüktekin,sbu1wfo2 bo2kybo1
Sebu,sbu1w
Secahat,sxu1exbo2
Seçen,sxu3bo1
Seçer,sxu3r
Seçgül,sxu3ko7l
Seçik,sxu3yk
Seçilay,sxu3yley
Seçil,sxu3yl
Seçim,sxu3ym
Seçkiner,sxu3kybo1 eo5r
Seçkiner,sxu3kybo1r
Seçkin,sxu3kybo1
Seçmeer,sxu3mh eo5r
Seçmener,sxu3mbo1 eo5r
Seçmen,sxu3mbo1
Seçme,sxu3mh
Sedanur,sdebo1wr
Seda,sde
Sedat,sded
Seda,zde
Sedef,zdfo1
Seden,sdbo1
Sedit,sdyd
Sefa,sfo1e
Sefa,zfo1e
Seferihisar,sfo1rbu2xzer
Seferî,sfo1ry
Sefer,sfo1r
Seğmen,sko7mbo1
Seha,sxo1e
Sehavet,sxo1ewbo2
Sehergül,sxrko7l
Sehernaz,sxrbo1ero1
Seher,sxr
Sehhare,sxerh
Sehhar,sxer
Sehi,shy
Sehran,shrebo1
Sekine,skybo1h
Sekmen,skmbo1
Selahattin,zlex eldybo1
Selâhattin,zlex eldybo1
Selâhi,slexy
Selâh,slex
Selâmet,slembo2
Selâmettin,slem eldybo1
Selâmi,slemy
Selamoğlu,slem ewao1ly
selâm,slem
Selâm,slem
Selâmullah,slem ellh
Selâtin,sletybo1
Selay,sley
Selcan,slxu1ebo1
Selcen,slxu1bo1
Selçuker,slxu3wfo2 eo5r
Selçukkan,slxu3wfo2fo2ebo1
Selçuk,slxu3wfo2
Seldağ,sldeao1
Selda,slde
Selekler,slklr
Selekman,slkmebo1
Selekmen,slkmbo1
Selek,slk
Selen,slbo1
Seler,slr
Selgil,slko7yl
Selgüç,slko7wxu3
Selhan,slxo1ebo1
Selime,slymh
Selim,slym
Selin,slybo1
Selışık,sl eyso3yfo2
Selışıl,sl eyso3yl
Selışın,sl eyso3ybo1
Selkan,slfo2ebo1
selman,slmebo1
Selman,slmebo1
Selma,slme
Selmen,bo3lmbo1
Selmen,bo3lmh ko3
Selmen,slmbo1
Selmin,slmybo1
Selmi,slmy
Selnur,slbo1wr
Selok,slwfo2
Selo,slw
Sel,sl
Sel,syl
Selva,slwy
Selvet,slwbo2
Selvican,slwyxu1ebo1
Selvihan,slwyxo1ebo1
Selvinaz,slwybo1ero1
Selvi,slwy
Semagül,smeko7l
Semahat,smexbo2
Semai,smeay
Semai,smebo5y
Semanur,smebo1wr
Sema,sme
semavat,smewebo2
Semavi,smewy
Semender,smbo1dr
Semen,smbo1
Semiha,smyxh
Semih,smyx
Semine,smybo1h
Semin,smybo1
Semiramis,smyrh mys
Semiray,smyreo6y
Semire,smyrh
Semir,smyr
Semiye,smyh
Semra,smre
Semuh,smwxo1
Sena,bo3bo1e
Senai,bo3bo1ebo5y
Senal,sbo1el
Senar,sbo1er
Senay,sbo1ey
Sencan,sbo1xu1ebo1
Sencer,sbo1xu1r
Senemoğlu,sbo1m ewao1ly
Senemoğlu,zbo1m ewao1ly
Senem,sbo1m
Senem,zbo1m
Sener,sbo1r
Senger,sbo1ko7r
Sengül,sbo1ko7l
Sengün,sbo1ko7wbo1
Seniha,sbo1yxh
Senih,sbo1yxo1
Senî,sbo1y
Seniye,sbo1yh
Sennur,sbo1bo1wr
Senol,sbo1wl
Septioğlu,sbu1ady ewao1ly
Septioğlu,sbu3bo2y ewao1ly
Sera,bo3re
Serad,sred
Seralp,sreo6lbu3
Seran,srebo1
Serap,srebu3
Sera,sre
Seray,srey
Serazat,srero1ebo2
Serbay,srbu1ey
Serbest,srbu1sbo2
Serbülent,srbu1lbo1d
Sercan,srxu1ebo1
Serçe,srxu3h
Sercihan,srxu1yhebo1
Serdal,srdel
Serdarhan,srderxo1ebo1
Serdaroğlu,srder
Serdar,srder
Serdengeçti,srdbo1ko7xu3bo2y
Serdengeçti,srdbo1ko7xu3dy
Serdil,srdl
Serdinç,srdybo1xu3
Serener,srbo1 eo5r
Serengül,srbo1ko7l
Seren,srbo1
Serfiraz,srfo1yrero1
Sergen,srko7bo1
Sergin,srko7ybo1
Sergül,srko7l
Sergün,srko7wbo1
Serhan,srxo1ebo1
Serhas,srxo1ez
Serhat,srxo1d
Serhenk,srhbo1k
Serhun,srxo1wbo1
Serik,srbu2k
Serimer,srym eo5r
Serim,srym
Serindağ,srybo1deao1
Serindağ,srybo1teao1
Seringül,srybo1ko7l
Serin,srybo1
Serkan,srfo2ebo1
Serkut,srfo2wbo2
Serma,srme
Sermelek,srmlk
Sermet,srmd
Sermin,srmybo1
Sernaz,srbo1ero1
Sernevaz,srbo1wero1
Sernur,srbo1wr
Serol,srwl
Serpil,srbu3yl
Serpin,srbu3ybo1
Serra,sre
Sertaç,srbo2exu1
Sertan,srbo2ebo1
Sertap,srbo2ebu1
Sertçelik,srbo2xu3lyk
Sertel,srbo2l
Serter,srbo2r
Sertoğlu,srbo2 ewao1ly
Sert,srbo2
Sertuğ,srbo2wao1
Server,srwr
Servet,srwbo2
Servinaz,srwybo1ero1
Servi,srwy
Settar,sbo2er
Seval,swel
Sevan,swebo1
Sevay,swey
Sevcan,swxu1ebo1
Sevdakâr,swdeker
Sevda,swde
Sevde,swdh
Sevdiye,swdyh
Sevel,swl
Sevenay,swbo1eo6y
Sevencan,swbo1xu1ebo1
Sevener,swbo1 eo5r
Sevengil,swbo1ko7l
Sevengül,swbo1ko7l
Sevengün,swbo1ko7wbo1
Seven,swbo1
Severcan,swrxu1ebo1
Sever,swr
Sevgen,swko7bo1
Sevgican,swko7yxu1ebo1
Sevgideğer,swko7y dko7r
Sevgihan,swko7yxo1ebo1
Sevgili,swko7yly
Sevgim,swko7ym
Sevginaz,swko7ybo1ero1
Sevginur,swko7ybo1wr
Sevgisun,swko7yzwbo1
Sevgi,swko7y
Sevgül,swko7l
Sevgün,swkwbo1
Sevgür,swko7wr
Sevican,swyxu1ebo1
Sevigen,swyko7bo1
Seviğ,swyao1
Sevig,swyko7
Sevik,swyfo2
Sevilay,swyley
Sevilcan,swylxu1ebo1
Sevilen,swylbo1
Sevilgen,swylko7bo1
Sevilsen,swylsbo1
Sevil,swyl
Sevimgül,swymko7l
Sevimli,swymly
Sevim,swym
Sevinay,swybo1eo6y
Sevinç,swybo1xu3
Sevindik,swybo1dfo2
Sevin,swybo1
Sevi,swy
Sevkal,swfo2el
Sevkan,swfo2ebo1
Sevli,swly
Sevnaz,swbo1ero1
Sevnur,swbo1wr
Sevsay,swzey
Sevsen,swsbo1
Sevsevil,swswyl
Sevtap,swbo2ebu1
Sevük,swwfo2
Sevük,swwk
Sevüktekin,swwfo2 bo2kybo1
Sevüktekin,swwkbo2kybo1
Sevünç,swwbo1xu3
Seydagil,sydeko7yl
Seydaoğlu,syde ewao1ly
Seyda,syde
Seydibeyoğlu,bo3ydy bu1ko7 ewao1ly
Seydi,sydy
Seyfali,syfo1 aly
Seyfelioğlu,syfo1h ly ewao1ly
Seyfettin,syfo1 eldybo1
Seyfi,syfo1y
Seyfiye,syfo1yh
Seyfullah,syfo1 ellh
seyfullah,syfo1 ello8h
Seyhanlı,syxebo1ly
Seyhan,syxebo1
Seyhan,syxo1ebo1
Seyhun,syxwbo1
Seyitgâzi,sbu2d ao1ero1y
Seyithan,sydxo1ebo1
Seyit,syd
Seylân,sylebo1
Seylâp,sylebu1
Seymenoğlu,sko7mbo1 ewao1ly
Seymenoğlu,symbo1 ewao1ly
Seymen,sko7mbo1
Seymen,symbo1
Seyran,syrebo1
Seyyal,syel
Seyyare,syerh
Seyyide,sydh
Sezai,sro1ebo5y
Sezal,sro1el
Sezan,sro1ebo1
Seza,sro1e
Sezay,sro1ey
Sezek,sro1k
Sezel,sro1l
Sezen,sro1bo1
Sezer,sro1r
Sezgen,sro1ko7bo1
Sezginay,sro1ko7ybo1ey
Sezginbaş,sro1ko7ybo1 bu1eso3
Sezginler,sro1ko7ybo1lr
Sezgin,sro1ko7ybo1
Sezgi,sro1ko7y
Sezim,sro1ym
Sezin,sro1ybo1
Sezi,sro1y
Seziş,sro1yso3
Sezmen,sro1mbo1
Sıba,zybu1e
Sibel,sybu1l
Sıdal,zydel
Sıdam,zdem
Sıdar,zder
Sıddıka,zdfo2h
sıddık,zdo8yfo2
Sıddık,zdyfo2
Sıdıka,zdfo2h
Sıdkıye,zdfo2yh
Sıdkı,zdfo2y
Sidre,sdrh
Sığın,zyao1ybo1
Sığnak,zyao1bo1efo2
Siirt,sard
Sılan,zylebo1
Sılay,zyley
Sıla,zlh
Sılgın,zylao1ybo1
Sili,syly
Silivrili,slwryly
Silivri,slwry
Silsüpür,syl swbu3wr
Silvan,slwebo1
Sima,syme
Simavi,smewy
Simav,sbu2mew
Simayişems,symey so3ms
Simay,symey
Simber,symbu1r
Simden,symdbo1
Simer,symr
Simge,symko7h
Simhan,symxo1ebo1
Simin,symybo1
Simruy,symrwy
Sim,sym
Simten,symbo2bo1
Simüzer,sym wro1r
Sina,bo3bo1e
Sinanoğlu,sbo1ebo1 ewao1ly
Sinan,sbo1ebo1
sina,sybo1e
Sina,sybo1e
Sincan,sbo1xu1ebo1
Sincar,sbo1xu1er
Sındırgı,zbu2bo1dbu2rao1y
Sinem,sybo1m
Sine,sybo1h
Singin,sybo1ko7ybo1
Sıngın,zybo1ao1ybo1
Sınmaz,sybo1mero1
Sinop,sbu2bo1wbu3
sinop,sybo1wbu1
Sin,s
Sin,sybo1
Sipahioğlu,sbu3ehy ewao1ly
Sipahi,sbu3ehy
Siper,sybu3r
Siracettin,srexu1 eldybo1
Siraç,syrexu1
siracünnur,srexu1 elbo1wr
Siraküza,syrekwro1e
SiraLp,syreo6lbu3
Sıralp,zyreo6lbu3
Sıral,zyrel
Sırat,zret
Sirel,syrl
Siren,syrbo1
Sirer,syrr
Siret,syrbo2
Sırga,zyrao1h
Sırmahan,srme xo1ebo1
Sırma,srme
Sirmen,syrmbo1
Sırplı,zrbu3ly
Sırp,zrbu3
Sırrı,sry
Sırriye,sryh
Sitare,sbo2erh
Sıtkıye,zdfo2yh
Sıtkı,zdfo2y
Sitti,sbo2y
Sıvacıoğlu,zywexu1y ewao1ly
Sıvalıoğlu,zywely ewao1ly
Sivas,sbu2wes
Siva,swe
Siverek,sbu2wh||rk
Sivişoğlu,sywyso3 ewao1ly
Sivrihisar,sbu2wrbu2xzer
Siyavuş,syewwso3
Sıylıhan,zylyxo1ebo1
Sıylıkız,zylyfo2yro1
Sıylı,zyly
Siyret,syrbo2
Sobacı,zwbu1exu1y
Sofuoğlu,zwfo1y ewao1ly
Soğukpınar,zwao1wfo2 bu3yko3er
Söğütlü,swko7wbo2ly
Söğüt,skwd
Söğüt,swko7wbo2
Söğüt,swko7wd
Söke,swkh
Sökmener,swkmbo1r
Sökmenoğlu,swkmbo1 ewao1ly
Sökmensüer,skmbo1 sweo5r
Sökmensüer,swkmbo1 swbo5r
Sökmensü,swkmbo1sw
Sökmen,swkmbo1
Sokullu,zwfo1wlly
Solak,zwlefo2
Soley,zwly
Solmazer,zwlmero1eo5r
Solmaz,zwlmero1
Somay,zwmey
Somel,zwm eo5l
Somer,zwm eo5r
Somer,zwmr
Somnur,zwmbo1wr
Somo,zwme
Somuncuoğlu,zwmwbo1xu1y ewao1ly
Somyürek,zwm ywrk
Som,zwm
Sonad,zwbo1 eo6d
Sonalp,zwbo1 eo6lbu3
Sonat,zwbo1ebo2
Sonat,zwko3ebo2
Sonay,zwbo1ey
Sonay,zwko3ey
Sonbahar,zwko3 bu1her
Sonbay,zwbo1 bu1ey
Sondal,zwbo1 del
Sonel,zwbo1l
Soner,zwbo1r
Soner,zwko3r
Songül,zwko3ko7l
Songun,zwbo1ao1wbo1
Songurhan,zwbo1ao1wrxo1ebo1
Songurkan,zwbo1ao1wrfo2ebo1
Songur,zwbo1ao1wr
Sönmezalp,swbo1mro1eo6lbu3
Sönmezay,swbo1mro1ey
Sönmezer,swbo1mro1eo5r
Sönmez,swbo1mro1
Sonnur,zwko3bo1wr
Sonol,zwbo1wl
Sonsen,zwbo1sbo1
Sonsuz,zwbo1sro1
Sonsuz,zwko3sro1
Sontaç,zwbo1bo2exu1
Sonten,zwbo1bo2bo1
Sonuç,zwbo1wxu3
Sonver,zwbo1wr
Sonver,zwko3 wyr
Sorağman,zwreao1mebo1
Soral,zwrel
Sorguç,zwrao1wxu3
Sorgun,zwrao1wbo1
Soriano,zwry eo6bo1w
Sorkun,zwrfo2wbo1
Soyak,zwyefo2
Soyalp,zwy eo6lbu3
Soydaner,zwydebo1 eo5r
Soydan,zwydebo1
Soydaş,zwydeso3
Soydemir,zwydmyr
Soydinçer,zwydybo1xu3r
Soydinç,zwydybo1xu3
Soyer,zwy eo5r
Soyer,zwyr
Soygüven,zwyko7wwbo1
Soyhan,zwyxo1ebo1
Soykal,zwyfo2el
Soykam,zwykem
Soykan,zwyfo2ebo1
Soykök,zwykwk
Soykurt,zwyfo2wrbo2
Soykut,zwyfo2wbo2
Söylemezoğlu,swylmro1ewao1ly
Söylemez,swylmro1
Soylubay,zwylw bu1ey
Soylubey,zwylw bu1ko7
Soyluer,zwylweo5r
Soylu,zwylw
Soylu,zwyly
Soyöz,zwywro1
Soysaldı,zwyzeldy
Soysallıoğlu,zwyselly ewao1ly
Soysaltürk,zwyel bo2rk
Soysal,zwysel
Soysal,zwyzel
Soysan,zwyzebo1
Soyselçuk,zwy slxu3wfo2
Soytekin,zwybo2kybo1
Soyuer,zwyweo5r
Soyugür,zwyw ko7wr
Soyupak,zwyw bu3ek
Soyurgal,zwywrao1el
Sözal,swro1eo6l
Sözat,swro1eo6bo2
Sözener,swro1bo1r
Sözen,swro1bo1
Sözeri,swro1ry
Sözer,sro1r
Sözer,swro1r
Sözmen,swro1mbo1
Sözüsöz,swro1y swro1
Sporel,zbu3wreo5l
Süalp,sweo6lbu3
Sualp,zweo6lbu3
Suat,saed
Suavi,saewy
Suay,zweo6y
Sübaşı,swbu1eso3y
Subaşı,zwbu1eso3y
Sübaş,swbu1eso3
Subay,zwbu1ey
Subegi,zwbu1ko7y
Subhiye,sbu1xyh
Subhi,zbu1xy
Subutay,zbu1wtey
Suca,zwxu1h
Sûdanlı,swdebo1ly
sudan,swdebo1
Sudan,swdebo1
Sûdan,swdebo1
Südaş,swdeso3
Suda,zwdh
Sude,swdh
Sudi,swdy
Sudiye,zwdyh
Süeda,swde
Süel,sweo5l
Süerdem,swerdm
Süerden,swerdbo1
Süeren,swerbo1
Süergin,swerko7ybo1
Süerkan,swerkebo1
Süersan,swbo5rsebo1
Süer,swbo5r
süfyan,sfo1yebo1
Sühandan,sxo1bo1debo1
Sühan,swhebo1
Suhan,swxo1ebo1
Süha,swhe
Süheylâ,shyle
Süheyl,swhyl
Suheyp,shybu1
Suikasti,swc fo2zd
Sükan,swkebo1
Suka,swfo2e
Sukat,zwfo2t
Suka,zwfo2ea
Sükûn,skwbo1
Sukuşu,zwfo2wso3w
Sükûti,skwbo2y
Sükût,skwbo2
Sulbiye,zlbu1yh
Süldür,swldwr
Sülemiş,swlh mso3
Süleymanoğlu,slymebo1 ewao1ly
süleyman,slymebo1
Süleyman,slymebo1
Sulhiye,zlxyh
Sulhi,zlxy
Sultânîye,sltebo1bu2h
Sultanoğlu,sltebo1 ewao1ly
sultan,sltebo1
Sultan,sltebo1
Sülünay,swlwbo1ey
Sülünbike,swlwbo1 bu1ykh
Sülün,swlwbo1
Sülü,swlw
Sümbül,sbo1bu1l
Sümbülveş,sbo1bu1lwso3
Sümerkan,swmrfo2ebo1
Sümer,swmr
Sumer,zwmr
Sümeyra,smyre
Sümeyre,smyrh
Sumru,zwmrw
Sunalp,zwbo1 eo6lbu3
Sunal,zwbo1 eo6l
Sunar,zwbo1er
Sunay,zwbo1 eo6y
Sunay,zwbo1ey
Suna,zwbo1e
Sünbüle,sbo1bu1lh
Sündüs,sbo1ds
Sunel,zwbo1eo5l
Sunel,zwbo1l
Süner,swbo1r
Suner,zwbo1r
Sungun,zwbo1ao1wbo1
Sunguralp,zwbo1ao1wreo6lbu3
Sungurbay,zwbo1ao1wrbu1ey
Sungurlu,zwbo1ao1wrlw
Sungurlu,zwbo1ao1wrly
Süngür,swbo1ko7wr
Sungurtekin,zwbo1ao1wr bo2kybo1
sungur,zwbo1ao1wr
Sungur,zwbo1ao1wr
Süngütay,swbo1ko7wbo2ey
Sungu,zwbo1ao1w
Sünkitay,swbo1kybo2ey
Sünnetçioğlu,sbo1bo2xu1y ewao1ly
Sünter,swbo1bo2r
Sunter,zwbo1bo2r
Sunullah,zbo1a ellh
Sunu,zwbo1w
Sun,zwbo1
Süpermen,swbu3rmbo1
Süphan,sbu1xebo1
Suphi,swbu3hy
Suphiye,swbu3hyh
Sürenkök,swrbo1kwk
Süreyya,bo3rye
süreyya,bo3ryo8e
Sûriyeli,swrbu2h||ly
Sûriye,swrbu2h
Sürmeli,srmly
Sürmene,swrmbo1h
Sürsoy,srzwy
Süruri,srwry
Sürüş,swrwso3
Süryanî,srbu2ebo1y
Susam,zwsem
Suşehri,zwso3hry
Süsen,swsbo1
Susığırlık,zwzao1rlfo2
Süslü,swslw
Süsoy,swzwy
Sü,sw
Sütekin,swbo2kybo1
Sütlüoğlu,swbo2ly ewao1ly
Suudi,sawdy
Suut,sawd
Süvari,swery
Suvari,zwwery
Süveyda,swyde
Süveyde,swydh
Süyek,swyk
Süyümbike,swywm bu1ykh
Suyurgal,zwywrao1el
Suyurgamış,zwywrao1myso3
Suyurgan,zwywao1ebo1
Suzan,swro1ebo1
Süzen,swro1bo1
Süzer,swro1r
Suzidil,swro1y dl
Suzi,swro1y
Süzülay,swro1wley
Su,zw
