Zabcı,zo1ebu1xu1y
Zabit,zo1ebu1t
Zade,ro1edh
Zafer,tfo1r
Zafer,to1efo1r
Zafer,to1fo1r
Zafire,to1efo1rh
Zafire,to1fo1yrh
Zafir,to1efo1r
Zafir,to1fo1yr
Zağnos,ro1eao1bo1ws
Zago,ro1eao1w
Zağra,ro1ao1rh
Zahide,ro1ehdh
Zahire,to1ehrh
Zahir,to1eht
Zahit,ro1ehd
Zaide,ro1ebo5dh
Zaika,do1ebo5fo2h
Zaik,ro1ebo5fo2
Zaimler,ro1eamlr
Zaimoğlu,ro1eam ewao1ly
Zaim,ro1aym
Zaim,ro1eam
Zait,ro1ebo5d
Zaki,do1eky
Zakir,do1ekr
Zakire,do1ekrh
Zamangil,ro1mebo1ko7yl
Zaman,ro1mebo1
Zamantılı,ro1mebo1bo2yly
Zamantılı,zo1mebo1tyly
Zambak,ro1bo1bu1fo2
Zambak,ro1mbu1efo2
Zamire,zo1myrh
Zamir,zo1myr
Zana,to1bo1h
Zarakolu,ro1erh fo2wly
Zararsız,zo1rrsro1
Zarbun,zo1rbu1ko3
Zarbun,zo1rbu1wbo1
Zarife,to1ryfo1h
Zarif,to1ryfo1
Zarplı,ro1erbu3ly
Zarplı,zo1erbu1ly
Zati,do1ebo2y
Zatinur,do1ebo2ybo1wr
Zatiye,do1ebo2yh
Zebercet,ro1bu1rxu1bo2
zebur,ro1bu1wr
Zebur,ro1bu1wr
zehra,ro1hre
Zehra,ro1hre
Zekâi,do1kebo5y
Zekâvet,ro1kewbo2
Zekeriya,ro1krye
Zekerya,ro1krye
Zeki,do1ky
Zekire,do1kyrh
Zeki,ro1ky
Zekiye,ro1kyh
Zeliha,ro1lyxo1h
Zemin,ro1mybo1
Zemzem,ro1mro1m
Zenderlioğlu,ro1bo1drly ewao1ly
Zengin,ro1bo1ko7ybo1
Zennişan,ro1bo1bo1yso3ebo1
Zennur,do1elbo1wr
Zennur,ro1bo1bo1wr
Zennur,ro1bo1 elbo1wr
Zerafet,ro1refo1bo2
Zerefşan,ro1refo1so3ebo1
Zeren,ro1rbo1
Zergûn,ro1rko7wbo1
Zeria,do1ryah
Zerin,ro1rybo1
Zernişan,ro1rbo1yso3ebo1
Zerrinkâr,ro1rybo1ker
Zerrin,ro1rybo1
Zerrintaç,ro1rybo1bo2exu3
Zerrişte,ro1ryso3bo2h
Zeybekçi,ro1ko7bu1kxu1y
Zeybek,ro1ko7bu1k
Zeybek,ro1ybu1k
Zeycan,ro1yxu1ebo1
Zeydan,ro1ydebo1
Zeyneddin,ro1ybo1 eldybo1
Zeynelabidin,ro1ybo1l elaebu1dybo1
Zeyneloğlu,ro1ybo1l ewao1ly
Zeynel,ro1ybo1l
Zeynep,ro1ybo1bu1
Zeyni,ro1ybo1y
Zeyniye,ro1ybo1yh
Zeyno,ro1ybo1w
Zeynullah,ro1ybo1 ellh
Zeynur,ro1ybo1wr
Zeyrek,ro1yrk
Zeytinoğlu,ro1ybo2wbo1 ewao1ly
Zeyyat,ro1yebo2
Ziba,ro1bu1e
Zican,do1yxu1ebo1
Zihnioğlu,do1hbo1y ewao1ly
Zihni,ro1hbo1y
Zihniye,ro1hbo1yh
Zikir,do1kr
Zikri,do1kry
Zikrullah,do1krellh
Zilan,do1ylebo1
Zile,ro1bu2lh
Zincirkıran,ro1bo1xu1yrfo2yrebo1
Zinet,ro1ybo1bo2
Zinnur,do1y elbo1wr
Zinnure,do1y elbo1wrh
Zırh,ro1rh
zîşan,do1y||so3ebo1
Zişan,ro1yso3ebo1
Ziver,ro1ywr
Ziyaeddin,zo1yec eldybo1
Ziyaettin,zo1yec eldybo1
Ziyafet,ro1yefo1bo2
Ziyat,ro1yed
ziya,zo1yea
Ziya,zo1yec
Ziyneti,ro1ybo1bo2y
Ziynet,ro1ybo1bo2
Ziynetullah,ro1ybo1bo2 ellh
Zobu,ro1wbu1w
Zonguldak,ro1wbo1ao1wldefo2
Zoral,ro1wrel
Zorbey,ro1wrbu1ko7
Zorlu,ro1wrlw
Zorlu,ro1wrly
Zübeyde,ro1bu1ydh
Zübeyr,ro1bu1yr
ZuhAl,ro1xl
Zühdi,ro1hdy
Züheyr,ro1hyr
Zühre,ro1hrh
Zühtiye,ro1hdyh
Zühtü,ro1hdy
Zuhuri,to1whwry
Zuhur,to1whwr
Zülâl,ro1lel
Züleyha,ro1lyxe
Zülfibar,do1lfo1ybu1er
zülfikar,do1w elfo1fo2er
Zülfikar,do1welfo1fo2er
Zülfikaroğlu,do1welfo1fo2erewao1ly
Zülfi,ro1wlfo1y
Zülfiyar,do1lfo1yer
Zülfiye,ro1lfo1yh
Zülfizar,do1elfo1ro1er
Zülfü,ro1wlfo1y
Zülkarneyn,do1elfo2rbo1ybo1
Zülkif,ro1wlkwfo1
Zülküf,ro1wlkwfo1
Zümra,ro1mre
Zümra,ro1mry
Zümrüt,ro1mrd
Zürriyet,do1rybo2
