Übeyd,abu1yd
Übeyde,ebu1ydh
Übeydullah,abu1ydellh
Übeyt,abu1yd
Übük,ewbu1wk
Üçe,ewxu3h
Üçel,ewxu3 el
Üçer,eo5wxu3r
Üçer,ewxu3r
Üçgül,ewxu3ko7l
Üçışık,ewxu3 eyso3yfo2
Üçkök,ewxu3kwk
Üçok,eo5wxu3wfo2
Üçok,ewxu3wfo2
Üçöz,eo5wxu3wro1
Üçpınarlar,eo5wxu3bu3yko3erlr
Üçük,ewxu3wk
Üçüncü,eo5wxu3bo1xu1y
Üftade,efo1bo2edh
Üğdül,eo5wko7dwl
Üge,ewko7h
Ügü,ewko7w
Üke,eo5wkh
Üke,ewkh
Ükkaşe,ewkkeso3h
Üleş,ewlso3
Ülez,ewlro1
Ülfer,ewlfo1r
Ülfet,elfo1bo2
Ülgenalp,ewlko7bo1 eo6lbu3
Ülgen,eo5wlko7bo1
Ülgener,ewlko7bo1 eo5r
Ülgen,ewlko7bo1
Ülger,ewlko7r
Ülgü,ewlko7w
Ülgür,ewlko7wr
Ülke,ewlkh
Ülkem,ewlkm
Ülken,ewlkbo1
Ülkenur,ewlkh bo1wr
Ülker,eo5wlkr
Ülker,ewlkr
Ülkmen,eo5wlkmbo1
Ülkücü,ewlkwxu1w
Ülküdeş,ewlkwdso3
Ülkü,eo5wlkw
Ülkü,ewlkw
Ülkühan,ewlkw xo1ebo1
Ülkülü,ewlkwlw
Ülkümen,eo5wlkwmbo1
Ülkümen,ewlkwmbo1
Ülküm,ewlkwm
Ülkün,eo5wlkwbo1
Ülkün,eo5wlkwko3
Ülküsel,ewlkwsl
Ülkütan,ewlkwbo2ebo1
Ülküye,ewlkwyh
Ülman,eo5wlmebo1
Ülmen,ewlmbo1
Ümek,ewmk
Ümit,ewmyd
Ümmet,embo2
Ümmiye,emyh
Ümmühan,em xo1ebo1
Ümniye,ewmbo1yh
Ümran,amrebo1
Ünalan,ewbo1elebo1
Ünaldı,eo5wbo1eldy
Ünaldı,ewbo1eldy
Ünal,eo5wbo1el
Ünal,ewbo1el
Ünalmış,ewbo1elmso3
Ünalp,ewbo1eo6lbu3
Ünaydın,eo5wbo1 eo6ydybo1
Ünaydın,eo5wko3 eo6ydybo1
Ünay,ewbo1ey
Ünek,ewbo1k
Ünen,eo5wbo1bo1
Ün,eo5wbo1
Ün,eo5wko3
Üner,eo5wbo1r
Üner,ewbo1r
Ün,ewbo1
Üngördü,ewbo1ko7wrdw
Üngören,ewbo1ko7wrbo1
Üngörmüş,ewbo1ko7wrmso3
Üngün,ewbo1ko7wbo1
Üngür,ewbo1ko7wr
Ünkan,ewbo1fo2ebo1
Ünkaya,ewbo1fo2eye
Ünlem,ewko3lm
Ünlen,ewbo1lbo1
Ünlü,eo5wbo1lw
Ünlü,eo5wko3lw
Ünlüer,ewbo1lweo5r
Ünlü,ewbo1lw
Ünlüol,ewbo1lwewl
Ünlüsoy,eo5wbo1lwzwy
Ünlüsoy,ewbo1lwzwy
Ünlütepe,eo5wbo1lw bo2bu3h
Ünsaç,ewbo1sexu3
Ünsalan,eo5wbo1zelebo1
Ünsal,eo5wbo1sel
Ünsal,eo5wbo1zel
Ünsal,ewbo1sel
Ünsan,ewbo1sebo1
Ünsay,ewbo1zey
Ünsel,ewbo1sl
Ünseven,ewbo1swbo1
Ünsever,ewbo1swr
Ünsev,ewbo1sw
Ünsevin,ewbo1swybo1
Ünsi,ewbo1sy
Ünsiye,ebo1syh
Ünsoy,ewbo1zwy
Ünsür,eo5wbo1swr
Üntürk,ewbo1bo2wrk
Ünübol,ewbo1wbu1wl
Ünüçok,ewbo1wxu3wfo2
Ünüdeğer,ewbo1wdko7r
Ünügür,ewbo1wko7wr
Ünür,eo5wbo1wr
Ünüvar,eo5wbo1wwer
Ünüvar,eo5wko3y wer
Ünüvar,ewbo1wwer
Ünverdi,ewbo1wyrdy
Ünveren,ewbo1wyrbo1
Ünver,eo5wbo1wr
Ünver,ewbo1wr
Ünvermiş,ewbo1wyrmso3
Ünyay,ewbo1yey
Ünye,ewbo1bu2h
Ünzile,ebo1ro1lh
Ürek,ewrk
Ürem,ewrm
Üren,ewrbo1
Üresin,eo5wrh sybo1
Üresin,ewrh sbo1
Üretmen,eo5wrbo2mbo1
Ürgün,ewrko7wbo1
Ürgüp,ewrkwbu1
Ürgüplü,erko7wbu1ly
Ürkmez,ewrkmro1
Ürkün,eo5wrkwbo1
Ürkün,ewrkwbo1
Ürmegül,ewrmh ko7l
Ürpek,ewrbu3k
Ürper,ewrbu3r
Ürünay,ewrwbo1 eo6y
Üründübay,ewrwbo1dwbu1ey
Üründü,ewrwbo1dw
Ürün,eo5wrwbo1
Ürün,ewrwbo1
Üşenmez,eo5wso3bo1mro1
Üs,ews
Üsgen,ewsko7bo1
üsküdar,eo9skder
Üsküdar,eskder
Üskül,eo5wskwl
üstad,esbo2ed
Üstat,ewsbo2ed
Üstay,ewsbo2ey
üstaz,esbo2edo1
Üstek,ewsbo2k
Üstel,ewsbo2l
Üst,eo5wsbo2
Üster,ewsbo2r
Üstol,ewsbo2wl
Üstünbaş,eo5wsbo2wbo1bu1eso3
Üstünbay,ewsbo2wbo1bu1ey
Üstündağ,eo5wsbo2wbo1deao1
Üstün,eo5wsbo2wbo1
Üstüner,eo5wsbo2wbo1r
Üstüner,ewsbo2wbo1 eo5r
Üstün,ewsbo2wbo1
Üstüngü,ewsbo2wbo1ko7w
Üstünkol,eo5wsbo2wbo1fo2wl
Ütügen,ewbo2wko7bo1
Üveys,ewys
Üye,ewyh
Üzek,ewro1k
Üzer,ewro1r
Üz,ewro1
Üzeyir,aro1yr
Üzülmez,ewro1wlmro1
Üzümcü,ewro1wmxu1y
