Şaban,so3abu1ebo1
Şadan,so3edebo1
Şader,so3edr
Şadıman,so3edmebo1
Şadi,so3edy
Şadiye,so3edyh
Şad,so3ed
Şaduman,so3edmebo1
Şafaknur,so3efo1efo2bo1wr
Şafak,so3efo1efo2
Şafak,so3fo1fo2
Şafi,so3efo1y
Şafiye,so3fo1yh
Şahabettin,so3hebu1 eldybo1
Şahadet,so3hedbo2
Şahadettin,so3hed eldybo1
Şahamet,so3xembo2
Şahane,so3ehebo1h
Şahan,so3ehebo1
Şahan,so3exo1ebo1
Şahap,so3ehebu3
Şahat,so3ehebo2
Şahbanu,so3ehbu1ebo1w
Şahbaz,so3ehbu1ero1
Şahbey,so3ehbu1ko7
Şahdane,so3ehdebo1h
Şahdar,so3ehder
Şahende,so3ehbo1dh
Şaheser,so3eh ebo3r
Şahhanım,so3eh xo1ebo1m
Şahıgül,so3ehyko7l
Şahika,so3ehfo2h
Şahinalp,so3ehybo1 eo6lbu3
Şahinbaş,so3ehybo1bu1eso3
Şahinbay,so3ehybo1 bu1ey
Şahinbey,so3ehybo1 bu1ko7
Şahiner,so3ehybo1r
Şahinhan,so3ehybo1xo1ebo1
Şahinkan,so3ehybo1fo2ebo1
Şahinoğlu,so3ehybo1 ewao1ly
Şahin,so3ehybo1
Şahinter,so3ehbo1bo2r
Şahistan,so3ehsbo2ebo1
Şahittin,so3eh eldybo1
Şahkulubey,so3eh fo2wlw bu1ko7
Şahlan,so3ehlebo1
Şahmelek,so3ehmlk
Şahnâme,so3ehbo1emh
Şahnaz,so3ehbo1ero1
Şahnisa,so3ehbo1se
Şahnur,so3ehbo1wr
Şahruh,so3ehrwx
Şahsınur,so3xo1z bo1wr
Şah,so3eh
Şahsüvar,so3ehswer
Şahvar,so3ehwer
Şahvelet,so3ehwld
Şahver,so3ehwr
Şahzade,so3hro1edh
Şahzat,so3ehro1ebo2
Şaika,so3ebo5fo2h
Şaik,so3ebo5fo2
Şaire,so3earh
Şair,so3ear
Şakar,so3efo2er
Şakayık,so3fo2eyfo2
Şakire,so3ekrh
Şakir,so3ekr
Şakranlı,so3efo2rebo1ly
Şaman,so3emebo1
Şamdereli,so3emdrh ly
Şamiha,so3emxh
Şamih,so3emxo1
Şamile,so3emlh
Şamiloğlu,so3eml ewao1ly
Şamil,so3eml
Şam,so3em
Şanalp,so3ebo1 eo6lbu3
Şanal,so3ebo1el
Şandır,so3ebo1dyr
Şaner,so3ebo1r
Şanlıbay,so3ebo1lybu1ey
Şanlı,so3ebo1ly
Şansal,so3ebo1sel
Şansel,so3ebo1sl
Şanser,so3ebo1sr
Şan,so3ebo1
Şanverdi,so3ebo1 wrdy
Şanver,so3ebo1wr
Şanver,so3ebo1 wyr
Şapdenizi,so3ebu3 dko3ro1y
Şarbay,so3erbu1ey
Şarika,so3erfo2h
Şarık,so3erfo2
Şarkî Karaağaç,so3rfo2y fo2rh||eo6ao1exu1
Şarkışla,so3erfo2bu2so3lh
Şarköy,so3erkwy
Şarlan,so3erlebo1
Şar,so3er
Şaşmaz,so3eso3mero1
Şatana,so3ebo2ebo1h
Şatır,so3etr
Şatır,so3tyr
Şavlı,so3ewly
Şavsal,so3ewsel
Şavşat,so3ewso3ebo2
Şayan,so3eyebo1
Şayegân,so3eyko7ebo1
Şayeste,so3eysbo2h
Şaylan,so3eylebo1
Şaziment,so3ero1mbo1bo2
Şazi,so3ero1y
Şaziye,so3ero1yh
Şebap,so3bu1ebu1
Şebin Karahisar,so3bu1bu2fo2 fo2rh||xzer
Şebnem,so3bu1bo1m
Şebnur,so3bu1bo1wr
Şecaat,so3xu1eabo2
Şedele,so3dlh
Şefaat,so3fo1eabo2
Şefaattin,so3fo1ea eldybo1
Şefika,so3fo1yfo2h
Şefik,so3fo1yfo2
Şefkat,so3fo1fo2bo2
Şehadet,so3hedbo2
Şehadettin,so3hed eldybo1
Şehâlem,so3helm
Şehamet,so3hembo2
Şehbal,so3hbu1el
Şehime,so3hymh
Şehim,so3hym
Şehinşah,so3hybo1so3eh
Şehlevent,so3hlwbo1d
Şehmuz,so3hmwro1
Şehnaz,so3hbo1ero1
Şehper,so3hbu3r
Şehrazat,so3hrro1ed
Şehremini,so3hrembu2bo1y
Şehriban,so3hrbu1ebo1
Şehrinaz,so3hrbo1ero1
Şehriyâr,so3hryer
Şehriye,so3hryh
Şeh,so3h
Şehsüvar,so3hswer
Şehvar,so3hwer
Şehzade,so3hro1edh
Şehzat,so3hro1ed
Şekercioğlu,so3krxu1y ewao1ly
Şekernaz,so3krbo1ero1
Şekerpare,so3krbu3erh
Şeker,so3kr
Şekibe,so3kybu1h
Şekime,so3kymh
Şekip,so3kybu3
Şekûre,so3kwrh
Şekûr,so3kwr
Şelâle,so3lelh
Şellefyan,so3llfo1yebo1
Şemail,so3mebo5l
Şemdinan,so3bu2mdbu2bo1ebo1
Şemdin,so3mdybo1
Şemime,so3mymh
Şemim,so3mym
Şeminur,so3mybo1wr
Şemi,so3my
Şemsek,so3msk
Şemsettin,so3ms eldybo1
Şemsifer,so3msyfo1r
Şemsinisa,so3msybo1se
Şemsi,so3msy
Şemsiye,so3msyh
Şems,so3ms
Şenalp,so3bo1eo6lbu3
Şenal,so3bo1eo6l
Şenaltan,so3bo1 eo6lbo2ebo1
Şenay,so3bo1ey
Şenbaş,so3bo1bu1eso3
Şenbay,so3bo1bu1ey
Şencan,so3bo1xu1ebo1
Şendağ,so3bo1deao1
Şendağ,so3bo1teao1
Şendeniz,so3bo1dko3ro1
Şendiller,so3bo1dllr
Şendil,so3bo1dl
Şendoğan,so3bo1 twao1ebo1
Şendur,so3bo1dwr
Şenel,so3bo1l
Şener,so3bo1r
Şengeldi,so3bo1ko7ldy
Şengil,so3bo1ko7yl
Şengönül,so3bo1ko7wko3l
Şengüler,so3bo1ko7lr
Şengül,so3bo1ko7l
Şengül,so3bo1ko7wl
Şengün,so3bo1ko7wbo1
Şeniz,so3bo1yro1
Şenkal,so3bo1fo2el
Şenlen,so3bo1lbo1
Şenlik,so3bo1lyk
Şennur,so3bo1bo1wr
Şenocak,so3bo1 ewxu1efo2
Şenol,so3bo1wl
Şenozan,so3bo1 ewro1ebo1
Şenözen,so3bo1wro1bo1
Şenöz,so3bo1wro1
Şensal,so3bo1sel
Şensen,so3bo1sbo1
Şen,so3bo1
Şensoy,so3bo1zwy
Şensu,so3bo1zw
Şentop,so3bo1twbu3
Şentürk,so3bo1 bo2rk
Şentürk,so3bo1bo2wrk
Şenyaşar,so3bo1 yeso3er
Şenyer,so3bo1 yr
Şenyıl,so3bo1yyl
Şenyurt,so3bo1ywrd
Şenyüz,so3bo1ywro1
Şerafet,so3refo1bo2
Şerafettin,so3refo1 eldybo1
Şerbetçioğlu,so3rbu1bo2xu1y ewao1ly
Şerbet,so3rbu1bo2
Şerefhan,so3rfo1xo1ebo1
Şerefli,so3rfo1ly
Şerefnaz,so3rfo1bo1ero1
Şerefnur,so3rfo1bo1wr
Şeref,so3rfo1
Şeremetli,so3rmbo2ly
Şeremet,so3rh mbo2
Şeren,so3rbo1
Şerife,so3ryfo1h
Şerif,so3ryfo1
Şermende,so3rmbo1dh
Şermin,so3rmybo1
Şeşen,so3so3bo1
Şetaret,so3terbo2
Şevketfeza,so3wkbo2 fo1zo1e
Şevket,so3wkbo2
Şevkidil,so3wfo2y dl
Şevkinaz,so3wfo2y bo1ero1
Şevkinur,so3wfo2y bo1wr
Şevki,so3wky
Şevkiye,so3wfo2yh
Şevval,so3wel
Şeydagül,so3ydeko7l
Şeydanur,so3ydebo1wr
Şeyda,so3yde
Şeyhoğlu,so3yxo1 ewao1ly
Şeyma,so3yme
Şeyyat,so3yyed
Şide,so3ydh
Şifa,so3fo1e
Şıhanlıoğlu,so3yxo1ebo1ly ewao1ly
Şiir,so3ar
Şıkel,so3fo2 eo5l
Şile,so3bu2lh
Şimşad,so3ymso3ed
Şimşeker,so3ymso3kr
Şimşekhan,so3ymso3kxo1ebo1
Şimşekkan,so3ymso3kfo2ebo1
Şimşek,so3mso3k
Şimşek,so3ymso3k
Şinasi,so3bo1esy
Şinaver,so3bo1ewr
Şınık,so3ybo1yfo2
Şipal,so3ybu3el
Şiran,so3bu2rebo1
Şıray,so3yrey
Şirinbegim,so3yrybo1 bu1ko7ym
Şirinbige,so3yrybo1 bu1yko7h
Şirinşah,so3yrybo1so3eh
Şirin,so3yrybo1
Şırnak,so3bu2rbo1efo2
Şirvan,so3bu2rwebo1
Şirvan,so3yrwebo1
Şirzat,so3yrro1ed
Şişli,so3yso3ly
Şişman,so3yso3mebo1
Şitak,so3bu2bo2efo2
Şivekâr,so3ywh ker
Şive,so3ywh
Şıvgın,so3ywao1ybo1
Şohoğlu,so3wx ewao1ly
Şohoğlu,so3wxo1 ewao1ly
Şöhret,so3hrbo2
Şölen,so3wlbo1
Şostakoviç,so3wsbo2efo2wwyxu3
Şostakoviç,so3wstefo2wwyxu3
Şualar,so3aealr
Şuayp,so3aybu1
Şükran,so3krebo1
Şükrettin,so3kreldybo1
Şükriye,so3kryh
Şükrü,so3kry
Şükrü,so3wkry
Şükûfe,so3kwfo1h
Şükür,so3kr
Şule,so3alh
Şule,so3wlh
Şungar,so3wbo1ao1er
