Öbek,ewbu1k
Öcalan,eo5wxu1elebo1
Öcal,eo5wxu1el
Öçal,eo5wxu3el
Öcal,ewxu1el
Öçal,ewxu3el
Öçten,eo5wxu3dbo1
Ödemiş,ewdh||mso3
Ödül,eo5wdwl
Ödül,ewdwl
Ögeday,ewko7h dey
Öge,ewko7h
Öğe,ewko7h
Ögel,eo5wko7l
Öger,ewko7h
Öget,ewko7bo2
Öğet,ewko7bo2
Ögetürk,ewko7h bo2rk
Öğmen,ewko7mbo1
Öğrünç,ewko7rwbo1xu3
Öğünç,ewko7wbo1xu3
Öğün,ewko7wbo1
Öğür,ewko7wr
Öğüş,ewko7wso3
Öğütal,ewko7wbo2 eo6l
Öğütcan,eo5wko7wbo2xu1ebo1
Öğütçü,eo5wko7wbo2xu1y
Öğüt,eo5wko7wbo2
Öğüt,ewko7wbo2
Öğütken,eo5wko7wbo2kbo1
Öğütmen,eo5wko7wbo2mbo1
Ökdem,eo5wkdm
Öke,eo5wkh
Ökeer,ewkh eo5r
Öke,ewkh
Ökelik,ewkh lk
Ökeren,eo5wk eo5rbo1
Öker,eo5wkr
Öker,ewkr
Ök,ewk
Ökkeş,ewkkso3
Öklem,eo5wklm
Öklü,ewklw
Ökmen,eo5wkmbo1
Ökmener,ewkmbo1r
Ökmen,ewkmbo1
Öksüz,ewksro1
Öksüzkaya,ewksro1fo2eye
Ökte,ewkbo2h
Öktem,eo5wkbo2m
Öktemer,ewkbo2mr
Öktem,ewkbo2m
Ökten,eo5wkbo2bo1
Öktener,ewkbo2bo1r
Ökten,ewkbo2bo1
Öktürk,ewkbo2rk
Ölçen,eo5wlxu3bo1
Ölçmen,eo5wlxu3mbo1
Ölçüm,ewlxu3wm
Ölçün,ewlxu3wbo1
Ölen,ewlbo1
Ölmezbey,ewlmro1bu1ko7
Ölmez,eo5wlmro1
Ölmez,ewlmro1
Ölmeztoprak,eo5wlmro1twbu3refo2
Ömer,amr
Ömüral,amreo6l
Ömür,amr
Ömürcan,amrxu1ebo1
Ömürcan,ewmwrxu1ebo1
Ömürlü,ewmwrlw
Önad,ewbo1eo6d
Önadım,eo5wko3 eo6dym
Önalan,ewbo1eo6lebo1
Önal,ewbo1el
Önaydın,ewbo1eo6ydybo1
Önay,eo5wbo1ey
Önay,eo5wko3ey
Önay,ewbo1ey
Öncel,eo5wbo1xu1l
Öncel,eo5wko3xu1l
Öncel,ewbo1xu1l
Öncübay,ewbo1xu1wbu1ey
Öncüer,ewxu1weo5r
Öncü,ewbo1xu1w
Önder,eo5wbo1dr
Önder,eo5wko3dr
Önder,ewbo1dr
Önder,ewko3dr
Önderol,ewbo1drewl
Öndersev,eo5wbo1drsw
Öndersev,eo5wko3drsw
Öndeş,ewbo1dso3
Öndüç,ewbo1dwxu3
Önel,ewbo1l
Önemli,ewbo1mly
Önen,eo5wbo1bo1
Önen,eo5wko3bo1
Önen,ewbo1bo1
Öner,eo5wbo1r
Öner,eo5wko3r
Öner,ewbo1r
Öneri,ewbo1ry
Öneş,ewbo1so3
Öney,eo5wbo1y
Öney,ewbo1y
Öngay,ewbo1ao1ey
Öngel,ewbo1ko7l
Öngen,ewbo1ko7bo1
Öngören,eo5wbo1ko7wrbo1
Öngören,eo5wko3ko7wrbo1
Öngören,ewko3ko7wrbo1
Öngör,ewbo1ko7wr
Öngör,ewko3ko7wr
Öngü,ewbo1ko7w
Öngül,ewbo1ko7wl
Öngün,ewbo1ko7wbo1
Öngüt,ewbo1ko7wbo2
Önhon,eo5wbo1xo1wbo1
Önhon,eo5wko3xo1wbo1
Öniz,ewbo1yro1
Önkal,ewbo1fo2el
Önnur,ewko3bo1wr
Önol,ewbo1wl
Önsal,eo5wbo1sel
Önsal,eo5wko3sel
Önsal,ewbo1sel
Önsav,ewbo1sew
Önsay,eo5wbo1zey
Önsay,eo5wko3zey
Önsel,ewbo1sl
Önsel,ewko3sl
Önsoy,ewbo1zwy
Öntaş,ewbo1tso3
Öntürk,eo5wbo1bo2wrk
Öntürk,eo5wko3bo2wrk
Önür,eo5wbo1wr
Önür,ewbo1wr
Örenel,ewrbo1 eo5l
Ören,eo5wrbo1
Ören,ewrbo1
Örengül,ewrbo1ko7l
Örfi,arfo1y
Örfiye,arfo1yh
Örgeevren,eo5wrko7h eo5wrbo1
Örge,ewrko7h
Örgen,ewrko7bo1
Örik,ewryk
Örkün,eo5wrkwbo1
Örnek,eo5wrbo1k
Örnek,ewrbo1k
Örnekol,eo5wrbo1kwl
Örsan,ewrsebo1
Örsay,ewrzey
Örsel,ewrsl
Örs,eo5wrs
Örs,ewrs
Örskan,ewrsfo2ebo1
Örskan,ewrskebo1
Örtan,ewrbo2ebo1
Örtaş,ewrtso3
Örtay,ewrbo2ey
Örüç,eo5wrwxu3
Örük,ewrwk
Öründü,ewrwbo1dw
Örüner,ewrwbo1r
Örün,ewrwbo1
Öryürek,ewrywrk
Öşme,ewso3mh
Ötleğen,ewbo2lko7bo1
Ötnü,ewbo2bo1w
Ötüken,ewbo2wkbo1
Ötün,ewbo2wbo1
Ötün,ewbo2wko3
Öveç,ewwxu3
Övet,ewwbo2
Övgü,ewwko7w
Övgül,ewwko7l
Övgünç,ewwko7wbo1xu3
Övgün,ewwko7wbo1
Övül,ewwl
Övünal,ewko7wbo1eo6l
Övünç,ewwbo1xu3
Övün,ewko7wbo1
Övün,ewwbo1
Öykü,ewykw
Öymen,ewymbo1
Öyüş,ewywso3
Özakan,ewro1eo6fo2ybo1
Özakar,ewro1eo6fo2er
Özakay,ewro1eo6fo2ey
Özak,eo5wro1efo2
Özak,ewro1efo2
Özakıncı,ewro1eo6fo2ybo1xu1y
Özakın,ewro1eo6fo2ybo1
Özaktuğ,ewro1eo6fo2bo2wao1
Özal,eo5wro1el
Özal,ewro1el
Özalp,eo5wro1eo6lbu3
Özalp,ewro1eo6lbu3
Özalpman,ewro1eo6lbu3mebo1
Özalpsan,ewro1eo6lbu3sebo1
Özaltan,ewro1elbo2ebo1
Özaltay,ewro1eo6lbo2ey
Özaltın,ewro1eo6lbo2ybo1
Özaltuğ,ewro1eo6lbo2wao1
Özan,ewro1ebo1
Özant,ewro1ebo1bo2
Özarar,eo5wro1eo6rer
Özarda,eo5wro1eo6rde
Özarda,ewro1eo6rde
Özarı,ewro1eo6ry
Özark,ewro1eo6rfo2
Özarkın,ewro1eo6rfo2ybo1
Özarslan,eo5wro1eo6rslebo1
Özaslan,ewro1eo6slebo1
Özata,eo5wro1eo6bo2e
Özata,ewro1eo6bo2e
Özatay,ewro1eo6bo2ey
Özaydın,ewro1eo6ydybo1
Özay,ewro1ey
Özayhan,ewro1eo6yxo1ebo1
Özaytan,ewro1eybo2ebo1
Özbağ,ewro1bu1eao1
Özbala,ewro1bu1ele
Özbal,ewro1bu1el
Özbaşak,ewro1bu1eso3efo2
Özbaş,eo5wro1bu1eso3
Özbaş,ewro1bu1eso3
Özbatu,ewro1bu1ebo2w
Özbaydar,ewro1bu1eyder
Özbay,eo5wro1bu1ey
Özbay,ewro1bu1ey
Özbayrak,eo5wro1bu1eyrefo2
Özbek,eo5wro1bu1k
Özbek,ewro1bu1k
Özbekkan,ewro1bu1kfo2ebo1
Özben,ewro1bu1bo1
Özberk,ewro1bu1rk
Özbey,eo5wro1bu1ko7
Özbey,ewro1bu1ko7
Özbilek,ewro1bu1ylk
Özbilen,eo5wro1bu1ylbo1
Özbilen,ewro1bu1ylbo1
Özbil,ewro1bu1yl
Özbilge,ewro1bu1ylko7h
Özbilgin,eo5wro1bu1ylko7ybo1
Özbilgin,ewro1bu1ylko7ybo1
Özbilir,ewro1bu1ylyr
Özbir,ewro1bu1r
Özboğa,ewro1bu1wao1h
Özbolat,eo5wro1bu1wled
Özçağlar,eo5wro1xu3eao1ler
Özçam,ewro1xu3em
Özcanan,ewro1xu1ebo1ebo1
Özcan,eo5wro1xu1ebo1
Özcan,ewro1xu1ebo1
Özcebe,ewro1xu1bu1h
Özçelik,eo5wro1xu3lyk
Özçelik,ewro1xu3lyk
Özçevik,ewro1xu3wyk
Özçınar,ewro1xu3ybo1er
Özçın,ewro1xu3ybo1
Özçoban,eo5wro1xu3wbu1ebo1
Özdağ,eo5wro1deao1
Özdağ,eo5wro1teao1
Özdağ,ewro1deao1
Özdal,eo5wro1del
Özdal,ewro1del
Özdalga,eo5wro1telao1h
Özdamar,eo5wro1tmer
Özdamar,ewro1demer
Özdamar,ewro1tmr
Özdarende,eo5wro1derbo1dh
Özdeğer,ewro1dko7r
Özdek,eo5wro1dk
Özdek,ewro1dk
Özdel,ewro1dl
Özdemir,eo5wro1dmyr
Özdemir,ewro1dmyr
Özdemiroğlu,eo5wro1dmyr ewao1ly
Özden,eo5wro1dbo1
Özdener,ewro1dbo1r
Özden,ewro1dbo1
Özdenoğlu,eo5wro1dbo1 ewao1ly
Özderen,ewro1drbo1
Özdeş,eo5wro1dso3
Özdeş,ewro1dso3
Özdilek,ewro1dylk
Özdil,ewro1dl
Özdilmaç,ewro1dylmexu3
Özdinçer,ewro1dybo1xu3r
Özdinç,ewro1dybo1xu3
Özdiş,eo5wro1dyso3
Özdoğa,ewro1twao1e
Özdoğal,ewro1twao1el
Özdoğan,eo5wro1twao1ebo1
Özdoğan,ewro1twao1ebo1
Özdoğdu,ewro1twao1dy
Özdoğmuş,ewro1twao1mso3
Özdoğru,ewro1twao1ry
Özdoğu,eo5wro1twao1y
Özdoru,ewro1twrw
Özdoruk,ewro1twrwfo2
Özdoyuran,eo5wro1twywrebo1
Özduran,ewro1twrebo1
Özdurdu,ewro1twrdy
Özduru,ewro1twrw
Özdurul,ewro1twrwl
Özdurum,ewro1twrwm
Özekan,ewro1h fo2ebo1
Özekan,ewro1h kebo1
Özeke,eo5wro1eo5kh
Özek,eo5wro1k
Özek,ewro1k
Özelçi,eo5wro1eo5lxu3y
Özel,eo5wro1l
Özel,ewro1l
Özenay,ewro1bo1ey
Özenç,eo5wro1bo1xu3
Özenç,ewro1bo1xu3
Özenci,eo5wro1bo1xu1y
Özender,ewro1bo1dr
Özen,eo5wro1bo1
Özen,ewro1bo1
Özengin,ewro1bo1ko7ybo1
Özengül,ewro1bo1ko7l
Özenir,ewro1bo1yr
Özenli,ewro1bo1ly
Özensoy,eo5wro1bo1zwy
Öz,eo5wro1
Özercan,eo5wro1rxu1ebo1
Özercan,ewro1rxu1ebo1
Özerdal,ewro1rdel
Özerdem,ewro1erdm
Özerdim,ewro1erdym
Özerdinç,ewro1rdbu2bo1xu3
Özerek,ewro1rk
Özer,eo5wro1r
Özer,ewro1r
Özerhan,ewro1rxo1ebo1
Özerinç,ewro1rybo1xu3
Özerk,ewro1rk
Özerkin,ewro1rkybo1
Özerkmen,ewro1rkmbo1
Özerman,ewro1rmebo1
Özerol,ewro1rwl
Özertan,ewro1rbo2ebo1
Özertem,ewro1rbo2m
Özev,eo5wro1eo5w
Öz,ewro1
Özey,eo5wro1y
Özfakih,eo5wro1fo1fo2yh
Özgebay,ewro1ko7h bu1ey
Özgeci,ewro1ko7h xu1y
Özgeer,ewro1ko7h eo5r
Özge,ewro1ko7h
Özgenalp,ewro1ko7bo1 eo6lbu3
Özgenay,ewro1ko7bo1ey
Özgenç,eo5wro1ko7bo1xu3
Özgenç,ewro1ko7bo1xu3
Özgen,eo5wro1ko7bo1
Özgener,eo5wro1ko7bo1r
Özgener,ewro1ko7bo1r
Özgen,ewro1ko7bo1
Özger,ewro1ko7r
Özgiray,ewro1ko7rey
Özgirgin,eo5wro1ko7yrko7ybo1
Özgöbek,eo5wro1ko7wbu1k
Özgüç,eo5wro1ko7wxu3
Özgüç,ewro1ko7wxu3
Özgü,ewro1ko7w
Özgülay,ewro1ko7ley
Özgüleç,ewro1ko7wlxu3
Özgül,ewro1ko7l
Özgülüm,ewro1ko7lwm
Özgümüş,eo5wro1ko7wmwso3
Özgünay,ewro1ko7wbo1ey
Özgündüz,eo5wro1ko7wbo1dwro1
Özgünel,ewro1ko7wbo1l
Özgün,eo5wro1ko7wbo1
Özgüner,eo5wro1ko7wbo1r
Özgüner,ewro1ko7wbo1r
Özgüneş,ewro1ko7wbo1so3
Özgün,ewro1ko7wbo1
Özgüney,ewro1ko7wbo1y
Özgürcan,ewro1ko7wrxu1ebo1
Özgürel,ewro1ko7wrl
Özgür,eo5wko7wr
Özgür,ewro1ko7wr
Özgüven,ewro1ko7wwbo1
Özhakan,ewro1xefo2ebo1
Özhan,eo5wro1xo1ebo1
Özhan,ewro1xo1ebo1
Özil,ewro1yl
Özilhan,ewro1elxebo1
Özilter,ewro1eylbo2r
Özinal,ewro1eybo1el
Özinan,ewro1eybo1ebo1
Özipek,ewro1ybu3k
Öziş,ewro1yso3
Özkal,ewro1fo2el
Özkan,eo5wro1fo2ebo1
Özkan,ewro1fo2ebo1
Özkanlı,eo5wro1fo2ebo1ly
Özkar,ewro1fo2er
Özkaya,eo5wro1fo2eye
Özkaya,ewro1fo2eye
Özkayra,ewro1fo2yre
Özke,ewro1kh
Özkefeli,eo5wro1kfo1ly
Özkent,ewro1kbo1bo2
Özker,eo5wro1kr
Özker,ewro1kr
Özkerman,ewro1krmebo1
Özkes,eo5wro1ks
Özkınal,ewro1fo2ybo1el
Özkınay,ewro1fo2ybo1ey
Özkın,ewro1fo2ybo1
Özkoç,eo5wro1fo2wxu3
Özkoç,ewro1fo2wxu3
Özkök,eo5wro1kwk
Özkök,ewro1kwk
Özkula,ewro1fo2wlh
Özkul,eo5wro1fo2wl
Özkul,ewro1fo2wl
Özkurt,ewro1fo2wrbo2
Özkutal,ewro1fo2wbo2el
Özkutay,ewro1fo2wbo2ey
Özkut,ewro1fo2wbo2
Özkutlu,ewro1fo2wbo2lw
Özkutsal,ewro1fo2wbo2sel
Özlek,ewro1lk
Özlem,ewro1lm
Özlenen,ewro1lbo1bo1
Özlen,eo5wro1lbo1
Özlen,ewro1lbo1
Özler,eo5wzlr
Özler,ewro1lr
Özleyiş,ewro1lyso3
Özlü,eo5wro1lw
Özlüer,ewro1lweo5r
Özlü,ewro1lw
Özlütürk,ewro1lwbo2rk
Özman,ewro1mebo1
Özmen,eo5wro1mbo1
Özmen,ewro1mbo1
Özmert,eo5wro1mrd
Özmert,ewro1mrd
Özmut,ewro1mwbo2
Öznil,ewro1bo1yl
Öznur,ewro1bo1wr
Özöğe,ewro1wko7h
Özoğul,eo5wro1 ewao1wl
Özoğul,ewro1ewao1wl
Özoğuz,eo5wro1 ewao1wro1
Özoğuz,ewro1ewao1wro1
Özokçu,ewro1wfo2xu3w
Özok,ewro1wfo2
Özoktay,ewro1ewfo2bo2ey
Özol,ewro1ewl
Özönder,eo5wro1 eo5wbo1dr
Özönder,eo5wro1 eo5wko3dr
Özönder,ewro1ewbo1dr
Özön,ewro1wbo1
Özozan,ewro1ewro1ebo1
Özpak,eo5wro1bu3ek
Özpala,ewro1bu3ele
Özpay,eo5wro1bu3ey
Özpazarbaşı,eo5wro1bu1ero1erbu1eso3y
Özpeker,ewro1bu3kr
Özpetek,ewro1bu3bo2k
Özpınar,ewro1bu3yko3er
Özpolat,eo5wro1bu3wled
Özpolat,ewro1bu3wled
Özpulat,ewro1bu3wled
Özşahin,ewro1so3ehybo1
Özsan,eo5wro1sebo1
Özsan,ewro1sebo1
Özşan,ewro1so3ebo1
Özsanlı,ewro1zebo1ly
Özsarıyıldız,eo5wro1zery yyldyro1
Özselen,ewro1slbo1
Özsel,ewro1sl
Özşen,ewro1so3bo1
Özsever,eo5wro1swr
Özsevi,ewro1swy
Özsoy,eo5wro1zwy
Özsoy,ewro1zwy
Özsözlü,ewro1swro1lw
Özsüer,ewro1sweo5r
Özsü,ewro1sw
Özsu,ewro1zw
Özsun,ewro1zwbo1
Özsungur,ewro1zwbo1ao1wr
Özsüt,ewro1swbo2
Öztan,ewro1bo2ebo1
Öztanır,ewro1bo2ebo1yr
Öztarhan,eo5wro1bo2erxo1ebo1
Öztarhan,eo5wro1trxebo1
Öztarhan,ewro1bo2erxo1ebo1
Öztaş,ewro1tso3
Öztay,ewro1bo2ey
Öztaylan,eo5wro1bo2eylebo1
Öztaylan,ewro1bo2eylebo1
Öztek,eo5wro1bo2k
Öztek,ewro1bo2k
Öztekin,eo5wro1bo2kybo1
Öztekin,ewro1bo2kybo1
Özten,ewro1bo2bo1
Öztimur,ewro1bo2ymwr
Öztinel,ewro1bo2ybo1l
Öztiner,ewro1bo2ybo1r
Öztin,ewro1bo2ybo1
Öztoklu,ewro1twfo2lw
Öztop,eo5wro1twbu3
Öztoprak,eo5wro1twbu3refo2
Öztoygar,ewro1twyao1er
Öztrak,eo5wro1bo2refo2
Öztuna,eo5wro1twbo1e
Öztuna,ewro1twbo1h
Öztunç,eo5wro1bo2wbo1xu3
Öztunç,ewztwbo1xu3
Öztürk,eo5wro1bo2wrk
Öztürk,ewro1bo2rk
Öztürkmen,eo5wro1bo2wrkmbo1
Öztuzcu,eo5wro1twro1xu1y
Özüak,ewro1w eo6fo2
Özüberk,eo5wro1ybu1rfo2
Özüdoğru,eo5wro1ytwao1ry
Özüdoğru,ewro1wtwao1ry
Özü,ewro1y
Özügür,eo5wro1yko7wr
Özüm,ewro1wm
Özün,ewro1wbo1
Özüpek,ewro1wbu3k
Özütok,ewro1wtwfo2
Özverdi,ewro1wyrdy
Özveren,ewro1wrbo1
Özver,eo5wro1wr
Özver,ewro1wr
Özveri,ewro1wry
Özvermiş,ewro1wrmso3
Özyavuz,eo5wro1yewwro1
Özyay,ewro1yey
Özyer,eo5wro1yr
Özyılmaz,eo5wro1yylmero1
Özyol,eo5wro1ywl
Özyörük,eo5wro1ywrwk
Özyörük,ewro1ywrk
Özyürek,eo5wro1ywrk
Özyurt,ewro1ywrd
Özyuva,ewro1ywwe
