Aba,abu1e
Abaca,eo6bu1exu1h
Abacan,eo6bu1exu1ebo1
Abaç,ebu1exu3
Abacı,eo6bu1exu1y
Abadan,eo6bu1edebo1
abadile,ao4bu1eo4du4lo4h
Aba,eo6bu1e
Abak,abu1efo2
Abak,eo6bu1efo2
Abalıoğlu,eo6bu1ely ewao1l
Abanozoğlu,eo6bu1ebo1wro1 ewao1ly
Abasıyanık,eo6bu1esy yebo1yfo2
Abay,eo6bu1ey
Abayhan,eo6bu1eyxo1ebo1
Abaza,eo6bu1ero1e
Abazoğlu,eo6bu1ero1 ewao1ly
Abbas,abu1es
abbas,abu1o8es
abbasiye,abu1o8esyh
Abbasoğlu,abu1es ewao1ly
Abdal,abu1del
abdâliye,eo5bu1delyh||
abdâliyye,eo5bu1delyh||
abdi,abu1dy
Abdi,abu1dy
Abdik,abu1dyk
Abdil,abu1dyl
abduh,abu1dh
abdüh,abu1dh
Abdülâlim,abu1delaelm
Abdülazim,abu1delato1ym
Abdulaziz,abu1delaro1yro1
abdülaziz,abu1d elaro1yro1
Abdülaziz,abu1delaro1yro1
Abdülbaki,abu1delbu1efo2y
abdülbâki,abu1d elbu1efo2y
Abdülbari,abu1delbu1ery
Abdülbasir,abu1delbu1ezyr
Abdülbasit,abu1delbu1esyt
Abdülcabbar,abu1delxu1bu1er
Abdülcebbar,abu1delxu1bu1er
abdülcelil,abu1d elxu1lyl
Abdülcelil,abu1delxu1lyl
AbdülcemAl,abu1delxu1mel
Abdülcevat,abu1delxu1wed
abdül'ehad,abu1d eleo5xd
abdülehad,abu1d eleo5xd
Abdülezel,abu1del ero1l
Abdülferit,abu1delfo1ryd
Abdülfettah,abu1delfo1bo2ex
Abdülgaffar,abu1delao1fo1er
Abdülgaffur,abu1delao1fo1wr
Abdülgafur,abu1delao1fo1wr
Abdülgani,abu1delao1bo1y
Abdülhadi,abu1delhedy
abdülhâdi,abu1d elhedy
Abdülhak,abu1delxfo2
Abdülhakim,abu1delxkym
abdülhakîm,abu1d elxkym
Abdülhalik,abu1delxo1elfo2
Abdulhalim,abu1delxlym
Abdülhalim,abu1delxlym
Abdulhamid,abu1delxmyd
abdülhamid,abu1d elxmyd
Abdulhamit,abu1delxmyd
Abdülhamit,abu1delxmyd
Abdülhamitoğlu,abu1d elxmyd ewao1ly
Abdülkadir,abu1delfo2dyr
abdülkadir,abu1d elfo2edr
abdülkadirî,abu1d elfo2edry
abdülkadirzade,abu1d elfo2edrro1edh||
Abdülkahhar,abu1delfo2her
abdülkahir,abu1d elfo2ehr
abdülkerim,abu1d elkrym
Abdülkerim,abu1delkrym
abdullah,abu1dellh
Abdullah,abu1dellh
Abdullatif,abu1delltyfo1
abdüllatif,abu1d elltyfo1
Abdüllatif,abu1delltyfo1
Abdüllâtif,abu1delltyfo1
abdülmecid,abu1d elmxu1yd
Abdülmecit,abu1delmxu1yd
Abdülmelik,abu1delmlyk
Abdülmennan,abu1delmbo1ebo1
Abdülmetin,abu1delmbo2ybo1
abdülmuhsin,abu1d elmxsbo1
abdülmuttalib,abu1d elmto8lbu1
Abdülnasır,abu1delbo1ezr
Abdülvahap,abu1delwhebu1
Abdülvahit,abu1delwexd
abdülvehhab,abu1d elwho8ebu1u4
abdurrahîm,abu1d elrxym
Abdürrahim,abu1delrxym
abdurrahman,abu1d elrxmbo1
Abdurrahman,abu1delrxmbo1
Abdürrahman,abu1delrxmbo1
abdurrahman,abu1d elrxmebo1
Abdürrauf,abu1delrwfo1
Abdürreşit,abu1delrso3yd
Abdürrezzak,abu1delrro1efo2
abdürrezzak,abu1d elrro1o8efo2
Abdüssamet,abu1delzmd
Abdüssami,abu1delsemy
Abdüsselâm,abu1delslem
Abdüssemi,abu1delsmya
Abdüssettar,abu1delsbo2er
Abdüzzeki,abu1deldo1ky
Abgül,eo6bu1ko7wl
Abher,abu1hr
Abid,aebu1d
Abide,aebu1dh
Abide,eo6bu1dh
Abidin,aebu1dybo1
Abidinoğlu,aebu1dybo1 ewao1ly
Abiha,eo6bu1yxh
Abıhayat,eo6bu1 xyebo2
Abil,eo6bu1l
Abir,aebu1r
Abır,aebu1r
Abıru,eo6bu1yrw
Abit,aebu1d
Abiye,eo6bu1yh
Ablak,ebu1lefo2
Ablum,eo6bu1lwm
Abraş,eo6bu1reso3
Abruy,eo6bu1rwy
Abuşka,ebu1wso3fo2h
Abuzer,ebu1wdo1r
Acabey,exu1ebu1k
Aça,eo6xu3e
Acahan,exu1exo1ebo1
Açalya,eo6xu3elyh
Açanal,eo6xu3ebo1 eo6l
Açangül,eo6xu3ebo1ko7l
Acara,eo6xu1erh
Acaralp,exu1ereo6lbu3
Acarbay,eo6xu1erbu1ey
Acarbegüm,eo6xu1erbu1ko7wm
Acarbey,exu1erbu1ko7
Acarbike,eo6xu1erbu1ykh
Acarbüke,eo6xu1erbu1wkh
Acar,eo6xu1er
Acarer,exu1erer
Acarhatun,eo6xu1erxo1ebo2wbo1
Acarkan,eo6xu1erfo2bo1
Acarkatun,eo6xu1erfo2ebo2wbo1
Acarman,exu1ermebo1
Acaröz,exu1erwro1
Acarsoy,eo6xu1rzwy
Acartürk,eo6xu1erbo2wrk
Acatay,exu1ebo2ey
Açba,eo6xu3bu1e
Açelya,eo6xu3lyh
Acem,axu1m
Acemistân,axu1msbo2ebo1
Acıdaş,exu1ydeso3
Açıkalın,eo6xu3yfo2 eo6lybo1
Açıkel,eo6xu3yfo2 eo5l
Açık,eo6xu3yfo2
Açıker,eo6xu3yfo2 eo5r
Açıkgöz,eo6xu3yfo2 ko7wro1
Açıkgün,eo6xu3yfo2kwbo1
Açıksöz,eo6xu3yfo2swro1
Açılay,eo6xu3yley
Açıl,eo6xu3yl
Açine,eo6xu3ybo1h
Açkıngül,eo6xu3fo2ybo1ko7l
Aclan,eo6xu1lebo1
Acunal,eo6xu1wbo1el
Acunalp,eo6xu1wbo1 eo6lbu3
Acunbegim,eo6xu1wbo1bu1ko7ym
Acunbegüm,eo6xu1wbo1bu1ko7wm
Acunbike,eo6xu1wbo1bu1kh
Acunbüke,eo6xu1wbo1bu1wkh
Acun,eo6xu1wbo1
Acuner,eo6xu1wbo1 eo5r
Acungüneş,eo6xu1wbo1ko7wbo1so3
Acunışık,eo6xu1wbo1 eyso3yfo2
Acunman,eo6xu1wbo1mebo1
Acunseven,eo6xu1wbo1swbo1
Ada,eo6th
Adahan,eth xo1ebo1
Adakan,eo6defo2ebo1
Adak,eo6defo2
Adalan,eo6tlh ko3
Adal,azo1l
Adal,eo6del
Adalet,adelbo2
Adal,ezo1l
Adalı,azo1ly
Adalı,eo6dely
Adamış,eo6demyso3
adana,eo6debo1h||
Adana,eo6tbo1h
Adan,eo6debo1
Adanır,eo6debo1yr
adapazar,eo6th||bu3ero1er
Adapazarı,eo6th||bu3ero1ery
Adar,eo6der
Adasal,eo6th sel
Adaş,eo6deso3
Adato,eo6tebo2w
Aday,edey
Adem,adm
Adem,eo6dm
Ademoğlu,eo6dm ewao1ly
Adeviye,adwyh
Adıbelli,eo6dy bu1ly
Adıgün,eo6dykwbo1
Adıgüzel,eo6dy ko7wro1l
Adil,aedl
Adile,adylh
Adilhan,aedlxo1ebo1
Adin,adybo1
Adın,eo6dbo1
Adın,eo6dko3
Adin,eo6dybo1
Adışah,eo6dyso3eh
Adısanlı,eo6dy zebo1ly
Adısönmez,eo6dy swbo1mro1
Adıvar,eo6dywer
Adıvar,eo6dy wer
Adıyahşi,eo6dy yxo1so3y
Adıyaman,eo6dy||bu2emebo1
Adıyaman,eo6dy bu2emebo1
Adıyaman,eo6dyyemebo1
Adlan,eo6dlebo1
Adli,adly
Adlı,eo6dly
Adlığ,eo6dlyao1
Adnan,adbo1ebo1
Adni,adbo1y
Adniye,adbo1yh
Adsız,eo6dsro1
Adsoy,eo6dzwy
Adviye,adwyh
Afacan,eo6fo1exu1ebo1
Afak,eo6fo1efo2
Afer,eafo1r
Afet,eafo1bo2
Afet,eo6fo1bo2
Affan,afo1ebo1
affan,afo1o8ebo1
afganistan,efo1ao1ebo1sbo2ebo1
Afi,afo1y
Afi,eo6fo1y
Afif,afo1yfo1
Afife,afo1yfo1h
Afitap,eo6fo1bo2ebu1
Afiye,aefo1yyh
Afiyet,aefo1ybo2
Afra,afo1re
Afra,eo6fo1re
afrika,eo6fo1ryfo2e
Afşar,eo6fo1so3er
Afşin,eo6fo1so3ybo1
afyon,eo6fo1ywbo1
Afyon Karahisar,eo6fo1bu2wbo1 fo2rh||xzer
Afyonoğlu,efo1ywbo1 ewao1ly
Ağabaloğlu,eo6ao1ebu1el ewao1ly
Ağabay,eo6ao1ebu1ey
Ağabeyoğlu,eo6ao1ebu1ko7 ewao1ly
Ağacan,eo6ao1exu1ebo1
Ağacık,eo6ao1exu1yfo2
Ağacıkoğlu,eo6ao1exu1yfo2 ewao1ly
Ağaçören,eo6ao1exu1 ewrbo1
Ağa,eo6ao1e
Ağa,eo6ao1h
Ağagil,eo6ao1eko7l
Ağahan,eo6ao1exo1ebo1
Ağahanım,eo6ao1exo1ebo1m
Ağahatun,eo6ao1exo1ebo2wbo1
Agâh,eo6ko7eh
Ağakan,eo6ao1efo2ebo1
Ağakatun,eo6ao1efo2ebo2wbo1
Ağakay,eo6ao1efo2ey
Ağalday,eo6ao1eldey
Ağanbegim,eo6ao1ebo1bu1ko7ym
Ağanbegüm,eo6ao1ebo1bu1ko7wm
Ağanbike,eo6ao1ebo1bu1ykh
Ağanbüke,eo6ao1ebo1bu1wkh
Ağan,eo6ao1ebo1
Ağaner,eo6ao1ebo1 eo5r
Ağanoğlu,eo6ao1ebo1 ewao1ly
Ağaoğlu,eo6ao1eewao1ly
Ağaoğlu,eo6ao1h ewao1ly
Ağaoğulları,eo6ao1h ewao1llry
Ağarantan,eo6ao1erebo1tebo1
Ağar,eo6ao1er
Ağar,eo6ao1r
Ağaverdi,eo6ao1ewyrdy
Ağbaba,eo6ao1bu1ebu1e
Ağbacı,eo6ao1bu1exu1y
Ağbegim,eo6ao1bu1ko7ym
Ağbegüm,eo6ao1bu1ko7wm
Ağbet,eo6ao1bu1bo2
Ağbilek,eo6ao1bu1ylk
Ağcabey,eo6ao1xu1ebu1ko7
Ağca,eo6ao1xu1h
Ağça,eo6ao1xu3h
Ağçay,eo6ao1xu3ey
Ağçelik,eo6ao1xu3lyk
Ağer,eo6ao1r
Ağgül,eo6ao1ko7l
Agil,eo6ao1yl
Ağın,eo6ao1ybo1
Ağırbaş,eo6ao1yrbu1eso3
Ağırtaş,eo6ao1yrteso3
Ağış,eo6ao1yso3
Ağkız,eo6ao1fo2yro1
Ağnak,eo6ao1bo1efo2
Ağralı,eo6ao1rh ly
Agun,eo6ao1wbo1
Aguş,eo6ao1wso3
Ağustos,eo6ao1sbo2ws
Ağva,eo6ao1we
Ağyar,eo6ao1yer
Ağyüz,eo6ao1ywro1
Ahen,eo6hbo1
Ahenk,eo6hbo1k
Ahfeş,eo6hfo1so3
Ahi,eo6xo1y
Ahıska,eo6xo1sxo1h
Ahıskalıoğlu,eo6xo1sxo1ly ewao1ly
Ahlat,eo6xo1let
Ahmet,exmd
Ahsen,exsbo1
Ahter,exo1bo2r
Ahu,eo6xo1w
Ailesine,aebo5lsbo1h
Aişe,aebo5so3h
Ajda,ero3de
Ajlan,eo6ro3lebo1
Akabay,eo6fo2ebu1ey
Akabey,eo6fo2ebu1ko7
Akad,eo6fo2ed
Akadlı,eo6fo2edly
Aka,eo6fo2e
Akağan,eo6fo2eao1ebo1
Akagündüz,eo6fo2eko7wbo1dwro1
Akagündüz,eo6fo2e ko7wbo1dwro1
Akagün,eo6fo2eko7wbo1
Akalan,eo6fo2elebo1
Akal,eafo2l
Akal,efo2l
Akal,eo6fo2el
Akalın,eo6fo2elybo1
Akalp,eo6fo2elbu3
Akaltan,eo6fo2elbo2ebo1
Akanay,eo6fo2ebo1ey
Akan,eo6fo2ebo1
Akaner,eo6fo2ebo1r
Akansu,eo6fo2ebo1zw
Akant,eo6fo2ebo1bo2
Akanyıldız,eo6fo2ebo1 yyldro1
Akarca,eo6fo2erxu1h
Akarcalı,eo6fo2erxu1e ly
Akarçay,eo6fo2erxu3ey
Akar,eo6fo2er
Akarsel,eo6fo2ersl
Akarsu,eo6fo2erzw
Akartuna,eo6fo2ertwbo1h
Akartürk,eo6fo2erbo2wrk
Akasma,eo6fo2ezmh
Akasoy,eo6fo2ezwy
Akata,eo6fo2ebo2e
Akatay,eo6fo2ebo2ey
Akaydın,eo6fo2eydybo1
Akay,eo6fo2ey
Akaygen,eo6fo2eyko7bo1
Akbaba,eo6fo2bu1ebu1e
Akbacı,eo6fo2bu1exu1y
Akbal,eo6fo2bu1el
Akbaran,eo6fo2bu1erebo1
Akbaşak,eo6fo2bu1eso3efo2
Akbaş,eo6fo2bu1eso3
Akbaşlı,eo6fo2bu1eso3ly
Akbatu,eo6fo2bu1ebo2w
Akbatur,eo6fo2bu1etwr
Akbayar,eo6fo2bu1eyer
Akbay,eo6fo2bu1ey
Akbaytogan,eo6fo2bu1ey twao1ebo1
Akbek,eo6fo2bu1k
Akbel,eo6fo2bu1l
Akbet,eo6fo2bu1bo2
Akbey,eo6fo2bu1ko7
Akbil,eo6fo2bu1yl
Akbilge,eo6fo2bu1ylko7h
Akbıyıkoğlu,eo6fo2bu1yyfo2 ewao1ly
Akboğa,eo6fo2bu1wao1h
Akbora,eo6fo2bu1wrh
Akbörü,eo6fo2bu1wrw
Akboy,eo6fo2bu1wy
Akbudun,eo6fo2bu1wdwbo1
Akbuğ,eo6fo2bu1wao1
Akbulut,eo6fo2bu1wlwt
Akburak,eo6fo2bu1refo2
Akburçak,eo6fo2bu1wrxu3efo2
Akburç,eo6fo2bu1wrxu1
Akçaabat,eo6fo2xu3h||eo6bu1ed
Akçabay,eo6fo2xu3ebu1ey
Akçadağ,eo6fo2xu3h||deao1
Akçael,eo6fo2xu3h eo5l
Akça,eo6fo2xu3h
Akçagül,eo6fo2xu3eko7l
Akçakan,eo6fo2xu3efo2ebo1
Akçakaya,eo6fo2xu3efo2eye
Akçakıl,eo6fo2xu3efo2yl
Akçakoca,eo6fo2xu3exo1wexu1h
Akçal,eo6fo2xu3el
Akçalı,eo6fo2xu3ely
Akçalıoğlu,eo6fo2xu1ely ewao1ly
Akçam,eo6fo2xu3em
Akcan,eo6fo2xu1ebo1
Akçan,eo6fo2xu3ebo1
Akçaoğlu,eo6fo2xu3h ewao1ly
Akçasu,eo6fo2xu3h zw
Akçatepe,eo6fo2xu3h bo2bu3h
Akçay,eo6fo2xu3ey
Akcebe,eo6fo2xu1bu1h
Akçeel,eo6fo2xu3h eo5l
Akçer,eo6fo2xu3r
Akçiçek,eo6fo2xu3yxu3k
Akçığır,eo6fo2xu3yao1yr
Akçıl,eo6fo2xu3yl
Akçınar,eo6fo2xu3ybo1er
Akçin,eo6fo2xu3ybo1
Akçit,eo6fo2xu3ybo2
Akcivan,eo6fo2xu1webo1
Akçora,eo6fo2xu3wre
Akçora,eo6fo2xu3wrh
Akdağ,eo6fo2deao1
Akdağ,eo6fo2teao1
Akdağ Mâden,eo6fo2deao1||madbo1
Akdal,eo6fo2del
Akdamar,eo6fo2tmer
Akdarı,eo6fo2dery
Akdemir,eo6fo2dmyr
Akdeniz,eo6fo2dko3ro1
Akdes,eo6fo2ds
Akdiken,eo6fo2dykbo1
Akdik,eo6fo2dyk
Akdil,eo6fo2dl
Akdil,eo6fo2dyl
Akdoğan,eo6fo2twao1ebo1
Akdoğanlı,eo6fo2twao1ebo1ly
Akdoğdu,eo6fo2twao1dy
Akdoğ,eo6fo2twao1
Akdoğmuş,eo6fo2twao1mso3
Akdoğu,eo6fo2twao1y
Akdöl,eo6fo2dwl
Akdolun,eo6fo2twlwbo1
Akdora,eo6fo2dwre
Akdoru,eo6fo2dwry
Akdoruk,eo6fo2dwrwfo2
Akdoruk,eo6fo2twrwfo2
Akduman,eo6fo2dwmebo1
Akdur,eo6fo2dwr
Akdurmuş,eo6fo2twrmso3
Akel,eo6kl
Ak,eo6fo2
Aker,eo6fo2 eo5r
Aker,eo6fo2r
Akergin,eo6fo2 eo5rko7ybo1
Akerman,eo6fo2 eo5rmebo1
Akersan,eo6fo2 eo5rsebo1
Akersoy,eo6fo2 eo5rzwy
Akgil,eo6fo2ko7yl
Akgiray,eo6fo2ko7yrey
Akgöl,eo6fo2ko7wl
Akgöze,eo6fo2ko7wro1h
Akgöztürk,eo6fo2ko7wro1bo2wrk
Akgüç,eo6fo2ko7wxu3
Akgül,eo6fo2ko7l
Akgündüz,eo6fo2ko7wbo1dwro1
Akgün,eo6fo2ko7wbo1
Akgüner,eo6fo2ko7wbo1r
Akgüneş,eo6fo2ko7wbo1so3
Akgüney,eo6fo2ko7wbo1y
Akgüngör,eo6fo2ko7wbo1ko7wr
Akgür,eo6fo2ko7wr
Akhan,eo6fo2xo1ebo1
Akhanım,eo6fo2xo1ebo1m
Akhisar,eo6fo2xser
Akhun,eo6fo2xo1wbo1
Akıalp,eo6fo2y eo6lbu3
Akibe,aefo2bu1h
Akide,afo2ydh
Akı,eo6fo2y
Akif,aekfo1
Akife,aekfo1h
Akifoğlu,aekfo1 ewao1ly
Akıl,afo2l
Akil,afo2yl
Akılbek,afo2lbu1k
Akile,eo6klh
Akıllı,afo2lly
Akıllıoğlu,aefo2lly ewao1ly
Akıman,eo6fo2ymebo1
Akınal,eo6fo2ybo1el
Akınalp,eo6fo2ybo1 eo6lbu3
Akıncıbay,eo6fo2ybo1xu1ybu1ey
Akıncı,eo6fo2bo1xu1y
Akinci,eo6fo2 eybo1xu1y
Akıncı,eo6fo2ybo1xu1y
Akın,eo6fo2ybo1
Akıner,eo6fo2ybo1 eo5r
Akıneri,eo6fo2ybo1 eo5ry
Akıntan,eo6fo2ybo1teko3
Akipek,eo6fo2 eybu3k
Akip,ekybu3
Akiş,eo6fo2yso3
Akış,eo6fo2yso3
Akışık,eo6fo2yso3yfo2
Akkadın,eo6fo2fo2edybo1
Akkan,eo6fo2fo2ebo1
Akkar,eo6fo2fo2er
Akkaş,eo6fo2fo2eso3
Akkaya,eo6fo2fo2eye
Akkaya,eo6fo2 fo2ye
Akkaynak,eo6fo2fo2eybo1efo2
Akkemik,eo6fo2kmyk
Akkerman,eo6fo2krmebo1
Akkerman,eo6fo2 krmebo1
Akkılıç,eo6fo2fo2lyxu1
Akkın,eo6fo2fo2ybo1
Akkiraz,eo6fo2 kyrero1
Akkız,eo6fo2fo2yro1
Akkoç,eo6fo2fo2wxu3
Akköprülü,eo6fo2 kwbu3ryly
Akkor,eo6fo2fo2wr
Akkoyun,eo6fo2fo2wywbo1
Akkoyunlu,eo6fo2fo2wywbo1ly
Akköz,eo6fo2kwro1
Akkurt,eo6fo2fo2wrbo2
Akkuş,eo6fo2fo2wso3
Akkutlu,eo6fo2fo2wbo2lw
Akkuyaş,eo6fo2fo2wyeso3
Akkuyruk,eo6fo2||fo2wbu2rwfo2
Aklan,eo6fo2lebo1
Akmaç,eo6fo2mexu3
Akmanalp,eo6fo2mebo1 eo6lbu3
Akman,eo6fo2mebo1
Akmaner,eo6fo2mebo1 eo5r
Akmanlar,eo6fo2mebo1lr
Akmansü,eo6fo2mebo1sw
Akmaral,eo6fo2merel
Akmeriç,eo6fo2mryxu3
Akmumcu,eo6fo2mwmxu1y
Aknoz,eo6fo2bo1wro1
Aknur,eo6fo2bo1wr
Akol,eo6fo2wl
Akönder,eo6fo2 ewko3dr
Akören,eo6fo2 ewrbo1
Akosman,eo6fo2 abo3mebo1
Akova,eo6fo2wwh
Akozan,eo6fo2 ewro1ebo1
Aköz,eo6fo2 ewro1
Aköz,eo6fo2wro1
Akpay,eo6fo2bu3ey
Akpınar,eo6fo2bu3yko3er
Akpolat,eo6fo2bu3wled
Akpulat,eo6fo2bu3wled
Aksak,eo6fo2sefo2
Aksal,eo6fo2sel
Aksal,eo6fo2zel
Aksan,eo6fo2zebo1
Aksaray,eo6fo2srey
Aksaraylı,eo6fo2sreyly
Aksarı,eo6fo2zery
Aksay,eo6fo2zey
Akşehir,eo6fo2so3hr
Akseki,eo6fo2sky
Aksel,eo6fo2sl
Akşemsettinoğlu,eo6fo2 so3ms eldybo1 ewao1ly
Aksen,eo6fo2sbo1
Akşener,eo6fo2so3bo1r
Akser,eo6fo2sr
Akses,eo6fo2ss
Akseven,eo6fo2swbo1
Aksevil,eo6fo2swyl
Akşın,eo6fo2so3ybo1
Aksın,eo6fo2zybo1
Akşit,eo6fo2so3ybo2
Aksöğüt,eo6fo2swko7wbo2
Aksoley,eo6fo2zwly
Aksoy,eo6fo2zwy
Aksöyök,eo6fo2swywk
Aksöz,eo6fo2swro1
Aksu,eo6fo2zw
Aksülün,eo6fo2swlwbo1
Aksuna,eo6fo2zwbo1e
Aksunar,eo6fo2zwbo1er
Aksun,eo6fo2zwbo1
Aksuner,eo6fo2zwbo1r
Aksünger,eo6fo2swbo1ko7r
Aksungur,eo6fo2zwbo1ao1wr
Aksüt,eo6fo2swbo2
Aksüyek,eo6fo2swyk
Aktaç,eo6fo2bo2exu3
Aktalay,eo6fo2bo2eley
Aktan,eo6fo2bo2ebo1
Aktan,eo6fo2tebo1
Aktar,eo6fo2bo2er
Aktar,eo6fo2der
Aktar,eo6fo2ter
Aktaş,eo6fo2teso3
Aktay,eo6fo2bo2ey
Aktekin,eo6fo2bo2kybo1
Aktemür,eo6fo2bo2mwr
Aktı,eo6fo2dy
Aktı,eo6fo2ty
Aktimur,eo6fo2bo2ymwr
Aktin,eo6fo2bo2ybo1
Aktolga,eo6fo2twlao1h
Aktolun,eo6fo2twlwbo1
Aktuğ,eo6fo2bo2wao1
Aktulga,eo6fo2twlao1h
Aktuna,eo6fo2twbo1e
Aktuna,eo6fo2twbo1h
Aktunç,eo6fo2bo2wbo1xu3
Aktün,eo6fo2bo2wbo1
Aktürel,eo6fo2bo2wrl
Aktürk,eo6fo2bo2wrk
Akünal,eo6fo2 ewbo1el
Akün,eo6fo2wbo1
Aküzüm,eo6fo2wro1wm
Akvarol,eo6fo2werwl
Akyazı,eo6fo2yero1y
Akyel,eo6fo2yl
Akyiğit,eo6fo2yyko7ybo2
Akyıldız,eo6fo2yyldyro1
Akyipek,eo6fo2yybu3k
Akyol,eo6fo2ywl
Akyön,eo6fo2ywbo1
Akyürek,eo6fo2ywrk
Akyurt,eo6fo2ywrd
Akyüz,eo6fo2ywro1
Alaaddin,
Alaaddin,aleceldybo1
Ala,aly
Alabaş,eo6lebu1eso3
Alabay,eo6lebu1ey
Alabegim,eo6lebu1ko7ym
Alabegüm,eo6lebu1ko7wm
Alabezek,eo6lebu1ro1k
Alabora,eo6lebu1wre
Alaboyun,eo6lebu1wywbo1
Alaca,eo6lexu1e
Alacalı,eo6lexu1ely
Alaçam,eo6lexu3em
Alacan,eo6lexu1ebo1
Alaçuk,eo6lexu3wfo2
Aladağ,eo6ledeao1
Aladoğan,eo6letwao1ebo1
Ala,ealy
Ala,eo6le
Alageyik,eo6leko7yyk
Alagöz,eo6leko7wro1
Alagün,eo6leko7wbo1
Alahan,eo6lexo1ebo1
alak,alfo2
Alakant,eo6lefo2ebo1bo2
Alakız,eo6lefo2yro1
Alakoç,eo6lefo2wxu3
Alakurt,eo6lefo2wrbo2
Alakuş,eo6lefo2wso3
Alâmet,alembo2
Alanalp,eo6lebo1 eo6lbu3
Alanay,eo6lebo1eo6y
Alanbay,eo6lebo1bu1ey
Alan,eo6lebo1
Alaner,eo6lebo1r
Alangoya,eo6lebo1ao1wyh
Alangu,eo6lebo1ao1w
Alanur,eo6lebo1wr
Alanya,eo6lebo1yh
Alapınar,eo6lebu3yko3er
Alara,eo6lere
Alatan,eo6lebo2ebo1
Alataş,eo6leteso3
Alatay,eo6lebo2ey
Alat,eo6lebo2
Alaybey,eo6leybu1ko7
Alay,eo6ley
Alayunt,eo6leywbo1bo2
Alaz,eo6lero1
Albay,eo6lbu1ey
Albayrak,eo6lbu1eyrefo2
Albeni,eo6lbu1bo1y
Albora,eo6lbu1wre
Alburak,eo6lbu1refo2
Alcan,eo6lxu1ebo1
Alçelik,eo6lxu3lyk
Alçiçek,eo6lxu3yxu3k
Alçık,eo6lxu3yfo2
Alcılı,eo6lxu1yly
Alçin,eo6lxu3ybo1
Alçın,eo6lxu3ybo1
Alçınsu,eo6lxu3ybo1zw
Aldan,eo6ldebo1
Aldemir,eo6ldmyr
Aldeniz,eo6ldko3ro1
Aldoğan,eo6ltwao1ebo1
Alekseyev,eo6lksh yw
Alekseyev,eo6lksyw
Aleksiyev,eo6lksyyw
Alem,alm
Alemdar,almder
Alemdaroğlu,almderewao1ly
Alemşah,almso3eh
Al,eo6l
Alev,eo6lw
Alevli,eo6lwly
Alevnaz,eo6lwbo1ero1
aleyhimesselâm,alyhm elslem
aleyhimüsselâm,alyhm elslem
aleyhisselâm,alyh elslem
Algan,eo6lao1ebo1
Algın,eo6lao1ybo1
Algış,eo6lao1yso3
Algu,eo6lao1w
Algül,eo6lko7l
Algun,eo6lao1wbo1
Algün,eo6lko7wbo1
Algur,eo6lao1wr
Alhan,eo6lxo1ebo1
Alhas,eo6lxo1ez
Ali,aly
Alican,alyxu1ebo1
Alicanoğlu,alyxu1ebo1 ewao1ly
Alıcı,eo6lyxu1y
Alihan,alyxo1ebo1
Alika,alyfo2h
Alim,aelm
Alime,alymh
Alım,eo6lym
Alımlı,eo6lymly
Alınak,eo6lybo1efo2
Alıncak,eo6lybo1xu1efo2
Alipek,aly bu3k
Alır,eo6lyr
Alisa,eo6lysh
Alişah,alyso3eh
Aliş,alyso3
Alişan,alyso3ebo1
Alışan,eo6lyso3ebo1
Alise,eo6lysh
Alışık,eo6lyso3yfo2
Alışın,eo6lyso3ko3
Alişiroğlu,alyso3arewao1ly
Aliyar,alyyer
Aliye,aelyh
Alkan,eo6lfo2ebo1
Alkaş,eo6lfo2eso3
Alkılıç,eo6lfo2lyxu3
Alkım,eo6lfo2ym
Alkın,eo6lfo2ybo1
Alkin,eo6lkybo1
Alkış,eo6lfo2yso3
Alkoç,eo6lfo2wxu3
Alkor,eo6lfo2wr
Alköz,eo6lkwro1
Alkun,eo6lfo2wbo1
Allah,ellh
Allâh,ellh
allah,ello8o99h
Allahverdi,eo6llh wyrdy
Allı,eo6lly
Allıkız,eo6llyfo2yro1
Allıoğlu,eo6lly ewao1ly
Almabanu,eo6lmebu1ebo1w
Almagül,eo6lmeko7l
Almanya,eo6lmebo1bu2e
almanya,eo6lmebo1ye
Almila,eo6lmyle
Almıla,eo6lmyle
Almile,eo6lmylh
Almula,eo6lmwlh
Alnar,eo6lbo1er
Alnıaçık,eo6lbo1y eo6xu3yfo2
Alnıak,eo6lbo1y efo2
Aloğlu,eo6l ewao1ly
Alpağan,eo6lbu3eao1ebo1
Alpagu,eo6lbu3eao1w
Alpak,eo6lbu3efo2
Alpar,eo6lbu3er
Alparslan,eo6lbu3 eo6rslebo1
Alpartun,eo6lbu3 eo6rbo2wbo1
Alpaslan,eo6lbu3 eo6slebo1
Alpata,eo6lbu3 eo6bo2e
Alpat,eo6lbu3ebo2
Alpaya,eo6lbu3eyh
Alpaydın,eo6lbu3 eo6ydybo1
Alpay,eo6lbu3ey
Alpayer,eo6lbu3eyr
Alpbilge,eo6lbu3 bu1ylkh
Alpçetin,eo6lbu3xu3bo2ybo1
Alpdemir,eo6lbu3dmyr
Alpdoğan,eo6lbu3twao1ebo1
Alp,eo6lbu3
Alperen,eo6lbu3 eo5rbo1
Alperen,eo6lbu3rbo1
Alper,eo6lbu3r
Alpergin,eo6lbu3 eo5rkybo1
Alpermiş,eo6lbu3 eo5rmso3
Alpertunga,eo6lbu3 eo5rtwbo1ao1h
Alpgiray,eo6lbu3 ko7yrey
Alphan,eo6lbu3xo1ebo1
Alpiskender,eo6lbu3 eskbo1dr
Alpkanat,eo6lbu3fo2bo1ed
Alpkan,eo6lbu3fo2ebo1
Alpkartal,eo6lbu3fo2erbo2el
Alpkartal,eo6lbu3 fo2rbo2el
Alpkın,eo6lbu3fo2ybo1
Alpkülük,eo6lbu3kwlwk
Alpkutlu,eo6lbu3fo2wbo2lw
Alpman,eo6lbu3mebo1
Alpnur,eo6lbu3bo1wr
Alpoğan,eo6lbu3 ewao1ebo1
Alpsar,eo6lbu3zer
Alpsoy,eo6lbu3zwy
Alpsü,eo6lbu3sw
Alptekin,eo6lbu3bo2kybo1
Alptemoçin,eo6lbu3bo2mwxu3ybo1
Alptoğan,eo6lbu3twao1ebo1
Alptuğ,eo6lbu3bo2wao1
Alpyürek,eo6lbu3ywrk
Alpyürük,eo6lbu3ywrwk
Alsancak,eo6lsbo1xu1efo2
Alsan,eo6lsebo1
Alsevin,eo6lswybo1
Alsoy,eo6lzwy
Alsu,eo6lzw
Altabev,eo6lbo2ebu1w
Altaç,eo6lbo2exu3
Altan,eo6lbo2ebo1
Altaner,eo6lbo2ebo1r
Altaş,eo6lteso3
Altav,eo6lbo2ew
Altav,eo6ltwa
Altay,eo6lbo2ey
Altemür,eo6lbo2mwr
Alten,eo6lbo2bo1
Altıkulaç,eo6lbo2y fo2wlexu3
Altınalmaz,eo6lbo2wbo1 eo6lmero1
Altınay,eo6lbo2wbo1ey
Altınay,eo6lbo2ybo1 eo6y
Altınbaran,eo6lbo2wbo1 bu1erebo1
Altınbaşak,eo6lbo2ybo1bu1eso3efo2
Altınbaş,eo6lbo2wbo1bu1eso3
Altınbaş,eo6lbo2wbo1 bu1eso3
Altınbay,eo6lbo2wbo1 bu1ey
Altınbike,eo6lbo2ybo1bu1ykh
Altıncan,eo6lbo2wbo1xu1ebo1
Altınçiçek,eo6lbo2ybo1xu3yxu3k
Altındağ,eo6lbo2wbo1deao1
Altındal,eo6lbo2ybo1del
Altındoğan,eo6lbo2wbo1twao1ebo1
Altınel,eo6lbo2wbo1 eo5l
Altın,eo6lbo2wbo1
Altın,eo6lbo2ybo1
Altıner,eo6lbo2wbo1 eo5r
Altıngül,eo6lbo2ybo1ko7l
Altınhan,eo6lbo2wbo1 xo1ebo1
Altınhanım,eo6lbo2ybo1xo1ebo1m
Altınhatun,eo6lbo2ybo1xo1ebo2wbo1
Altınışık,eo6lbo2ybo1 eyso3yfo2
Altınışın,eo6lbo2ybo1 eyso3ybo1
Altıniz,eo6lbo2ybo1 eyro1
Altınkaya,eo6lbo2wbo1 fo2eye
Altınkaya,eo6lbo2wbo1fo2ye
Altınkaynak,eo6lbo2wbo1fo2eybo1efo2
Altınkılıç,eo6lbo2wbo1 fo2ylyxu3
Altınkız,eo6lbo2ybo1fo2yro1
Altınnur,eo6lbo2ybo1bo1wr
Altınoğlu,eo6lbo2wbo1 ewao1ly
Altınok,eo6lbo2wbo1 ewfo2
Altınöz,eo6lbo2wbo1 ewro1
Altınsaç,eo6lbo2ybo1zexu3
Altınsoy,eo6lbo2wbo1zwy
Altınsoy,eo6lbo2wbo1 zwy
Altıntaç,eo6lbo2ybo1bo2exu3
Altıntaş,eo6lbo2wbo1teso3
Altıntaş,eo6lbo2wbo1 teso3
Altıntaş,eo6lbo2wbo1tso3
Altıntop,eo6lbo2wbo1twbu3
Altıntop,eo6lbo2wbo1 twbu3
Altıntuğ,eo6lbo2wbo1 twao1
Altıok,eo6lbo2y ewfo2
Altmışyedioğlu,eo6lbo2myso3 ydy ewao1ly
Altoğan,eo6ltwao1ebo1
Altop,eo6ltwbu3
Altuğ,eo6lbo2wao1
Altuğ,eo6ltwao1
Altuna,eo6ltwbo1h
Altunay,eo6lbo2wbo1 eo6y
Altunbaş,eo6lbo2wbo1 bu1eso3
Altunçağ,eo6lbo2wbo1 xu3eao1
Altuncan,eo6lbo2wbo1xu1ebo1
Altunç,eo6ltwbo1xu3
Altun,eo6lbo2wbo1
Altun,eo6lbo2ybo1
Altuner,eo6lbo2wbo1 eo5r
Altunhan,eo6lbo2wbo1 xo1ebo1
Altunkaya,eo6lbo2wbo1fo2ye
Altuntaş,eo6lbo2wbo1 teso3
Alucra,eo6lwxu1rh
Alver,eo6lwr
Alyipek,eo6lyybu3k
Alyot,eo6lywbo2
Amaç,eo6mexu1
Amaç,eo6mexu3
Amanullah,emebo1 ellh
Amasya,eo6mesbu2h
Amasyalı,eo6mesyh
Amber,abo1bu1r
amerika,eo6mryfo2e
Amerika,eo6mryfo2e
Amerikan,eo6mryfo2ebo1
Amiklioğlu,amyfo2ly ewao1ly
Amil,aeml
Amile,aemlh
Amil,eo6ml
Amine,eo6mybo1h
Amir,aemr
Amiran,eo6myrebo1
Amire,aemrh
Amire,eo6mrh
Amir,eo6myr
Amre,amrh
Anabacı,eo6bo1h bu1exu1y
Anabörü,eo6bo1h bu1wrw
Anadol,eo6bo1etwl
anadolu,eo6bo1etwly
Anadolu,eo6bo1etwly
Anahanım,
Anahanım,eo6bo1h fo2edybo1
Anahanım,eo6bo1h xo1ebo1m
Anakız,eo6bo1h fo2yro1
Anamur,eo6bo1emwr
Anar,eo6bo1er
Anar,eo6ko3er
Anargül,eo6bo1erko7l
Anargül,eo6ko3erko7l
Anber,abo1bu1r
Ançıbay,eo6bo1xu3ybu1ey
Ancı,eo6bo1xu1y
Andaç,eo6ko3dexu3
Andak,eo6bo1defo2
Andelip,abo1dlybu1
Andican,eo6bo1dyxu1ebo1
Andiç,eo6bo1dyxu3
Andıç,eo6bo1dyxu3
Andırın,eo6bo1dyrybo1
Angı,eo6bo1ao1y
Angıl,eo6bo1ao1yl
Angın,eo6bo1ao1ybo1
Angış,eo6bo1ao1yso3
Angıt,eo6bo1ao1ybo2
Angıt,eo6bo1ao1yt
anh,abo1h
Anı,eo6bo1y
Anık,eo6bo1yfo2
Anıl,eo6ko3yl
Anılmış,eo6ko3ylmso3
Anıt,eo6bo1ybo2
Anıt,eo6ko3bo2
Anka,abo1fo2e
ankara,eo6bo1fo2rh||
Ankara,eo6bo1fo2rh
Anlı,eo6ko3ly
Annak,eo6bo1bo1efo2
Annak,eo6bo1bo1ek
antalya,eo6bo1telyh||
Antalya,eo6bo1telyh
Ant,eo6bo1d
Apa,eo6bu3e
Apak,eo6bu3efo2
Apakhan,eo6bu3efo2xo1ebo1
Apaydın,eo6bu3eydybo1
Arabacı,eo6rebu1h xu1y
Arab,arbu1
arabistan,arbu1sbo2ebo1
Arabistan,arbu1sbo2ebo1
Araç,eo6rexu1
Aracı,eo6rexu1y
arafat,arfo1ebo2
Arafat,arfo1ebo2
Aral,eo6rel
Aralık,eo6relfo2
Aran,eo6rebo1
Arapsun,arbu3swbo1
Arar,eo6rer
Aras,ars
Aras,eares
Aras,eo6res
Araslı,arsly
Arat,arebo2
Arat,eo6rebo2
Araz,earezo1
Araz,eo6rero1
Arbaş,eo6rbu1eso3
Arbay,eo6rbu1ey
Arbek,eo6rbu1k
Arca,eo6rxu1e
Arcan,eo6rxu1ebo1
Arda,eo6rde
Arda,eo6rdh
Arda,eo6rzo1h
Ardahan,eo6rdehel
Ardahan,eo6rdexo1ebo1
Ardakut,eo6rdefo2wbo2
Ardemir,eo6rdmyr
Ardıç,eo6rdyxu3
Ardıçoğlu,eo6rdyxu1 ewao1ly
Ardıl,eo6rdyl
Arefe,arfo1h
Arel,eo6rl
Aren,eo6rbo1
Arer,eo6reo5r
Arer,eo6rr
Argana,eo6rao1h bo1h
Argeşo,eo6rko7so3w
Argın,eo6rao1ybo1
Arguç,eo6rao1wxu3
Argüden,eo6rko7wdbo1
Argüder,eo6rko7wdr
Argu,eo6rao1w
Argun,eo6rao1wbo1
Argün,eo6rko7wbo1
Arhan,eo6rxo1ebo1
Arıbal,eo6ry bu1el
Arıbaş,eo6rybu1eso3
Arıbaş,eo6ry bu1eso3
Arıboğa,eo6ry bu1wao1h
Arıburun,eo6rybu1wrwbo1
Arıca,eo6ryxu1e
Arıca,eo6ryxu1h
Arıcan,eo6ryxu1ebo1
Arıç,aryxu3
Arıç,eo6ryxu3
Arıcı,eo6ryxu1y
Arıel,eo6ry eo5l
Ari,eo6ry
Arı,eo6ry
Arıer,eo6ry eo5r
Arif,aerfo1
Arifağaoğlu,aerfo1 eo6ao1e ewao1ly
Arife,arko7h
Arığ,eo6ryao1
Arıhan,eo6ry xo1ebo1
Arıkal,eo6rykel
Arıkan,eo6ryfo2ebo1
Arıkboğa,eo6ryfo2bu1wao1h
Arık,eo6ryfo2
Arik,eo6ryk
Arıker,eo6ryfo2 eo5r
Arıkhan,eo6ryfo2xo1ebo1
Arıkiz,eo6rykyro1
Arıklı,eo6ryfo2ly
Arıkoğlu,eo6ryfo2 ewao1ly
Arıkol,eo6ryfo2wl
Arıkut,eo6ryfo2wbo2
Arıl,eo6ryl
Arıman,eo6rymebo1
Arınç,eo6rybo1xu3
Arın,eo6rybo1
Arınık,eo6rybo1yfo2
Arıpınar,eo6rybu3yko3er
Arısal,eo6rysel
Arısan,eo6ry sebo1
Arış,eo6ryso3
Arısoy,eo6ryzwy
Arısu,eo6ryzw
Arıtan,eo6rybo2ebo1
Arıtaş,eo6ryteso3
Aritman,eo6rybo2mebo1
Arıyüz,eo6ryywro1
Arjantin,eo6rro3ebo1bo2ybo1
Arkadaş,eo6rfo2edeso3
Arkan,arfo2ebo1
Arkan,eo6rfo2ebo1
Arkant,eo6rfo2ebo1bo2
Arkay,eo6rfo2ey
Arkayın,eo6rfo2eybo1
Arkın,eo6rfo2ybo1
Arkış,eo6rfo2yso3
Arkoç,eo6rfo2wxu3
Arkun,eo6rfo2wbo1
Arkut,eo6rfo2wbo2
Arlan,eo6rlebo1
Armağan,eo6rmao1ebo1
Armanç,eo6rmebo1xu3
Arman,eo6rmebo1
Armaner,eo6rmebo1 eo5r
Arna,eo6rbo1e
Arnavutluk,eo6rbo1ewwdlfo2
Arol,eo6rwl
Arpaçay,eo6rbu3exu3ey
Arpacı,eo6rbu3exu1y
Arpacıoğlu,eo6rbu3exu1y ewao1ly
Arpad,eo6rbu3ed
Arpağ,eo6rbu3eao1
Arpak,eo6rbu3efo2
Arpınar,eo6rbu3yko3er
Arsal,eo6rsel
Arsan,eo6rsebo1
arş,arso3
Arsel,eo6rsl
Arseven,eo6rswbo1
Arşimed,eo6rso3ymd
Arslan,eo6rslebo1
Arslaner,eo6rslebo1r
Arslantürk,eo6rslebo1 bo2wrk
Arsoy,eo6rzwy
Artaç,eo6rbo2exu1
Artam,eo6rbo2em
Artan,eo6rbo2ebo1
Artel,eo6rbo2l
Artıkı,eo6rbo2yfo2y
Artova,eo6rbo2wwe
Artuç,eo6rbo2wxu3
Artuk,eo6rbo2wfo2
Artunç,eo6rtwbo1xu3
Artun,eo6rbo2wbo1
Artunkal,eo6rbo2wbo1fo2el
Artut,eo6rbo2wbo2
Artvin,eo6rbo2wybo1
Artvinli,eo6rbo2wybo1ly
Aru,eo6rw
Arukan,eo6rwfo2ebo1
Arukız,eo6rwfo2yro1
Arvas,eo6rwes
Arvasi,eo6rwesy
Aryüz,eo6rywro1
arz,eo5rzo1
Arzık,eo6rro1yfo2
Arziye,erzo1y yh
Arzu,arzo1w
Arzu,eo6rro1w
Arzugül,arzo1wko7l
Arzugül,eo6rro1wko7l
Arzuhan,eo6rro1wxo1ebo1
Arzum,eo6rro1wm
Aşa,eo6so3h
Asaf,eo6zfo1
Asal,asel
Asalbegim,eo6selbu1ko7ym
Asalbegüm,eo6selbu1ko7wm
Asal,eo6sel
Asalet,ezelbo2
Asan,eo6sebo1
Aşan,eo6so3ebo1
Asan,eo6zebo1
Asbuzoğlu,azbu1ro1 ewao1ly
Aşçıoğlu,eo6so3xu1y ewao1ly
Aşcır,eo6so3xu1yr
Asena,eo6sh bo1h
Asfer,eo6sfo1r
Asıf,asyfo1
Aşık,aeso3fo2
Aşık,aso3fo2
Asil,asyl
Asılbanu,ezlbu1ebo1w
Asile,asylh
Asile,ezylh
Asil,ezyl
Asılgül,ezl ko7l
Asiltürk,ezylbo2wrk
Asıma,aezmh
Asım,aezm
Asime,eo6symh
Asimegül,eo6symh
Aşina,eo6so3bo1e
Aşir,eo6so3yr
Aşır,eo6so3yr
Aşırım,eo6so3yrym
Asiye,eo6syh
Aşkan,eo6so3fo2ebo1
Aşkar,eso3fo2r
Aşkım,aso3fo2m
Aşkın,aso3fo2ybo1
Aşkınay,eo6so3fo2ybo1ey
Aşkın,eo6so3fo2ybo1
Aşkıner,eo6so3fo2bo1 eo5r
Aslan,eo6slebo1
Aslaner,eo6slebo1 eo5r
Aslanhan,eo6slebo1xo1ebo1
Aslanlı,eo6slebo1ly
Aslanoğlu,eo6slebo1 ewao1ly
Aslıbey,eo6zly bu1ko7
Aslı,eo6zly
Aslıgül,eo6zly ko7l
Aslıhan,eo6zlyxo1ebo1
Aşlık,eo6so3lfo2
Aslım,eo6zlm
Aslınur,eo6zly bo1wr
Asliye,eo6zlyh
Asma,eo6zme
Asri,azry
Asude,eo6swdh
Asu,eo6sw
Asuman,eo6smebo1
Asutay,eo6swbo2ey
Asya,eo6sbu2e
asya,eo6sye
Asya,eo6sye
Asya,eo6syh
Asye,eo6syh
Ataan,eo6bo2eebo1
Ata,ate
Atabay,eo6bo2ebu1ey
Atabek,eo6bo2ebu1k
Atabek,eo6bo2ebu1ko7
Atabey,eo6bo2ebu1ko7
Atabeyli,eo6bo2ebu1ko7ly
Atabinen,eo6bo2e bu1ybo1bo1
Atabörü,eo6bo2ebu1wrw
Atacan,eo6bo2h xu1ebo1
Ataç,eo6bo2exu3
Atadan,eo6bo2e debo1
Atademir,eo6bo2edmyr
Ata,eo6bo2e
Ataergin,eo6bo2h eo5rko7ybo1
Atagül,eo6bo2eko7l
Atagün,eo6bo2eko7wbo1
Atahan,eo6bo2exo1ebo1
Ataışık,eo6bo2e eyso3yfo2
Atakan,eo6bo2efo2ebo1
Atak,eo6bo2efo2
Ataker,eo6bo2efo2 eo5r
Atakul,eo6bo2efo2wl
Atakurt,eo6bo2efo2wrbo2
Atakut,eo6bo2efo2wbo2
Atalan,eo6bo2elebo1
Atalar,eo6bo2elr
Atalay,eo6bo2eley
Atalmış,eo6bo2elmyso3
Ataman,eo6bo2emebo1
Atambay,eo6bo2embu1ey
Atamer,eo6bo2emr
Atamtürk,eo6bo2embo2wrk
Atanç,eo6bo2ebo1xu3
Atan,eo6bo2ebo1
Ataner,eo6bo2ebo1r
Atanur,eo6bo2ebo1wr
Ataoğlu,eo6bo2e ewao1ly
Ataol,eo6bo2e ewl
Ataöv,eo6bo2eeww
Ataöv,eo6bo2e eww
Atasagun,eo6bo2eseao1wbo1
Atasan,eo6bo2esebo1
Ataş,atso3
Atasayan,eo6bo2ezeyebo1
Atasay,eo6bo2esey
Ataseven,eo6bo2eswbo1
Atasev,eo6bo2esw
Atasever,eo6bo2eswr
Atasevin,eo6bo2eswybo1
Atasoy,eo6bo2ezwy
Atasü,eo6bo2esw
Atatöre,eo6bo2ebo2wrh
Atatuğ,eo6bo2ebo2wao1
Atatüre,eo6bo2ebo2rh
Atatürk,eo6bo2ebo2wrk
Ataullah,eatecellh
Ataün,eo6bo2eewko3
Atay,eo6bo2ey
Ateşalp,ebo2so3 eo6lbu3
Ateş,ebo2so3
Ateş,eo6bo2so3
Ateşoğlu,ebo2so3 ewao1ly
Ateşoğulları,ebo2so3 ewao1wllry
Atfi,aetfo1y
Atgun,eo6bo2ao1wbo1
Atıcı,eo6bo2yxu1y
Atıfa,aetfo1h
Atıf,aetfo1
Atıfe,aetfo1h
Atığ,eo6bo2yao1
Atik,abo2yfo2
Atila,eo6bo2yle
Atila,eo6bo2ylh
Atıl,aetl
Atılay,eo6tyley
Atılgan,eo6bo2ylao1ebo1
Atılgan,eo6tylao1ebo1
Atilla,eo6bo2ylle
Atime,etamh
Atina,ebo2bu2bo1e
Atiye,eo6bo2yh
Atlan,eo6bo2lebo1
Atlas,etles
Atlı,eo6bo2ly
Atlığ,eo6bo2lyao1
Atlıhan,eo6bo2lyxo1ebo1
Atlıoğlu,eo6bo2ly ewao1ly
Atmaca,eo6bo2mexu1h
Atom,eo6bo2wm
Attila,eo6bo2bo2yle
Attila,eo6bo2yle
Attilâ,eo6bo2yle
Atuf,atwfo1
Avanos,eo6webo1ws
Avar,awer
Avar,eo6wer
Avcı,eo6wxu1y
Avgın,eo6wao1ybo1
Avhan,eo6wxo1ebo1
Avkan,eo6wfo2ebo1
Avni,awbo1y
Avniye,awbo1yh
avrupa,eo6wrwbu3e
Avrupa,eo6wrwbu3e
Avşar,eo6wso3er
Avşargil,eo6wso3erko7yl
Avunç,eo6wwbo1xu3
Avundukluoğlu,eo6wwbo1dfo2ly ewao1ly
Avustralya,eo6wsbo2relye
Avusturya,eo6wsbo2rye
Ayaba,eo6yebu1e
Ayaça,eo6yexu3e
Aya,eo6ye
Ayalan,eo6yelebo1
Ayal,eo6yel
Ayalp,eo6yelbu3
Ayalp,eo6y eo6lbu3
Ayaltın,eo6yelbo2wbo1
Ayana,eo6yebo1h
Ayanç,eo6yebo1xu3
Ayancık,ayebo1xu1fo2
Ayan,eo6yebo1
Ayanfer,eo6yebo1fo1r
Ayanoğlu,eo6yebo1 ewao1ly
Ayar,ayer
Ayaşan,eo6yeso3ebo1
Ayas,eo6yes
Ayaş,eo6yeso3
Ayaşlı,eo6yeso3ly
ayasofya,eo6yezwfo1ye
ayastafanos,eo6yesbo2fo1ebo1ws
Ayasun,eo6yezwbo1
Ayataç,eo6yebo2exu3
Ayata,eo6yebo2e
Ayata,eo6yebo2h
Ayaydın,eo6yeo6ydybo1
Ayaydın,eo6yeydybo1
Ayaz,eo6yero1
Aybala,eo6ybu1ele
Aybanu,eo6ybu1ebo1w
Aybar,eo6ybu1er
Aybars,eo6ybu1ers
Aybaş,eo6ybu1eso3
Aybay,eo6ybu1ey
Aybegim,eo6ybu1ko7ym
Aybegüm,eo6ybu1ko7wm
Aybek,eo6ybu1ko7
Ayben,eo6ybu1bo1
Aybeniz,eo6ybu1ko3yro1
Ayberk,eo6ybu1rfo2
Aybet,eo6ybu1bo2
Aybey,eo6ybu1ko7
Aybige,eo6ybu1yko7h
Aybike,eo6ybu1ykh
Aybir,eo6ybu1r
Aybirgen,eo6ybu1rko7bo1
Ayboğa,eo6ybu1wao1h
Aybora,eo6ybu1wre
Aybüge,eo6ybu1wko7h
Aybüke,eo6ybu1wkh
Ayca,eo6yxu1e
Ayça,eo6yxu3e
Ayçağ,eo6yxu3eao1
Aycagül,eo6yxu1eko7l
Aycahan,eo6yxu1exo1ebo1
Aycan,eo6yxu1ebo1
Aycennet,eo6yxu1bo1bo2
Ayceren,eo6yxu1rbo1
Ayçetin,eo6yxu3bo2ybo1
Ayçiçek,eo6yxu3yxu3k
Aycihan,eo6yxu1hebo1
Aycıl,eo6yxu1yl
Ayçil,eo6yxu3yl
Ayçıl,eo6yxu3yl
Ayçolpan,eo6yxu3wlbu3ebo1
Ayçulpan,eo6yxu3wlbu3ebo1
Ayda,eo6yde
Aydagül,eo6ydeko7l
Aydanarı,eo6ydebo1ery
Aydan,eo6ydebo1
Aydanur,eo6ydebo1wr
Aydar,eo6yder
Aydemir,eo6ydmyr
Aydeniz,eo6ydko3bu2ro1
Aydenk,eo6ydbo1k
Aydilek,eo6ydylk
Aydil,eo6ydl
Aydınalp,eo6ydybo1 eo5lbu3
Aydınay,eo6ydybo1 eo6y
Aydınbaş,eo6ydybo1bu1eso3
Aydınbay,eo6ydybo1bu1ey
Aydınbey,eo6ydybo1bu1ko7
Aydinç,eo6ydybo1xu3
Aydınçer,eo6ydybo1xu3r
Aydındağ,eo6ydybo1deao1
Aydındağ,eo6ydybo1teao1
Aydınel,eo6ydybo1 el
aydın,eo6ydybo1
Aydın,eo6ydybo1
Aydıner,eo6ydybo1 eo5r
Aydıner,eo6ydybo1 er
Aydınlar,eo6ydybo1lr
Aydınlı,eo6ydybo1ly
Aydınlık,eo6ydybo1lfo2
Aydınlıoğlu,eo6ydybo1ly ewao1ly
Aydınol,eo6ydybo1 ewl
Aydıntan,eo6ydybo1bo2ebo1
Aydıntuğ,eo6ydybo1bo2wao1
Aydınyol,eo6ydybo1 ywl
Aydoğan,eo6ytwao1ebo1
Aydoğan,eo6y twao1ebo1
Aydoğdu,eo6ytwao1dy
Aydoğmuş,eo6ytwao1mso3
Aydolu,eo6ytwlw
Aydolun,eo6ydwlwbo1
Aydonat,eo6ydwbo1ebo2
Ayduru,eo6ytwrw
Ay,eo4y
ay,eo6y
Ay,eo6y
Ayerdem,eo6y erdm
Ayet,eo6ybo2
Ayetullah,eo6yho2ellh
Ayfer,eo6yfo1r
Ayferi,eo6yfo1ry
Ayferim,eo6yfo1rym
Aygen,eo6yko7bo1
Aygerim,eo6yko7rym
Aygök,eo6yko7wk
Aygöl,eo6yko7wl
Aygönenç,eo6yko7wbo1bo1xu3
Aygönül,eo6yko7wko3l
Aygül,eo6yko7wl
Aygüler,eo6yko7wlr
Aygülhan,eo6yko7wlxo1ebo1
Aygümüş,eo6yko7wmwso3
Aygün,eo6yko7wbo1
Aygüner,eo6yko7wbo1r
Aygünkız,eo6yko7wbo1fo2yro1
Aygür,eo6yko7wr
Aygutalp,eo6yao1wbo2 eo6lbu3
Aygut,eo6yao1wbo2
Aygüzel,eo6yko7wro1l
Ayhan,eo6yxo1ebo1
Ayhanım,eo6yxo1ebo1m
Ayhatun,eo6yxo1ebo2wbo1
Ayhen,eo6yhbo1
Ayik,eo6yk
Ayık,eo6yyfo2
Ayilkin,eo6yylkybo1
Ayımbet,eo6yymbu1bo2
Ayım,eo6yym
Ayımşa,eo6yymso3e
Ayışığı,eo6y eyso3yao1y
Ayışını,eo6y eyso3ybo1y
Aykaç,eo6yfo2exu3
Aykal,eo6yfo2el
Aykan,eo6yfo2ebo1
Aykar,eo6yfo2er
Aykaş,eo6yfo2eso3
Aykatun,eo6yfo2ebo2wbo1
Aykın,eo6yfo2ybo1
Aykız,eo6yfo2yro1
Aykönül,eo6ykwko3l
Aykul,eo6yfo2wl
Aykün,eo6ykwbo1
Aykurt,eo6yfo2wrbo2
Aykutalp,eo6yfo2wbo2 eo6lbu3
Aykut,eo6yfo2wbo2
Aykutlu,eo6yfo2wbo2lw
Ayla,eo6yle
Aylan,eo6ylebo1
Aylanur,eo6ylebo1wr
Aylin,eo6ylybo1
Ayman,eo6ymebo1
Aymaral,eo6ymerel
Aymelek,eo6ymlk
Aymete,eo6ymbo2h
Aymutlu,eo6ymwbo2lw
Ayna,eo6ybo1h
Aynagül,eo6ybo1h ko7l
ayn,"aybo1 "
Ayni,aybo1y
Ayni,eo6ybo1y
Aynıfer,aybo1yfo1r
Aynımah,aybo1ymeh
Aynisa,eo6ybo1yse
Aynişah,aybo1yso3eh
Ayniye,eo6ybo1yh
Aynur,eo6ybo1wr
Aypare,eo6ybu3erh
Aypar,eo6ybu3er
Aypars,eo6ybu3ers
Ayperi,eo6ybu3ry
Aypınar,eo6ybu3yko3er
Aypolat,eo6ybu3wled
Ayral,eo6yrel
Ayrancı,eo6yrebo1xu1y
Ayrıl,eo6yryl
Ayrım,eo6yrym
Aysal,eo6ysel
Aysal,eo6yzel
Aysan,eo6ysebo1
Ayşan,eo6yso3ebo1
Ayşe,aebo5so3h
Ayşecan,aebo5so3h xu1ebo1
Ayşedudu,aebo5so3h dwdw
Ayşegül,aebo5so3h ko7l
Ayşehan,aebo5so3h xo1ebo1
Ayselen,eo6yslbo1
Aysel,eo6ysl
Aysema,eo6ysme
Aysen,eo6ysbo1
Ayşen,eo6yso3bo1
Ayşenur,aebo5so3h bo1wr
Aysere,eo6ysrh
Ayseren,eo6ysrbo1
Ayser,eo6ysr
Ayseven,eo6yswbo1
Aysev,eo6ysw
Aysever,eo6yswr
Aysevil,eo6yswyl
Aysevim,eo6yswym
Aysevin,eo6yswybo1
Ayşıl,eo6yso3yl
Aysılu,eo6yzylw
Aysima,eo6ysyme
Ayşim,eo6yso3ym
Aysim,eo6ysym
Aysine,eo6ysybo1h
Ayşin,eo6yso3ybo1
Ayşın,eo6yso3ybo1
Aysın,eo6yzybo1
Ayşirin,eo6yso3yrybo1
Ayşöhret,eo6yso3hrbo2
Aysoy,eo6yzwy
Aysuda,eo6yzwdh
Aysu,eo6yzw
Aysü,eo6yzw
Aysultan,eo6ysltebo1
Aysuna,eo6yzwbo1e
Aysunar,eo6yzwbo1er
Aysunay,eo6yzwbo1ey
Aysun,eo6yswbo1
Aysun,eo6yzwbo1
Aysungur,eo6yzwbo1ao1wr
Aytaç,eo6ybo2exu3
Aytaman,eo6ybo2emebo1
Aytan,eo6ybo2ebo1
Aytar,eo6ybo2er
Aytaş,eo6ydeso3
Aytaş,eo6yteso3
Aytek,eo6ybo2k
Aytekin,eo6ybo2kybo1
Aytemiz,eo6ybo2myro1
Aytemur,eo6ybo2mwr
Ayten,eo6ybo2bo1
Ayterim,eo6ybo2rym
Aytigin,eo6ybo2yko7ybo1
Aytimur,eo6ybo2ymwr
Aytirim,eo6ybo2yrym
Aytış,eo6ybo2yso3
Aytok,eo6ytwfo2
Aytolun,eo6ytwlwbo1
Aytop,eo6ytwbu3
Aytöre,eo6ybo2wrh
Aytöz,eo6ybo2wro1
Aytuğ,eo6ybo2wao1
Aytül,eo6ybo2wl
Aytuna,eo6ybo2wbo1h
Aytuna,eo6ytwbo1e
Aytunca,eo6ybo2wbo1xu1h
Aytunç,eo6ybo2wbo1xu3
Aytün,eo6ybo2wbo1
Aytunga,eo6ytwbo1ao1h
Aytürk,eo6ybo2wrk
Aytutkun,eo6ytwbo2ao1wbo1
Ayulduz,eo6ywlwro1
Ayülger,eo6ywlko7r
Ayülker,eo6ywlkr
Ayün,aywbo1
Ayvacık,eo6ywexu1fo2
Ayva,eo6ywh
Ayvalık,eo6ywelfo2
Ayvaz,eo6ywero1
Ayverdi,eo6ywyrdy
Ayver,eo6y wyr
Ayyalap,eo6yyelebu3
Ayyalın,eo6yyelybo1
Ayyarkın,eo6yyerfo2ybo1
Ayyaruk,eo6yyerwfo2
Ayyıldız,eo6y yyldyro1
Ayyuca,eo6yywxu1h
Ayyüce,eo6yywxu1h
Ayyüz,eo6yywro1
Ayzıt,eo6yzo1yd
Ayzühre,eo6y ro1hrh
Azade,eo6ro1edh
Azadi,eo6ro1edy
Azak,eo6ro1efo2
Azam,eato1m
Azamet,ato1embo2
Azamettin,aro1em eldybo1
Azamettin,ato1em eldybo1
Azam,ezo1m
Azat,eo6ro1ed
Azelya,eo6ro1lye
Azer,eo6do1r
Azer,eo6ro1r
Azim,ato1ym
Azime,ato1ymh
azîmüşşan,ato1ym elso3ebo1
Azizağaoğlu,aro1yro1 eo6ao1e ewao1ly
Aziz,aro1yro1
Azize,aro1yro1h
Aziziye,aro1yro1yh
Azizoğlu,aro1yro1ewao1ly
Azmi,aro1my
Azmidil,aro1mydl
Azmioğlu,aro1my ewao1ly
Azmun,eo6ro1mwbo1
Aznavur,eo6ro1bo1ewwr
Azra,ado1re
Azrak,eo6ro1refo2
Azze,aro1
Âdem,eo6dm
âdetullah,aedbo2 ello8o99h
Âlem,aelm
Âlemşah,aelmso3eh
Âlemtap,aelmbo2ebu1
Âsan,eo6sebo1
Âsan,eo6zebo1
Âşık,aeso3fo2
âsım,aezm
Âsiye,eo6syh
âtıf,aetfo1
Âtik,abo2yfo2
Âtike,abo2yfo2h
Âtiye,eo6bo2yh
Âzim,aero1m
Âzime,aeto1ymh
