Ebecen,ebu1h xu1bo1
Ebed,ebu1d
Ebet,ebu1d
Ebrak,ebu1refo2
Ebrişimoğlu,ebu1rso3ym ewao1ly
Ebru,ebu1rw
Ebubekir,ebu1w bu1kr
Ebüzziya,ebu1w elzo1ye
Ebuzziya,eo5bu1w elzo1yec
Eceabat,eo5xu1h||eo6bu1ed
Ecebay,exu1h bu1ey
Ecebey,exu1h bu1ko7
Ece,exu1h
Ecegül,exu1h ko7l
Ecehan,exu1h xo1ebo1
Ecekan,exu1h fo2ebo1
Ecemiş,exu1h myso3
Ecenur,exu1h bo1wr
Ecer,eo5xu1r
Ecer,exu1r
Ecevit,exu1wybo2
Ecevit,exu1wyd
Ecir,exu1r
Ecmel,exu1ml
Ecvet,exu1wbo2
Edadil,ededl
Eda,ede
Edagül,edeko7l
Ede,edh
Edes,eo5ds
Edgüalp,edko7weo6lbu3
Edgübay,edko7wbu1ey
Edgü,edko7w
Edgüer,edko7weo5r
Edgüer,edko7w eo5r
Edgükan,edko7wfo2ebo1
Edhem,edhm
Edibali,edh bu1ely
Edibali,edybu1 aly
Edibe,edybu1h
Ediboğlu,edybu1 ewao1ly
Edip,edybu1
Edirne,edrbo1h
Edis,edyro1
Ediz,edyro1
Edremit,edrmyd
Efdal,efo1del
Efe,efo1h
Efekan,efo1h fo2ebo1
Efendi,efo1bo1dy
Efendi,eo5fo1bo1dy
Efeoğlu,efo1h ewao1ly
Efgan,efo1ao1ebo1
Efgende,efo1ko7bo1dh
Efgen,efo1ko7bo1
Efkâr,efo1ker
Eflâk,efo1lefo2
Eflâtun,efo1letwbo1
Eflatun,eo5fo1letwbo1
Efnan,efo1bo1ebo1
Efrasiyap,efo1resyebu1
Efruz,efo1rwro1
Efser,efo1sr
Efsun,efo1swbo1
Efza,efo1ro1e
Ege,eko7h
Eğel,eo5ko7l
Egemen,eko7h mbo1
Egenur,eko7h bo1wr
Egesel,eko7h sl
Eğilli,eko7ylly
Eğilmez,eko7ylmro1
Eğrek,eko7rk
Eğrigöz,eo5ko7ry||kwro1
Ehad,eo5xd
Ehed,exd
Ehil,ehl
Ehlimen,ehlmbo1
Ehrimen,ehrbu2mbo1
Ejder,ero3dr
Ejderhan,ero3drxo1ebo1
Ekber,ekbu1r
Eke,ekh
Ekemen,ekh mbo1
Eken,ekbo1
Ekenel,ekbo1l
Eken,eo5kbo1
Ekener,ekbo1r
Eker,eo5kr
Ekici,eo5kyxu1y
Ekim,ekym
Ekinci,ekybo1xu1y
Ekin,ekybo1
Ekiner,ekybo1r
Ekmel,ekml
Ekmen,ekmbo1
Ekmen,ekmh ko3
Ekrem,ekrm
Ekren,eo5krbo1
Ekşi,eo5kso3y
Elâ,ele
el-alak,elalfo2
Elaldı,el eo6ldy
Elânur,elebo1wr
Elâziz,elaro1yro1
Elbek,elbu1k
Elbeyi,elbu1ko7y
Elbirle,elbu1yrlh
Elbirlik,elbu1rlk
Elbistan,elbu1sbo2ebo1
Elçibey,elxu3y bu1ko7
Elçi,elxu3y
Elçi,eylxu3y
Elçim,elxu3ym
Elçin,elxu3ybo1
Eldem,eldm
Eldem,eo5ldh m
Eldemir,eldmyr
Eldeniz,eo5ldko3ro1
Elekdağ,eo5lkdeao1
Eler,eo5lr
Eleşkirt,elso3krd
Elfaz,elfo1eto1
Elgin,elko7ybo1
Elgün,elko7wbo1
Elhan,elxebo1
Eliaçık,ely exu3fo2
Elibol,elybu1wl
Elidemir,elydmyr
Elife,elfo1h
Elif,elfo1
Elik,elyk
Elitaş,ely teso3
Elitaş,elytso3
Elitez,elybo2ro1
Elitez,elybo2yro1
Eliüstün,ely ewsbo2wbo1
Eliuz,ely ewro1
Elkatmış,eo5l fo2ebo2mso3
Elli,elly
Elmalı,elmely
Elmalılı,eo5lmelyly
Elmas,elmes
Elöve,el ewwh
Elöver,el ewwr
Elvan,elwebo1
Elveda,elwdea
Elverdi,elwrdy
Elverdi,elwyrdy
Elverdi,eo5l wrdy
Elver,elwr
Elver,elwyr
Elveren,elwrbo1
Elveren,elwyrbo1
Emanet,emebo1bo2
Emanullah,emebo1ellh
Embiya,ebo1bu1yh
Emcet,emxu1d
Emeç,emxu3
Emeç,eo5mxu3
Emed,eo5md
Emek,emk
Emek,eo5mk
Emekli,eo5mkly
Emel,eo5ml
Emet,embo2
Emetullah,eo5mdellh
Eminağaoğlu,eo5mybo1 eo6ao1e ewao1ly
Emine,eo5mybo1h
Eminel,emybo1 eo5l
Emin,emybo1
Emin,eo5mybo1
emirdağ,eo5myrteao1
Emir,emyr
Emir,eo5mr
Emirhan,emyrxo1ebo1
Emirmahmutoğlu,eo5mrmxmwdewao1ly
Emiroğlu,eo5mrewao1ly
Emirşah,emyrso3eh
Emmioğlu,amy ewao1ly
Emoş,eo5mwso3
Emrah,emrex
Emran,emrebo1
Emre,emrh
Emrem,eo5mrh m
Emri,emry
Emriye,eo5mryh
Emrullah,emrellh
Emsal,embo3el
Enbiya,ebo1bu1yh
Enç,ebo1xu3
Enç,eo5bo1xu3
Ender,ebo1dr
Endik,eo5ko3dk
Endülüs,ebo1dls
Eneç,ebo1xu3
Ener,ebo1r
Enerem,ebo1rm
Eneren,ebo1rbo1
Energin,ebo1rko7ybo1
Enes,ebo1s
Enfal,ebo1fo1el
Enfes,eo5bo1fo1s
Enginalp,ebo1ko7ybo1 eo6lbu3
Enginay,ebo1ko7ybo1ey
Engincan,ebo1ko7ybo1xu1ebo1
Engin,ebo1ko7ybo1
Enginel,ebo1ko7ybo1 el
Enginer,ebo1ko7ybo1r
Engineri,ebo1ko7ybo1ry
Enginiz,ebo1ko7ybo1yro1
Enginsoy,ebo1ko7ybo1zwy
Enginsu,ebo1ko7ybo1 zw
Engintalay,ebo1ko7ybo1 bo2eley
Enginün,ebo1ko7ybo1 ewko3
Enginün,ebo1ko7ybo1ko3
Enginyurt,ebo1ko7ybo1 ywrd
Engiz,ebo1ko7yro1
Engür,ebo1ko7wr
Enhar,ebo1her
Enis,ebo1ys
Enise,eo5bo1ysh
Enmutlu,ebo1mwbo2lw
Enöz,eo5bo1wro1
Enöz,eo5ko3wro1
Ensar,ebo1zer
ensar,eo5bo1zer
Ensari,ebo1zery
Ensari,eo5bo1zery
Ensarioğlu,eo5bo1zery ewao1ly
Enüstün,eo5bo1wsbo2wbo1
Enüstün,eo5ko3 eo5wsbo2wbo1
Enver,ebo1wr
Enver,eo5bo1wr
Epikmen,eo5bu3ykmbo1
Eracar,ereo6xu1er
Erakalın,ereo6fo2elybo1
Erakıncı,ereo6fo2ybo1xu1y
Eraksan,ereo6fo2sebo1
Eral,ereo6l
Eralkan,ereo6lfo2ebo1
Eralp,ereo6lbu3
Eraltay,ereo6lbo2ey
Erandaç,ereo6bo1dexu3
Eranıl,erebo1yl
Erarıcı,ereo6ryxu1y
Eraslan,ereo6slebo1
Erataman,er eo6bo2emebo1
Erat,eo5rebo2
Eratlı,ereo6bo2ly
Eraydın,ereo6ydybo1
Eray,eo5rey
Eray,erey
Erbaa,erbu1ah
Erbakan,eo5rbu1efo2ebo1
Erbaşat,erbu1eso3ebo2
Erbaş,eo5rbu1eso3
Erbaş,erbu1eso3
Erbatur,eo5rbu1etwr
Erbatur,erbu1ebo2wr
Erbay,eo5rbu1ey
Erbay,erbu1ey
Erbaz,erbu1ero1
Erbek,erbu1k
Erbelgin,erbu1lko7ybo1
Erben,erbu1bo1
Erberk,erbu1rk
Erbey,erbu1ko7
Erbeyin,erbu1yybo1
Erbilek,erbu1ylk
Erbilen,erbu1ylbo1
Erbil,erbu1yl
Erbilir,erbu1ylyr
Erboğa,erbu1wao1h
Erboy,erbu1wy
Erbuğ,erbu1wao1
Ercan,erxu1ebo1
Erce,erxu1h
Erçelebi,erxu3lbu1y
Erçelik,erxu3lyk
Erçetin,erxu3bo2ybo1
Erçevik,erxu3wyfo2
Ercihan,erxu1hebo1
Erçil,erxu3yl
Erçin,erxu3ybo1
Erciş,erxu1yso3
Ercivan,erxu1webo1
Erciyes,erxu1yys
Ercoşkun,erxu1wso3fo2wbo1
Ercüment,erxu1mbo1d
Erdağ,erdeao1
Erdağ,erteao1
Erdal,erdel
Erdek,erdk
Erdel,erdl
Erdemalp,erdm eo6lbu3
Erdemay,erdmey
Erdem,erdm
Erdemer,erdmr
Erdemgil,erdmko7yl
Erdemir,erdmyr
Erdemli,erdmly
Erdenalp,erdbo1 eo6lbu3
Erdenay,eo5rdbo1ey
Erden,eo5rdbo1
Erden,erdbo1
Erdener,eo5rdbo1r
Erdener,erdbo1r
Erdeniz,erdko3ro1
Erdeşir,erdso3yr
Erdibay,erdybu1ey
Erdibek,erdybu1k
Erdibey,erdy bu1ko7
Erdibike,erdybu1ykh
Erdibikem,erdybu1ykm
Erdi,eo5rdy
Erdilek,erdylk
Erdil,erdyl
Erdinç,erdybo1xu3
Erdin,erdybo1
Erdiner,erdybo1r
Erdir,erdyr
Erdoğan,ertwao1ebo1
Erdoğdu,ertwao1dy
Erdoğ,ertwao1
Erdoğmuş,ertwao1mso3
Erdoğru,eo5rtwao1ry
Erdölek,erdwlk
Erdöl,eo5rdwl
Erdöl,erdwl
Erdönmez,erdwbo1mro1
Erduman,eo5rdwmebo1
Erduran,erdwrebo1
Erdurdu,erdwrdw
Erdur,erdwr
Erdurmuş,erdwrmwso3
Erdursun,erdwrswbo1
Erduru,erdwrw
Ereğli,erko7ly
Ereken,erh kbo1
Erek,eo5rh k
Erek,eo5rk
Erek,erk
Erel,eo5rl
Erem,eo5rm
Erem,erm
Erenalp,erbo1 eo6lbu3
Erenay,eo5rbo1ey
Erencan,erbo1xu1ebo1
Erendemir,erbo1dmyr
Erendiz,eo5rbo1dyro1
Erenel,erbo1 eo5l
Eren,erbo1
Erener,erbo1r
Erengil,erbo1ko7yl
Erengüç,erbo1ko7wxu3
Erengül,eo5rbo1ko7l
Erengün,eo5rbo1ko7wbo1
Erenkara,erbo1fo2rh
Erenkaya,erbo1fo2eye
Erenler,erbo1lr
Erenli,erbo1ly
Erenöz,erbo1 ewro1
Erensoy,erbo1zwy
Erensü,erbo1sw
Erentürk,erbo1 bo2rk
Erenuluğ,erbo1 ewlwao1
Er,er
Erer,err
Erez,erro1
Ergalip,erao1elbu1
Ergani Mâdeni,erao1bo1y madbo1y
Ergazi,erao1ero1y
Erge,eo5rko7h
Ergem,eo5rko7m
Ergenç,erko7bo1xu3
Ergene,erko7bo1h
Ergenekon,erko7bo1h fo2wbo1
Ergeneli,erko7bo1h ly
Ergener,erko7bo1r
Ergener,erko7h bo1r
Ergen,erko7bo1
Ergezen,erko7ro1bo1
Ergi,erko7y
Ergil,erko7yl
Erginal,erko7ybo1el
Erginalp,erko7ybo1 eo6lbu3
Erginay,erko7ybo1 eo6y
Erginbay,erko7ybo1 bu1ey
Ergincan,erko7ybo1 xu1ebo1
Erginel,erko7ybo1 el
Erginer,erko7ybo1 er
Ergin,erko7ybo1
Erginsoy,erko7ybo1zwy
Ergintuğ,erko7ybo1 bo2wao1
Ergök,erko7wk
Ergökmen,erko7wkmbo1
Ergönen,erko7wbo1bo1
Ergönül,erko7wko3l
Ergör,erko7wr
Ergüç,erko7wxu3
Ergüden,erko7wdbo1
Ergüder,erko7wdr
Ergüleç,erko7wlxu3
Ergülen,erko7wlbo1
Ergüler,erko7wlr
Ergül,erko7l
Ergül,erko7wl
Ergümen,erko7wmbo1
Ergunalp,erao1wbo1 eo6lbu3
Ergünay,erko7wbo1 eo6y
Ergun,erao1wbo1
Erguner,erao1wbo1r
Ergüner,erko7wbo1r
Ergün,erko7wbo1
Ergüneş,erko7wbo1so3
Ergüney,erko7wbo1y
Erguvan,erao1webo1
Ergüvenç,erko7wwbo1xu3
Ergüven,erko7wwbo1
Erhan,erxo1ebo1
Erhun,erxo1wbo1
Eribe,erybu1h
Eriker,erykr
Erik,eryk
Erimçağ,erymxu3wao1
Erimel,eryml
Erim,eo5rym
Erimer,erymr
Erim,erym
Erimşah,erym so3eh
Erincek,erybo1xu1k
Erinç,eo5rybo1xu3
Erinçer,erybo1xu3r
Erincik,erybo1xu1yk
Erin,eo5rybo1
Eripek,ereybu3k
Erip,erybu1
Erip,erybu3
Erişen,eryso3bo1
Eriş,eo5ryso3
Eriş,eryso3
Erışık,ereyso3yfo2
Erişirgil,eryso3rko7yl
Erişken,eryso3kbo1
Erişkin,eryso3kybo1
Eriz,eryzo1
Erkal,erkel
Erkan,erkebo1
Erkanlı,erkebo1ly
Erkarslan,erk erslebo1
Erkaş,erfo2eso3
Erkaya,erfo2eye
Erkazancı,erfo2ero1ebo1xu1y
Erke,erkh
Erkel,erkl
Erker,erkr
Erk,erk
Erkılıç,erfo2ylyxu3
Erkınay,erfo2ybo1ey
Erkınel,erfo2ybo1l
Erkinel,erkybo1l
Erkiner,erkybo1r
Erkın,erfo2ybo1
Erkin,erkybo1
Erkıral,erfo2rel
Erkır,erfo2yr
Erkış,erfo2yso3
Erkman,erkmebo1
Erkmen,erkmbo1
Erkmenol,erkmbo1ewl
Erkoçak,erfo2wxu3efo2
Erkoç,erfo2wxu3
Erkol,erfo2wl
Erkovan,erfo2webo1
Erksal,erksel
Erksan,erksebo1
Erksoy,erkzwy
Erksun,erkzwbo1
Erktin,erkbo2ybo1
Erkul,erfo2wl
Erkunt,erfo2wbo1bo2
Erkurt,erfo2wrbo2
Erkuş,erfo2wso3
Erkutay,erfo2wbo2ey
Erkut,erfo2wbo2
Erkutlu,erfo2wbo2lw
Erkuyumcu,erfo2wywmxu1y
Erlik,erlyk
Erman,ermebo1
Ermenek,ermbo1ek
Ermeni,ermbo1y
Ermiş,ermso3
Ermiye,ermyyh
Ermutlu,ermwbo2lw
Erna,eo5rbo1e
Ernoyan,erbo1wyebo1
Ernur,erbo1wr
Eroğan,erewao1ebo1
Eroğan,erwao1ebo1
Eröge,erwko7h
Eroğlu,erewao1lw
Eroğlu,erewao1ly
Eroğul,erewao1wl
Eroğuz,erewao1wro1
Erokay,erewfo2ey
Erol,erwl
Eronat,erwbo1ebo2
Eron,erwbo1
Erozan,erwro1ebo1
Eröz,erwro1
Ersagun,erzeao1wbo1
Erşahan,erso3ehebo1
Ersal,ersel
Ersalmış,erzelmso3
Ersan,ersebo1
Erşan,erso3ebo1
Erşat,erso3ebo2
Ersavaş,erzeweso3
Ersav,erzew
Ersay,erzey
Ersayın,erzeyybo1
Erseç,ersxu3
Ersel,ersl
Ersen,ersbo1
Erşen,erso3bo1
Erserim,ersrym
Erşet,erso3bo2
Erseven,erswbo1
Ersever,erswr
Ersev,ersw
Ersevinç,erswybo1xu3
Ersevin,erswybo1
Ersezen,ersro1bo1
Ersezer,ersro1r
Ersin,ersybo1
Erson,erzwbo1
Ersoy,erzwy
Ersöz,erswro1
Ersü,ersw
Ersu,erzw
Ersümer,erswmr
Ersunal,erzwbo1el
Ersun,erzwbo1
Ertaç,erbo2exu3
Ertan,erbo2ebo1
Ertan,erbo2eko3
Ertaş,erteso3
Ertay,ertey
Ertaylan,erbo2eylebo1
Ertaylan,erteylebo1
Erte,erbo2h
Ertegün,erbo2h ko7wbo1
Erteke,erbo2kh
Ertek,erbo2k
Ertekin,erbo2kybo1
Ertem,erbo2m
Ertemür,erbo2mwr
Erten,erbo2bo1
Ertepınar,erbo2h bu3yko3er
Ertim,erbo2ym
Ertin,erbo2ybo1
Ertingü,erbo2ybo1ko7w
Ertok,ertwfo2
Ertop,ertwbu3
Ertöre,erbo2wrh
Ertugay,erbo2wao1ey
Ertugay,ertwao1ey
Ertuğ,erbo2wao1
Ertuğ,ertwao1
Ertuğrul,erbo2wao1rwl
Ertuğrul,ertwao1rwl
Ertuna,ertwbo1h
Ertunca,erbo2wbo1xu1h
Ertuncay,erbo2wbo1xu1ey
Ertunç,erbo2wbo1xu3
Ertün,erbo2wbo1
Ertunga,erbo2wbo1ao1h
Ertunga,ertwbo1ao1h
Erturan,ertwrebo1
Ertüre,erbo2wrh
Ertur,erbo2wr
Ertürk,erbo2rk
Ertürk,erbo2wrk
Ertut,ertwbo2
Ertüze,erbo2wro1h
Ertüzün,erbo2wro1wbo1
Eruh,erwxo1
Erülgen,erwlko7bo1
Erünal,erwbo1el
Erün,erwbo1
Erüstün,erwsbo2wbo1
Erverdi,erwrdy
Ervin,eo5rwybo1
Eryalçın,eryelxu3ybo1
Eryaman,eryemebo1
Eryavuz,eryewwro1
Eryetiş,erybo2yso3
Eryiğit,eryyko7ybo2
Eryıldız,eryyldyro1
Eryılmaz,eryylmero1
Eryurt,erywrd
Erzade,erro1edh
Erzan,erro1ebo1
Erzi,erro1y
Erzik,erro1yk
erzincan,eo5rro1bo1xu1ebo1
Erzincan,erro1bo1xu1ebo1
Erzin,erro1ybo1
erzurum,eo5rzo1rwm
Erzurum,erzo1rwm
Erzurumlu,erzo1rwmly
Erzurumluoğlu,erzo1rwmly ewao1ly
Esat,esad
Esatoğlu,esad ewao1ly
Eşay,eo5so3ey
Esedullah,esdellh
Ese,esh
Eşe,eso3h
Esenbay,esbo1bu1ey
Esenbel,esbo1bu1l
Esenboğa,esbo1bu1wao1h
Esendağ,esbo1deao1
Esendağ,esbo1teao1
Esendal,esbo1del
Esendal,esbo1 del
Esendemir,esbo1dmyr
Esenel,esbo1 eo5l
Esener,esbo1 eo5r
Esener,esbo1 er
Esen,esbo1
Esengin,esbo1ko7ybo1
Esengül,esbo1ko7l
Esengün,esbo1ko7wbo1
Esenkal,esbo1fo2el
Esenkul,esbo1fo2wl
Esentimur,esbo1bo2ymwr
Esentürk,esbo1 bo2wrk
Eser,ebo3r
Eser,esr
Esergül,ebo3rko7l
Esertaş,esrtso3
Eşfak,eso3fo1efo2
Esim,ebo3ym
Eşim,eso3ym
Esim,esym
Esiner,esybo1 eo5r
Eşin,eso3ybo1
Esin,esybo1
Eşit,eso3ybo2
Eskinalp,eskybo1 eo6lbu3
Eskin,eskybo1
Eşkin,eso3kybo1
Eskişehir,eskyso3hr
Eslek,eslk
Esma,esme
Esmahan,esmexo1ebo1
Eşme,eo5so3mh
Eşmen,eso3mbo1
Esmeray,esmrey
Esmer,esmr
Esna,ebo3bo1e
Esra,esrbu2
Eşraf,eso3refo1
Eşref,eso3rfo1
Esvet,eswd
Etçioğlu,eybo2xu1y ewao1ly
Ete,eybo2h
Ethem,edhm
Eti,ebo2y
Eti,eo5bo2y
Etike,eo5bo2ykh
Etik,eo5bo2yk
Etili,ebo2yly
Evcan,eo5wxu1ebo1
Evci,eo5wxu1y
Evcil,eo5wxu1yl
Evcimen,eo5wxu1ymbo1
Evcin,eo5wxu1ybo1
Evdegül,eo5wdh ko7l
Evecen,eo5wh xu1bo1
Evgin,ewko7ybo1
Evhat,eo5wxo1t
Evin,eo5wybo1
Evirgen,eo5wyrko7bo1
Evliya,eo5wlye
Evliya,ewlye
Evliyagil,eo5wlyeko7yl
Evliyaoğlu,ewlye ewao1ly
Evnur,eo5wbo1wr
Evran,eo5wrebo1
Evrenata,eo5wrbo1 eo6bo2e
Evren,eo5wrbo1
Evrensel,eo5wrbo1sl
Evrim,eo5wrym
Evrimer,eo5wrymr
Evsen,eo5wsbo1
Evşen,eo5wso3bo1
Eyidoğan,eyy twao1ebo1
Eylem,eo5ylm
Eylem,eylm
Eylül,eylwl
Eymen,eo5ymbo1
Eymir,eo5ymyr
Eyüboğlu,eywbu1 ewao1ly
Eyüp,eywbu1
Eyüpoğlu,eywbu1 ewao1ly
Eyyam,eyyem
eyyûb,eo5ywbu1
Eyyüboğlu,eywbu1 ewao1ly
Ezel,ero1l
Ezelhan,ero1lxo1ebo1
Ezelî,ero1ly
Ezgi,ero1ko7y
Ezgin,ero1ko7ybo1
Ezgü,eo5ro1ko7w
Ezgüer,ero1ko7weo5r
Ezgü,ero1ko7w
Ezgütekin,ero1ko7wbo2kybo1
Ezine,ero1ybo1h
Ezman,ero1mebo1
